datetime,open,high,low,close,volume
2026-07-07T19:00:00+00:00,53013.56,53023.06,52968.56,52987.06,3811
2026-07-07T19:05:00+00:00,52987.06,52988.06,52953.06,52961.06,3121
2026-07-07T19:10:00+00:00,52961.06,52971.56,52949.06,52963.06,2580
2026-07-07T19:15:00+00:00,52963.06,52983.06,52937.56,52973.56,3618
2026-07-07T19:20:00+00:00,52973.56,53012.06,52959.06,53012.06,3790
2026-07-07T19:25:00+00:00,53012.06,53016.06,52954.06,52961.06,2777
2026-07-07T19:30:00+00:00,52961.06,52969.06,52941.06,52962.06,3320
2026-07-07T19:35:00+00:00,52962.06,52985.06,52951.56,52972.56,2427
2026-07-07T19:40:00+00:00,52972.56,52981.06,52959.56,52971.06,2101
2026-07-07T19:45:00+00:00,52971.06,53016.06,52971.06,53014.06,2507
2026-07-07T19:50:00+00:00,53014.06,53061.06,53011.06,53061.06,3441
2026-07-07T19:55:00+00:00,53061.06,53078.56,52998.06,53022.06,4546
2026-07-07T20:00:00+00:00,53022.06,53025.20999999999,52986.20999999999,53002.20999999999,1830
2026-07-07T20:05:00+00:00,53002.20999999999,53012.70999999999,52981.70999999999,53011.20999999999,939
2026-07-07T20:10:00+00:00,53011.20999999999,53011.20999999999,52965.20999999999,52985.70999999999,1139
2026-07-07T20:15:00+00:00,52985.70999999999,53002.70999999999,52965.95999999999,52991.20999999999,745
2026-07-07T20:20:00+00:00,52991.20999999999,52997.20999999999,52982.70999999999,52987.20999999999,499
2026-07-07T20:25:00+00:00,52987.20999999999,52999.20999999999,52981.20999999999,52985.70999999999,331
2026-07-07T20:30:00+00:00,52985.70999999999,52989.70999999999,52979.20999999999,52982.20999999999,304
2026-07-07T20:35:00+00:00,52982.20999999999,52992.70999999999,52981.20999999999,52991.70999999999,222
2026-07-07T20:40:00+00:00,52991.70999999999,52993.20999999999,52983.70999999999,52984.70999999999,149
2026-07-07T20:45:00+00:00,52984.70999999999,52990.20999999999,52981.70999999999,52983.20999999999,203
2026-07-07T20:50:00+00:00,52983.20999999999,53001.20999999999,52981.70999999999,52997.20999999999,214
2026-07-07T20:55:00+00:00,52997.20999999999,53015.20999999999,52990.20999999999,53014.95999999999,331
2026-07-07T22:00:00+00:00,53014.95999999999,53017.20999999999,52944.95999999999,53001.70999999999,2163
2026-07-07T22:05:00+00:00,53001.70999999999,53008.20999999999,52987.20999999999,52988.20999999999,876
2026-07-07T22:10:00+00:00,52988.20999999999,52997.70999999999,52983.70999999999,52993.20999999999,451
2026-07-07T22:15:00+00:00,52993.20999999999,53004.70999999999,52990.20999999999,53003.70999999999,306
2026-07-07T22:20:00+00:00,53003.70999999999,53005.70999999999,52995.70999999999,53003.70999999999,435
2026-07-07T22:25:00+00:00,53003.70999999999,53005.20999999999,52992.70999999999,53001.70999999999,313
2026-07-07T22:30:00+00:00,53001.70999999999,53010.70999999999,52994.70999999999,53008.70999999999,348
2026-07-07T22:35:00+00:00,53008.70999999999,53012.20999999999,52983.20999999999,52989.70999999999,455
2026-07-07T22:40:00+00:00,52989.70999999999,52990.70999999999,52978.70999999999,52980.70999999999,530
2026-07-07T22:45:00+00:00,52980.70999999999,52993.70999999999,52974.20999999999,52991.70999999999,359
2026-07-07T22:50:00+00:00,52991.70999999999,52998.70999999999,52986.20999999999,52995.70999999999,261
2026-07-07T22:55:00+00:00,52995.70999999999,53007.70999999999,52993.20999999999,52993.70999999999,409
2026-07-07T23:00:00+00:00,52993.70999999999,53002.20999999999,52981.20999999999,52986.20999999999,388
2026-07-07T23:05:00+00:00,52986.20999999999,52990.20999999999,52981.20999999999,52984.20999999999,391
2026-07-07T23:10:00+00:00,52984.20999999999,52991.20999999999,52975.20999999999,52990.20999999999,297
2026-07-07T23:15:00+00:00,52990.20999999999,53020.70999999999,52988.20999999999,53016.20999999999,392
2026-07-07T23:20:00+00:00,53016.20999999999,53017.20999999999,52998.20999999999,52999.20999999999,265
2026-07-07T23:25:00+00:00,52999.20999999999,53006.70999999999,52991.20999999999,53004.70999999999,208
2026-07-07T23:30:00+00:00,53004.70999999999,53009.70999999999,52993.20999999999,52996.20999999999,275
2026-07-07T23:35:00+00:00,52996.20999999999,53002.20999999999,52981.70999999999,52988.70999999999,360
2026-07-07T23:40:00+00:00,52988.70999999999,52988.70999999999,52975.70999999999,52982.20999999999,309
2026-07-07T23:45:00+00:00,52982.20999999999,53000.20999999999,52979.20999999999,52990.20999999999,766
2026-07-07T23:50:00+00:00,52990.20999999999,52993.20999999999,52966.70999999999,52974.20999999999,467
2026-07-07T23:55:00+00:00,52974.20999999999,52976.20999999999,52955.20999999999,52959.70999999999,518
2026-07-08T00:00:00+00:00,52959.70999999999,52968.20999999999,52918.20999999999,52946.70999999999,1711
2026-07-08T00:05:00+00:00,52946.70999999999,52967.20999999999,52930.70999999999,52943.20999999999,1871
2026-07-08T00:10:00+00:00,52943.20999999999,52950.20999999999,52927.20999999999,52931.70999999999,1479
2026-07-08T00:15:00+00:00,52931.70999999999,52956.20999999999,52928.70999999999,52940.70999999999,1794
2026-07-08T00:20:00+00:00,52940.70999999999,52980.70999999999,52930.70999999999,52976.70999999999,1648
2026-07-08T00:25:00+00:00,52976.70999999999,52976.70999999999,52946.20999999999,52960.20999999999,1366
2026-07-08T00:30:00+00:00,52960.20999999999,52967.20999999999,52950.20999999999,52960.20999999999,1213
2026-07-08T00:35:00+00:00,52960.20999999999,52990.20999999999,52954.20999999999,52987.70999999999,713
2026-07-08T00:40:00+00:00,52987.70999999999,53001.70999999999,52983.20999999999,52996.20999999999,781
2026-07-08T00:45:00+00:00,52996.20999999999,53004.20999999999,52989.70999999999,52995.20999999999,868
2026-07-08T00:50:00+00:00,52995.20999999999,53011.20999999999,52992.20999999999,53000.20999999999,672
2026-07-08T00:55:00+00:00,53000.20999999999,53020.20999999999,52996.70999999999,53019.70999999999,534
2026-07-08T01:00:00+00:00,53019.70999999999,53031.70999999999,53012.70999999999,53022.70999999999,794
2026-07-08T01:05:00+00:00,53022.70999999999,53023.70999999999,52998.70999999999,53003.20999999999,808
2026-07-08T01:10:00+00:00,53003.20999999999,53021.20999999999,53001.20999999999,53019.70999999999,602
2026-07-08T01:15:00+00:00,53019.70999999999,53019.70999999999,53007.20999999999,53015.20999999999,473
2026-07-08T01:20:00+00:00,53015.20999999999,53015.20999999999,52995.20999999999,52998.70999999999,547
2026-07-08T01:25:00+00:00,52998.70999999999,53006.20999999999,52992.20999999999,52996.70999999999,497
2026-07-08T01:30:00+00:00,52996.70999999999,53006.20999999999,52992.70999999999,52999.20999999999,697
2026-07-08T01:35:00+00:00,52999.20999999999,53001.20999999999,52980.20999999999,52990.70999999999,657
2026-07-08T01:40:00+00:00,52990.70999999999,52996.70999999999,52979.20999999999,52989.20999999999,779
2026-07-08T01:45:00+00:00,52989.20999999999,53006.70999999999,52988.20999999999,53001.70999999999,752
2026-07-08T01:50:00+00:00,53001.70999999999,53005.70999999999,52989.20999999999,52990.70999999999,495
2026-07-08T01:55:00+00:00,52990.70999999999,52999.20999999999,52987.20999999999,52989.70999999999,500
2026-07-08T02:00:00+00:00,52989.70999999999,52997.20999999999,52974.20999999999,52979.70999999999,738
2026-07-08T02:05:00+00:00,52979.70999999999,52981.20999999999,52967.70999999999,52978.20999999999,495
2026-07-08T02:10:00+00:00,52978.20999999999,52979.70999999999,52960.70999999999,52960.70999999999,404
2026-07-08T02:15:00+00:00,52960.70999999999,52966.20999999999,52949.20999999999,52953.70999999999,454
2026-07-08T02:20:00+00:00,52953.70999999999,52959.70999999999,52943.70999999999,52954.70999999999,488
2026-07-08T02:25:00+00:00,52954.70999999999,52963.70999999999,52940.20999999999,52948.70999999999,600
2026-07-08T02:30:00+00:00,52948.70999999999,52952.20999999999,52937.70999999999,52951.20999999999,524
2026-07-08T02:35:00+00:00,52951.20999999999,52953.70999999999,52943.70999999999,52952.70999999999,372
2026-07-08T02:40:00+00:00,52952.70999999999,52964.20999999999,52947.70999999999,52964.20999999999,407
2026-07-08T02:45:00+00:00,52964.20999999999,52971.70999999999,52960.70999999999,52968.70999999999,392
2026-07-08T02:50:00+00:00,52968.70999999999,52970.70999999999,52959.20999999999,52964.70999999999,337
2026-07-08T02:55:00+00:00,52964.70999999999,52967.70999999999,52956.70999999999,52962.20999999999,258
2026-07-08T03:00:00+00:00,52962.20999999999,52970.20999999999,52962.20999999999,52968.70999999999,318
2026-07-08T03:05:00+00:00,52968.70999999999,52972.20999999999,52961.70999999999,52965.20999999999,267
2026-07-08T03:10:00+00:00,52965.20999999999,52976.70999999999,52962.70999999999,52969.70999999999,287
2026-07-08T03:15:00+00:00,52969.70999999999,52974.20999999999,52963.20999999999,52966.70999999999,193
2026-07-08T03:20:00+00:00,52966.70999999999,52978.20999999999,52964.70999999999,52973.70999999999,224
2026-07-08T03:25:00+00:00,52973.70999999999,52990.20999999999,52972.70999999999,52988.70999999999,268
2026-07-08T03:30:00+00:00,52988.70999999999,52995.70999999999,52976.20999999999,52980.20999999999,455
2026-07-08T03:35:00+00:00,52980.20999999999,52983.70999999999,52975.20999999999,52979.20999999999,308
2026-07-08T03:40:00+00:00,52979.20999999999,52979.70999999999,52965.70999999999,52966.20999999999,288
2026-07-08T03:45:00+00:00,52966.20999999999,52971.20999999999,52960.20999999999,52968.70999999999,322
2026-07-08T03:50:00+00:00,52968.70999999999,52972.20999999999,52964.20999999999,52966.70999999999,331
2026-07-08T03:55:00+00:00,52966.70999999999,52968.20999999999,52960.20999999999,52962.70999999999,300
2026-07-08T04:00:00+00:00,52962.70999999999,52964.20999999999,52954.20999999999,52957.70999999999,395
2026-07-08T04:05:00+00:00,52957.70999999999,52968.20999999999,52956.70999999999,52966.20999999999,333
2026-07-08T04:10:00+00:00,52966.20999999999,52966.20999999999,52953.70999999999,52958.20999999999,334
2026-07-08T04:15:00+00:00,52958.20999999999,52962.70999999999,52954.70999999999,52957.20999999999,394
2026-07-08T04:20:00+00:00,52957.20999999999,52982.70999999999,52957.20999999999,52981.70999999999,420
2026-07-08T04:25:00+00:00,52981.70999999999,52981.70999999999,52974.20999999999,52979.70999999999,284
2026-07-08T04:30:00+00:00,52979.70999999999,52989.70999999999,52972.70999999999,52977.70999999999,356
2026-07-08T04:35:00+00:00,52977.70999999999,52982.20999999999,52966.20999999999,52973.70999999999,399
2026-07-08T04:40:00+00:00,52973.70999999999,52983.70999999999,52971.70999999999,52981.20999999999,388
2026-07-08T04:45:00+00:00,52981.20999999999,52992.20999999999,52977.20999999999,52982.20999999999,378
2026-07-08T04:50:00+00:00,52982.20999999999,52982.20999999999,52971.70999999999,52972.20999999999,315
2026-07-08T04:55:00+00:00,52972.20999999999,52981.70999999999,52967.20999999999,52979.20999999999,511
2026-07-08T05:00:00+00:00,52979.20999999999,52989.20999999999,52968.20999999999,52970.20999999999,664
2026-07-08T05:05:00+00:00,52970.20999999999,52987.20999999999,52970.20999999999,52975.70999999999,383
2026-07-08T05:10:00+00:00,52975.70999999999,52976.20999999999,52964.20999999999,52964.20999999999,428
2026-07-08T05:15:00+00:00,52964.20999999999,52974.20999999999,52955.70999999999,52963.70999999999,449
2026-07-08T05:20:00+00:00,52963.70999999999,52966.20999999999,52951.70999999999,52953.70999999999,464
2026-07-08T05:25:00+00:00,52953.70999999999,52961.20999999999,52948.20999999999,52956.20999999999,492
2026-07-08T05:30:00+00:00,52956.20999999999,52957.20999999999,52937.20999999999,52943.70999999999,473
2026-07-08T05:35:00+00:00,52943.70999999999,52947.70999999999,52937.70999999999,52945.70999999999,444
2026-07-08T05:40:00+00:00,52945.70999999999,52959.70999999999,52941.20999999999,52946.20999999999,587
2026-07-08T05:45:00+00:00,52946.20999999999,52949.20999999999,52925.70999999999,52925.70999999999,463
2026-07-08T05:50:00+00:00,52925.70999999999,52932.20999999999,52916.20999999999,52931.20999999999,627
2026-07-08T05:55:00+00:00,52931.20999999999,52948.20999999999,52931.20999999999,52938.70999999999,651
2026-07-08T06:00:00+00:00,52938.70999999999,52941.20999999999,52924.70999999999,52927.20999999999,722
2026-07-08T06:05:00+00:00,52927.20999999999,52928.70999999999,52918.20999999999,52925.70999999999,559
2026-07-08T06:10:00+00:00,52925.70999999999,52929.20999999999,52906.70999999999,52909.70999999999,460
2026-07-08T06:15:00+00:00,52909.70999999999,52921.70999999999,52909.70999999999,52915.70999999999,537
2026-07-08T06:20:00+00:00,52915.70999999999,52935.70999999999,52905.20999999999,52935.20999999999,642
2026-07-08T06:25:00+00:00,52935.20999999999,52940.20999999999,52913.70999999999,52915.20999999999,628
2026-07-08T06:30:00+00:00,52915.20999999999,52922.20999999999,52887.70999999999,52893.70999999999,877
2026-07-08T06:35:00+00:00,52893.70999999999,52894.70999999999,52872.70999999999,52875.70999999999,510
2026-07-08T06:40:00+00:00,52875.70999999999,52883.70999999999,52859.70999999999,52861.70999999999,594
2026-07-08T06:45:00+00:00,52861.70999999999,52872.20999999999,52847.70999999999,52871.20999999999,719
2026-07-08T06:50:00+00:00,52871.20999999999,52893.20999999999,52870.70999999999,52888.20999999999,635
2026-07-08T06:55:00+00:00,52888.20999999999,52888.20999999999,52868.70999999999,52879.20999999999,559
2026-07-08T07:00:00+00:00,52879.20999999999,52884.20999999999,52822.70999999999,52829.20999999999,1385
2026-07-08T07:05:00+00:00,52829.20999999999,52832.70999999999,52810.70999999999,52830.20999999999,1280
2026-07-08T07:10:00+00:00,52830.20999999999,52843.20999999999,52822.20999999999,52834.20999999999,1207
2026-07-08T07:15:00+00:00,52834.20999999999,52852.20999999999,52813.20999999999,52816.20999999999,1161
2026-07-08T07:20:00+00:00,52816.20999999999,52839.20999999999,52801.20999999999,52837.20999999999,1164
2026-07-08T07:25:00+00:00,52837.20999999999,52851.20999999999,52828.70999999999,52847.20999999999,1322
2026-07-08T07:30:00+00:00,52847.20999999999,52868.20999999999,52845.20999999999,52862.20999999999,1042
2026-07-08T07:35:00+00:00,52862.20999999999,52865.20999999999,52824.20999999999,52825.70999999999,926
2026-07-08T07:40:00+00:00,52825.70999999999,52853.20999999999,52825.70999999999,52853.20999999999,772
2026-07-08T07:45:00+00:00,52853.20999999999,52854.20999999999,52826.20999999999,52838.20999999999,947
2026-07-08T07:50:00+00:00,52838.20999999999,52841.20999999999,52815.20999999999,52821.20999999999,630
2026-07-08T07:55:00+00:00,52821.20999999999,52821.70999999999,52810.20999999999,52818.70999999999,527
2026-07-08T08:00:00+00:00,52818.70999999999,52830.20999999999,52807.20999999999,52808.70999999999,1170
2026-07-08T08:05:00+00:00,52808.70999999999,52826.20999999999,52803.70999999999,52824.20999999999,926
2026-07-08T08:10:00+00:00,52824.20999999999,52833.20999999999,52809.20999999999,52818.20999999999,992
2026-07-08T08:15:00+00:00,52818.20999999999,52824.20999999999,52608.20999999999,52664.70999999999,8889
2026-07-08T08:20:00+00:00,52664.70999999999,52691.70999999999,52584.70999999999,52593.70999999999,5605
2026-07-08T08:25:00+00:00,52593.70999999999,52595.20999999999,52507.70999999999,52511.20999999999,5503
2026-07-08T08:30:00+00:00,52511.20999999999,52518.20999999999,52446.70999999999,52472.20999999999,5083
2026-07-08T08:35:00+00:00,52472.20999999999,52487.20999999999,52393.20999999999,52408.20999999999,4357
2026-07-08T08:40:00+00:00,52408.20999999999,52432.70999999999,52387.70999999999,52428.20999999999,4079
2026-07-08T08:45:00+00:00,52428.20999999999,52452.70999999999,52418.20999999999,52421.70999999999,3370
2026-07-08T08:50:00+00:00,52421.70999999999,52454.70999999999,52406.20999999999,52423.70999999999,2384
2026-07-08T08:55:00+00:00,52423.70999999999,52452.20999999999,52367.20999999999,52375.20999999999,2352
2026-07-08T09:00:00+00:00,52375.20999999999,52378.20999999999,52324.70999999999,52333.70999999999,2846
2026-07-08T09:05:00+00:00,52333.70999999999,52344.70999999999,52311.70999999999,52320.20999999999,2375
2026-07-08T09:10:00+00:00,52320.20999999999,52360.20999999999,52303.20999999999,52303.70999999999,2386
2026-07-08T09:15:00+00:00,52303.70999999999,52349.20999999999,52293.70999999999,52344.20999999999,2487
2026-07-08T09:20:00+00:00,52344.20999999999,52367.20999999999,52333.20999999999,52342.20999999999,2498
2026-07-08T09:25:00+00:00,52342.20999999999,52351.70999999999,52321.20999999999,52341.70999999999,1801
2026-07-08T09:30:00+00:00,52341.70999999999,52373.70999999999,52330.20999999999,52371.20999999999,1563
2026-07-08T09:35:00+00:00,52371.20999999999,52399.20999999999,52343.70999999999,52365.20999999999,1746
2026-07-08T09:40:00+00:00,52365.20999999999,52366.20999999999,52329.20999999999,52364.20999999999,1781
2026-07-08T09:45:00+00:00,52364.20999999999,52366.20999999999,52332.20999999999,52351.20999999999,1364
2026-07-08T09:50:00+00:00,52351.20999999999,52371.70999999999,52332.20999999999,52351.70999999999,1377
2026-07-08T09:55:00+00:00,52351.70999999999,52353.20999999999,52313.20999999999,52324.20999999999,1670
2026-07-08T10:00:00+00:00,52324.20999999999,52333.20999999999,52299.70999999999,52315.20999999999,1645
2026-07-08T10:05:00+00:00,52315.20999999999,52320.20999999999,52293.20999999999,52315.20999999999,1324
2026-07-08T10:10:00+00:00,52315.20999999999,52327.20999999999,52292.70999999999,52319.20999999999,1497
2026-07-08T10:15:00+00:00,52319.20999999999,52338.20999999999,52300.70999999999,52336.20999999999,1269
2026-07-08T10:20:00+00:00,52336.20999999999,52356.20999999999,52335.20999999999,52338.20999999999,1476
2026-07-08T10:25:00+00:00,52338.20999999999,52380.20999999999,52337.20999999999,52379.20999999999,1064
2026-07-08T10:30:00+00:00,52379.20999999999,52435.70999999999,52360.70999999999,52432.20999999999,2178
2026-07-08T10:35:00+00:00,52432.20999999999,52457.20999999999,52431.20999999999,52448.70999999999,1978
2026-07-08T10:40:00+00:00,52448.70999999999,52457.70999999999,52439.70999999999,52457.20999999999,1283
2026-07-08T10:45:00+00:00,52457.20999999999,52472.20999999999,52435.20999999999,52443.20999999999,1163
2026-07-08T10:50:00+00:00,52443.20999999999,52464.70999999999,52443.20999999999,52459.70999999999,1108
2026-07-08T10:55:00+00:00,52459.70999999999,52484.20999999999,52444.20999999999,52446.70999999999,1505
2026-07-08T11:00:00+00:00,52446.70999999999,52467.70999999999,52432.20999999999,52456.70999999999,1782
2026-07-08T11:05:00+00:00,52456.70999999999,52476.20999999999,52443.20999999999,52451.20999999999,1303
2026-07-08T11:10:00+00:00,52451.20999999999,52459.70999999999,52433.20999999999,52445.70999999999,1110
2026-07-08T11:15:00+00:00,52445.70999999999,52452.20999999999,52427.20999999999,52445.70999999999,918
2026-07-08T11:20:00+00:00,52445.70999999999,52448.20999999999,52396.20999999999,52405.20999999999,1048
2026-07-08T11:25:00+00:00,52405.20999999999,52430.70999999999,52405.20999999999,52430.20999999999,897
2026-07-08T11:30:00+00:00,52430.20999999999,52461.20999999999,52415.20999999999,52461.20999999999,1070
2026-07-08T11:35:00+00:00,52461.20999999999,52473.70999999999,52427.70999999999,52434.20999999999,1230
2026-07-08T11:40:00+00:00,52434.20999999999,52594.20999999999,52429.20999999999,52523.20999999999,5675
2026-07-08T11:45:00+00:00,52523.20999999999,52548.20999999999,52502.70999999999,52508.20999999999,3092
2026-07-08T11:50:00+00:00,52508.20999999999,52534.20999999999,52493.20999999999,52531.20999999999,1682
2026-07-08T11:55:00+00:00,52531.20999999999,52555.20999999999,52508.20999999999,52514.20999999999,1863
2026-07-08T12:00:00+00:00,52514.20999999999,52531.20999999999,52478.70999999999,52529.20999999999,1780
2026-07-08T12:05:00+00:00,52529.20999999999,52596.20999999999,52529.20999999999,52580.20999999999,2273
2026-07-08T12:10:00+00:00,52580.20999999999,52610.20999999999,52580.20999999999,52591.70999999999,1581
2026-07-08T12:15:00+00:00,52591.70999999999,52619.20999999999,52584.20999999999,52613.20999999999,1394
2026-07-08T12:20:00+00:00,52613.20999999999,52615.70999999999,52566.20999999999,52566.70999999999,1237
2026-07-08T12:25:00+00:00,52566.70999999999,52620.70999999999,52560.70999999999,52615.70999999999,1366
2026-07-08T12:30:00+00:00,52615.70999999999,52640.70999999999,52582.20999999999,52590.20999999999,1644
2026-07-08T12:35:00+00:00,52590.20999999999,52608.70999999999,52587.20999999999,52598.20999999999,1111
2026-07-08T12:40:00+00:00,52598.20999999999,52599.20999999999,52578.20999999999,52596.20999999999,1059
2026-07-08T12:45:00+00:00,52596.20999999999,52598.20999999999,52561.70999999999,52567.20999999999,1068
2026-07-08T12:50:00+00:00,52567.20999999999,52600.20999999999,52564.20999999999,52594.20999999999,1089
2026-07-08T12:55:00+00:00,52594.20999999999,52612.20999999999,52517.20999999999,52520.70999999999,3810
2026-07-08T13:00:00+00:00,52520.70999999999,52551.70999999999,52517.20999999999,52544.20999999999,2375
2026-07-08T13:05:00+00:00,52544.20999999999,52549.20999999999,52516.20999999999,52541.70999999999,2211
2026-07-08T13:10:00+00:00,52541.70999999999,52588.70999999999,52525.70999999999,52575.20999999999,2186
2026-07-08T13:15:00+00:00,52575.20999999999,52575.70999999999,52536.70999999999,52537.20999999999,1798
2026-07-08T13:20:00+00:00,52537.20999999999,52543.70999999999,52514.70999999999,52543.20999999999,1255
2026-07-08T13:25:00+00:00,52543.20999999999,52566.70999999999,52469.95999999999,52497.20999999999,2979
2026-07-08T13:30:00+00:00,52497.20999999999,52574.06,52425.56,52537.06,15782
2026-07-08T13:35:00+00:00,52537.06,52576.56,52481.56,52567.06,12346
2026-07-08T13:40:00+00:00,52567.06,52618.06,52537.06,52568.06,9518
2026-07-08T13:45:00+00:00,52568.06,52592.06,52516.06,52523.56,8391
2026-07-08T13:50:00+00:00,52523.56,52552.56,52483.06,52497.56,9880
2026-07-08T13:55:00+00:00,52497.56,52541.06,52464.06,52482.06,9319
2026-07-08T14:00:00+00:00,52482.06,52517.06,52458.56,52500.56,9347
2026-07-08T14:05:00+00:00,52500.56,52571.06,52497.06,52523.56,7759
2026-07-08T14:10:00+00:00,52523.56,52534.06,52440.56,52446.06,7096
2026-07-08T14:15:00+00:00,52446.06,52450.06,52356.56,52381.06,8371
2026-07-08T14:20:00+00:00,52381.06,52484.06,52369.06,52438.06,9111
2026-07-08T14:25:00+00:00,52438.06,52465.06,52357.06,52390.56,8640
2026-07-08T14:30:00+00:00,52390.56,52420.06,52365.06,52392.56,8121
2026-07-08T14:35:00+00:00,52392.56,52398.06,52312.06,52317.06,7310
2026-07-08T14:40:00+00:00,52317.06,52352.06,52305.56,52329.06,6708
2026-07-08T14:45:00+00:00,52329.06,52331.56,52264.56,52267.56,5329
2026-07-08T14:50:00+00:00,52267.56,52324.06,52246.06,52288.06,8150
2026-07-08T14:55:00+00:00,52288.06,52298.56,52263.56,52290.06,5711
2026-07-08T15:00:00+00:00,52290.06,52300.06,52236.06,52250.06,4822
2026-07-08T15:05:00+00:00,52250.06,52269.06,52223.06,52240.06,4750
2026-07-08T15:10:00+00:00,52240.06,52274.06,52235.06,52261.06,3966
2026-07-08T15:15:00+00:00,52261.06,52289.06,52215.06,52281.06,5683
2026-07-08T15:20:00+00:00,52281.06,52300.06,52207.06,52215.56,5152
2026-07-08T15:25:00+00:00,52215.56,52225.06,52181.06,52201.06,5813
2026-07-08T15:30:00+00:00,52201.06,52230.56,52166.56,52224.06,6198
2026-07-08T15:35:00+00:00,52224.06,52237.06,52189.56,52192.06,5238
2026-07-08T15:40:00+00:00,52192.06,52229.06,52192.06,52202.06,3886
2026-07-08T15:45:00+00:00,52202.06,52221.06,52183.06,52200.06,3794
2026-07-08T15:50:00+00:00,52200.06,52215.56,52181.56,52215.06,3093
2026-07-08T15:55:00+00:00,52215.06,52223.56,52191.06,52208.56,3725
2026-07-08T16:00:00+00:00,52208.56,52254.06,52208.06,52250.06,3868
2026-07-08T16:05:00+00:00,52250.06,52291.06,52246.06,52285.56,3950
2026-07-08T16:10:00+00:00,52285.56,52326.56,52284.56,52304.56,3300
2026-07-08T16:15:00+00:00,52304.56,52336.06,52295.06,52327.06,3097
2026-07-08T16:20:00+00:00,52327.06,52345.06,52300.56,52311.06,3132
2026-07-08T16:25:00+00:00,52311.06,52352.06,52305.56,52338.06,3061
2026-07-08T16:30:00+00:00,52338.06,52375.06,52320.56,52324.06,3013
2026-07-08T16:35:00+00:00,52324.06,52356.06,52289.06,52339.06,4435
2026-07-08T16:40:00+00:00,52339.06,52411.56,52320.06,52397.56,6938
2026-07-08T16:45:00+00:00,52397.56,52415.56,52377.06,52413.06,3657
2026-07-08T16:50:00+00:00,52413.06,52436.06,52404.06,52414.06,2977
2026-07-08T16:55:00+00:00,52414.06,52431.56,52405.06,52411.06,2398
2026-07-08T17:00:00+00:00,52411.06,52425.06,52388.56,52422.56,2619
2026-07-08T17:05:00+00:00,52422.56,52445.56,52395.06,52403.06,2471
2026-07-08T17:10:00+00:00,52403.06,52431.56,52387.56,52412.06,2401
2026-07-08T17:15:00+00:00,52412.06,52457.06,52411.56,52452.06,1926
2026-07-08T17:20:00+00:00,52452.06,52482.06,52449.06,52480.06,2760
2026-07-08T17:25:00+00:00,52480.06,52494.06,52464.06,52487.06,2336
2026-07-08T17:30:00+00:00,52487.06,52515.06,52481.06,52484.06,2313
2026-07-08T17:35:00+00:00,52484.06,52486.06,52447.06,52449.56,2090
2026-07-08T17:40:00+00:00,52449.56,52459.06,52438.56,52452.56,2038
2026-07-08T17:45:00+00:00,52452.56,52457.06,52413.06,52421.06,2185
2026-07-08T17:50:00+00:00,52421.06,52441.06,52414.06,52428.56,2127
2026-07-08T17:55:00+00:00,52428.56,52428.56,52402.06,52422.56,1845
2026-07-08T18:00:00+00:00,52422.56,52468.06,52399.56,52457.06,3973
2026-07-08T18:05:00+00:00,52457.06,52469.06,52439.56,52456.56,2314.9492847854353
2026-07-08T18:10:00+00:00,52456.56,52486.56,52435.06,52475.56,2023
2026-07-08T18:15:00+00:00,52475.56,52488.06,52431.06,52455.56,1992
2026-07-08T18:20:00+00:00,52455.56,52481.56,52442.06,52462.56,1777
2026-07-08T18:25:00+00:00,52462.56,52483.56,52455.06,52457.56,1674
2026-07-08T18:30:00+00:00,52457.56,52468.06,52440.06,52451.56,2076
2026-07-08T18:35:00+00:00,52451.56,52485.56,52439.06,52483.06,2153
2026-07-08T18:40:00+00:00,52483.06,52490.06,52454.56,52486.56,2000
2026-07-08T18:45:00+00:00,52486.56,52500.56,52468.56,52496.56,1571
2026-07-08T18:50:00+00:00,52496.56,52504.06,52476.56,52480.56,1924
2026-07-08T18:55:00+00:00,52480.56,52483.56,52461.56,52479.56,1688
2026-07-08T19:00:00+00:00,52479.56,52492.56,52454.56,52463.56,2153
2026-07-08T19:05:00+00:00,52463.56,52483.56,52448.56,52470.56,1735
2026-07-08T19:10:00+00:00,52470.56,52472.06,52440.56,52449.56,1708
2026-07-08T19:15:00+00:00,52449.56,52481.56,52449.06,52456.56,1601
2026-07-08T19:20:00+00:00,52456.56,52479.56,52453.56,52459.56,1617
2026-07-08T19:25:00+00:00,52459.56,52469.06,52451.56,52459.06,1598
2026-07-08T19:30:00+00:00,52459.06,52468.56,52428.56,52433.56,2164
2026-07-08T19:35:00+00:00,52433.56,52454.06,52429.56,52445.06,1855
2026-07-08T19:40:00+00:00,52445.06,52462.56,52429.06,52461.56,1632
2026-07-08T19:45:00+00:00,52461.56,52464.56,52398.56,52424.06,3114
2026-07-08T19:50:00+00:00,52424.06,52474.56,52410.45999999999,52472.56,3311
2026-07-08T19:55:00+00:00,52472.56,52484.56,52436.06,52445.56,4561
2026-07-08T20:00:00+00:00,52445.56,52450.70999999999,52415.20999999999,52428.70999999999,1796
2026-07-08T20:05:00+00:00,52428.70999999999,52431.20999999999,52416.70999999999,52426.70999999999,880
2026-07-08T20:10:00+00:00,52426.70999999999,52427.70999999999,52399.20999999999,52417.70999999999,1432
2026-07-08T20:15:00+00:00,52417.70999999999,52428.20999999999,52406.70999999999,52407.70999999999,781
2026-07-08T20:20:00+00:00,52407.70999999999,52413.20999999999,52401.20999999999,52405.20999999999,430
2026-07-08T20:25:00+00:00,52405.20999999999,52408.20999999999,52399.70999999999,52406.20999999999,339
2026-07-08T20:30:00+00:00,52406.20999999999,52411.70999999999,52378.70999999999,52384.70999999999,598
2026-07-08T20:35:00+00:00,52384.70999999999,52386.20999999999,52355.20999999999,52382.20999999999,876
2026-07-08T20:40:00+00:00,52382.20999999999,52401.20999999999,52380.70999999999,52385.70999999999,859
2026-07-08T20:45:00+00:00,52385.70999999999,52393.70999999999,52382.20999999999,52387.70999999999,479
2026-07-08T20:50:00+00:00,52387.70999999999,52410.20999999999,52387.70999999999,52392.20999999999,490
2026-07-08T20:55:00+00:00,52392.20999999999,52399.70999999999,52358.20999999999,52380.95999999999,679
2026-07-08T22:00:00+00:00,52380.95999999999,52409.20999999999,52375.70999999999,52406.70999999999,417
2026-07-08T22:05:00+00:00,52406.70999999999,52409.70999999999,52388.45999999999,52400.20999999999,522
2026-07-08T22:10:00+00:00,52400.20999999999,52409.70999999999,52398.20999999999,52399.70999999999,154
2026-07-08T22:15:00+00:00,52399.70999999999,52408.20999999999,52394.70999999999,52402.70999999999,113
2026-07-08T22:20:00+00:00,52402.70999999999,52403.20999999999,52393.20999999999,52402.20999999999,49
2026-07-08T22:25:00+00:00,52402.20999999999,52406.20999999999,52392.20999999999,52405.70999999999,299
2026-07-08T22:30:00+00:00,52405.70999999999,52426.20999999999,52397.70999999999,52420.20999999999,444
2026-07-08T22:35:00+00:00,52420.20999999999,52420.20999999999,52402.70999999999,52405.20999999999,447
2026-07-08T22:40:00+00:00,52405.20999999999,52411.70999999999,52399.70999999999,52401.20999999999,268
2026-07-08T22:45:00+00:00,52401.20999999999,52410.20999999999,52401.20999999999,52406.70999999999,189
2026-07-08T22:50:00+00:00,52406.70999999999,52412.70999999999,52399.70999999999,52403.20999999999,223
2026-07-08T22:55:00+00:00,52403.20999999999,52408.20999999999,52401.20999999999,52406.20999999999,122
2026-07-08T23:00:00+00:00,52406.20999999999,52414.20999999999,52401.70999999999,52403.20999999999,383
2026-07-08T23:05:00+00:00,52403.20999999999,52419.70999999999,52402.20999999999,52414.20999999999,270
2026-07-08T23:10:00+00:00,52414.20999999999,52418.70999999999,52411.20999999999,52417.70999999999,145
2026-07-08T23:15:00+00:00,52417.70999999999,52420.70999999999,52402.70999999999,52402.70999999999,170
2026-07-08T23:20:00+00:00,52402.70999999999,52411.20999999999,52396.70999999999,52406.70999999999,175
2026-07-08T23:25:00+00:00,52406.70999999999,52415.70999999999,52403.20999999999,52414.70999999999,214
2026-07-08T23:30:00+00:00,52414.70999999999,52422.20999999999,52403.70999999999,52417.70999999999,190
2026-07-08T23:35:00+00:00,52417.70999999999,52427.20999999999,52411.20999999999,52418.70999999999,523
2026-07-08T23:40:00+00:00,52418.70999999999,52425.70999999999,52415.70999999999,52420.70999999999,222
2026-07-08T23:45:00+00:00,52420.70999999999,52435.20999999999,52417.20999999999,52420.20999999999,476
2026-07-08T23:50:00+00:00,52420.20999999999,52429.70999999999,52414.20999999999,52425.70999999999,291
2026-07-08T23:55:00+00:00,52425.70999999999,52437.70999999999,52424.70999999999,52430.20999999999,320
2026-07-09T00:00:00+00:00,52430.20999999999,52443.70999999999,52415.20999999999,52422.20999999999,952
2026-07-09T00:05:00+00:00,52422.20999999999,52443.70999999999,52410.20999999999,52432.70999999999,845
2026-07-09T00:10:00+00:00,52432.70999999999,52449.70999999999,52420.20999999999,52446.70999999999,874
2026-07-09T00:15:00+00:00,52446.70999999999,52451.20999999999,52421.20999999999,52424.20999999999,985
2026-07-09T00:20:00+00:00,52424.20999999999,52453.70999999999,52424.20999999999,52447.70999999999,876
2026-07-09T00:25:00+00:00,52447.70999999999,52475.70999999999,52447.70999999999,52468.70999999999,671
2026-07-09T00:30:00+00:00,52468.70999999999,52480.70999999999,52455.70999999999,52461.70999999999,857
2026-07-09T00:35:00+00:00,52461.70999999999,52490.70999999999,52455.70999999999,52481.20999999999,780
2026-07-09T00:40:00+00:00,52481.20999999999,52482.20999999999,52470.70999999999,52476.20999999999,584
2026-07-09T00:45:00+00:00,52476.20999999999,52495.70999999999,52472.20999999999,52489.70999999999,682
2026-07-09T00:50:00+00:00,52489.70999999999,52491.70999999999,52458.70999999999,52460.70999999999,629
2026-07-09T00:55:00+00:00,52460.70999999999,52492.70999999999,52459.70999999999,52492.70999999999,652
2026-07-09T01:00:00+00:00,52492.70999999999,52507.70999999999,52486.70999999999,52493.70999999999,857
2026-07-09T01:05:00+00:00,52493.70999999999,52516.70999999999,52489.70999999999,52516.70999999999,557
2026-07-09T01:10:00+00:00,52516.70999999999,52516.70999999999,52500.20999999999,52500.20999999999,300
2026-07-09T01:15:00+00:00,52500.20999999999,52506.20999999999,52493.20999999999,52503.20999999999,356
2026-07-09T01:20:00+00:00,52503.20999999999,52512.20999999999,52480.20999999999,52481.70999999999,477
2026-07-09T01:25:00+00:00,52481.70999999999,52488.70999999999,52471.70999999999,52486.20999999999,500
2026-07-09T01:30:00+00:00,52486.20999999999,52498.20999999999,52480.20999999999,52497.20999999999,592
2026-07-09T01:35:00+00:00,52497.20999999999,52500.70999999999,52493.70999999999,52494.20999999999,492
2026-07-09T01:40:00+00:00,52494.20999999999,52495.70999999999,52486.70999999999,52490.20999999999,366
2026-07-09T01:45:00+00:00,52490.20999999999,52513.70999999999,52482.20999999999,52512.70999999999,391
2026-07-09T01:50:00+00:00,52512.70999999999,52519.20999999999,52489.70999999999,52491.20999999999,493
2026-07-09T01:55:00+00:00,52491.20999999999,52507.20999999999,52488.70999999999,52504.70999999999,839
2026-07-09T02:00:00+00:00,52504.70999999999,52510.70999999999,52492.70999999999,52502.70999999999,846
2026-07-09T02:05:00+00:00,52502.70999999999,52520.70999999999,52499.70999999999,52516.20999999999,738
2026-07-09T02:10:00+00:00,52516.20999999999,52528.70999999999,52502.45999999999,52520.70999999999,629
2026-07-09T02:15:00+00:00,52520.70999999999,52526.20999999999,52513.20999999999,52520.20999999999,570
2026-07-09T02:20:00+00:00,52520.20999999999,52528.70999999999,52502.20999999999,52504.20999999999,538
2026-07-09T02:25:00+00:00,52504.20999999999,52513.70999999999,52501.70999999999,52511.70999999999,466
2026-07-09T02:30:00+00:00,52511.70999999999,52522.70999999999,52509.70999999999,52509.70999999999,432
2026-07-09T02:35:00+00:00,52509.70999999999,52514.70999999999,52495.20999999999,52506.20999999999,529
2026-07-09T02:40:00+00:00,52506.20999999999,52510.20999999999,52495.20999999999,52496.20999999999,298
2026-07-09T02:45:00+00:00,52496.20999999999,52499.70999999999,52478.20999999999,52484.70999999999,446
2026-07-09T02:50:00+00:00,52484.70999999999,52492.70999999999,52481.20999999999,52489.70999999999,509
2026-07-09T02:55:00+00:00,52489.70999999999,52496.20999999999,52485.70999999999,52491.20999999999,350
2026-07-09T03:00:00+00:00,52491.20999999999,52492.70999999999,52480.20999999999,52486.70999999999,462
2026-07-09T03:05:00+00:00,52486.70999999999,52493.20999999999,52484.70999999999,52488.70999999999,502
2026-07-09T03:10:00+00:00,52488.70999999999,52491.70999999999,52478.20999999999,52480.70999999999,399
2026-07-09T03:15:00+00:00,52480.70999999999,52488.70999999999,52472.70999999999,52478.20999999999,434
2026-07-09T03:20:00+00:00,52478.20999999999,52487.20999999999,52472.70999999999,52482.70999999999,475
2026-07-09T03:25:00+00:00,52482.70999999999,52507.20999999999,52482.70999999999,52504.70999999999,475
2026-07-09T03:30:00+00:00,52504.70999999999,52533.70999999999,52503.70999999999,52527.20999999999,574
2026-07-09T03:35:00+00:00,52527.20999999999,52528.70999999999,52521.20999999999,52524.70999999999,315
2026-07-09T03:40:00+00:00,52524.70999999999,52530.70999999999,52517.70999999999,52530.20999999999,395
2026-07-09T03:45:00+00:00,52530.20999999999,52532.20999999999,52522.20999999999,52523.70999999999,260
2026-07-09T03:50:00+00:00,52523.70999999999,52531.70999999999,52519.70999999999,52529.70999999999,236
2026-07-09T03:55:00+00:00,52529.70999999999,52533.20999999999,52521.20999999999,52526.70999999999,269
2026-07-09T04:00:00+00:00,52526.70999999999,52534.70999999999,52521.70999999999,52526.70999999999,314
2026-07-09T04:05:00+00:00,52526.70999999999,52530.70999999999,52523.20999999999,52527.20999999999,219
2026-07-09T04:10:00+00:00,52527.20999999999,52532.70999999999,52521.20999999999,52528.70999999999,257
2026-07-09T04:15:00+00:00,52528.70999999999,52541.20999999999,52528.20999999999,52530.20999999999,290
2026-07-09T04:20:00+00:00,52530.20999999999,52533.70999999999,52519.70999999999,52521.70999999999,214
2026-07-09T04:25:00+00:00,52521.70999999999,52529.20999999999,52517.70999999999,52524.20999999999,244
2026-07-09T04:30:00+00:00,52524.20999999999,52552.20999999999,52524.20999999999,52542.70999999999,411
2026-07-09T04:35:00+00:00,52542.70999999999,52550.70999999999,52538.20999999999,52546.20999999999,280
2026-07-09T04:40:00+00:00,52546.20999999999,52550.70999999999,52543.20999999999,52549.20999999999,249
2026-07-09T04:45:00+00:00,52549.20999999999,52549.70999999999,52536.70999999999,52540.20999999999,250
2026-07-09T04:50:00+00:00,52540.20999999999,52555.70999999999,52539.70999999999,52552.70999999999,161
2026-07-09T04:55:00+00:00,52552.70999999999,52558.70999999999,52548.20999999999,52551.20999999999,323
2026-07-09T05:00:00+00:00,52551.20999999999,52555.70999999999,52539.70999999999,52540.20999999999,258
2026-07-09T05:05:00+00:00,52540.20999999999,52540.70999999999,52522.20999999999,52525.20999999999,394
2026-07-09T05:10:00+00:00,52525.20999999999,52588.20999999999,52525.20999999999,52567.70999999999,1787
2026-07-09T05:15:00+00:00,52567.70999999999,52571.20999999999,52522.70999999999,52530.70999999999,740
2026-07-09T05:20:00+00:00,52530.70999999999,52532.70999999999,52514.70999999999,52521.70999999999,374
2026-07-09T05:25:00+00:00,52521.70999999999,52530.70999999999,52518.20999999999,52527.20999999999,469
2026-07-09T05:30:00+00:00,52527.20999999999,52547.70999999999,52504.20999999999,52546.70999999999,823
2026-07-09T05:35:00+00:00,52546.70999999999,52555.20999999999,52542.20999999999,52548.70999999999,700
2026-07-09T05:40:00+00:00,52548.70999999999,52552.20999999999,52538.70999999999,52552.20999999999,562
2026-07-09T05:45:00+00:00,52552.20999999999,52573.20999999999,52548.70999999999,52573.20999999999,481
2026-07-09T05:50:00+00:00,52573.20999999999,52578.70999999999,52568.70999999999,52570.20999999999,431
2026-07-09T05:55:00+00:00,52570.20999999999,52587.20999999999,52564.70999999999,52586.70999999999,512
2026-07-09T06:00:00+00:00,52586.70999999999,52594.70999999999,52567.20999999999,52567.70999999999,828
2026-07-09T06:05:00+00:00,52567.70999999999,52568.20999999999,52549.70999999999,52552.20999999999,592
2026-07-09T06:10:00+00:00,52552.20999999999,52555.20999999999,52541.20999999999,52551.20999999999,390
2026-07-09T06:15:00+00:00,52551.20999999999,52557.20999999999,52538.70999999999,52539.20999999999,478
2026-07-09T06:20:00+00:00,52539.20999999999,52549.70999999999,52530.70999999999,52534.70999999999,437
2026-07-09T06:25:00+00:00,52534.70999999999,52542.70999999999,52527.70999999999,52533.20999999999,488
2026-07-09T06:30:00+00:00,52533.20999999999,52548.20999999999,52524.20999999999,52535.70999999999,732
2026-07-09T06:35:00+00:00,52535.70999999999,52546.70999999999,52525.20999999999,52527.70999999999,594
2026-07-09T06:40:00+00:00,52527.70999999999,52540.70999999999,52523.20999999999,52540.20999999999,277
2026-07-09T06:45:00+00:00,52540.20999999999,52541.70999999999,52531.20999999999,52533.20999999999,276
2026-07-09T06:50:00+00:00,52533.20999999999,52545.70999999999,52533.20999999999,52537.20999999999,229
2026-07-09T06:55:00+00:00,52537.20999999999,52544.20999999999,52532.70999999999,52537.70999999999,248
2026-07-09T07:00:00+00:00,52537.70999999999,52564.70999999999,52532.20999999999,52548.20999999999,1031
2026-07-09T07:05:00+00:00,52548.20999999999,52555.20999999999,52525.20999999999,52529.70999999999,701
2026-07-09T07:10:00+00:00,52529.70999999999,52545.70999999999,52510.20999999999,52545.20999999999,688
2026-07-09T07:15:00+00:00,52545.20999999999,52553.70999999999,52532.70999999999,52534.70999999999,524
2026-07-09T07:20:00+00:00,52534.70999999999,52534.70999999999,52507.70999999999,52522.70999999999,539
2026-07-09T07:25:00+00:00,52522.70999999999,52535.20999999999,52513.70999999999,52530.70999999999,507
2026-07-09T07:30:00+00:00,52530.70999999999,52550.70999999999,52528.70999999999,52530.70999999999,713
2026-07-09T07:35:00+00:00,52530.70999999999,52534.70999999999,52508.70999999999,52521.70999999999,540
2026-07-09T07:40:00+00:00,52521.70999999999,52568.70999999999,52513.20999999999,52566.70999999999,662
2026-07-09T07:45:00+00:00,52566.70999999999,52571.20999999999,52542.20999999999,52553.70999999999,801
2026-07-09T07:50:00+00:00,52553.70999999999,52557.70999999999,52539.20999999999,52540.70999999999,421
2026-07-09T07:55:00+00:00,52540.70999999999,52541.20999999999,52515.70999999999,52531.70999999999,759
2026-07-09T08:00:00+00:00,52531.70999999999,52537.70999999999,52511.20999999999,52513.70999999999,1029
2026-07-09T08:05:00+00:00,52513.70999999999,52532.70999999999,52510.20999999999,52514.70999999999,769
2026-07-09T08:10:00+00:00,52514.70999999999,52532.70999999999,52514.70999999999,52520.70999999999,733
2026-07-09T08:15:00+00:00,52520.70999999999,52536.20999999999,52504.70999999999,52517.20999999999,726
2026-07-09T08:20:00+00:00,52517.20999999999,52528.70999999999,52511.70999999999,52527.70999999999,617
2026-07-09T08:25:00+00:00,52527.70999999999,52546.70999999999,52514.70999999999,52544.70999999999,671
2026-07-09T08:30:00+00:00,52544.70999999999,52548.20999999999,52495.20999999999,52503.70999999999,935
2026-07-09T08:35:00+00:00,52503.70999999999,52511.20999999999,52491.20999999999,52491.70999999999,721
2026-07-09T08:40:00+00:00,52491.70999999999,52502.70999999999,52483.70999999999,52496.20999999999,550
2026-07-09T08:45:00+00:00,52496.20999999999,52508.70999999999,52471.70999999999,52476.70999999999,695
2026-07-09T08:50:00+00:00,52476.70999999999,52513.20999999999,52470.70999999999,52513.20999999999,857
2026-07-09T08:55:00+00:00,52513.20999999999,52517.70999999999,52492.70999999999,52503.70999999999,581
2026-07-09T09:00:00+00:00,52503.70999999999,52506.70999999999,52485.20999999999,52498.70999999999,644
2026-07-09T09:05:00+00:00,52498.70999999999,52507.70999999999,52483.70999999999,52489.70999999999,577
2026-07-09T09:10:00+00:00,52489.70999999999,52498.70999999999,52483.70999999999,52491.70999999999,518
2026-07-09T09:15:00+00:00,52491.70999999999,52493.20999999999,52464.70999999999,52467.20999999999,424
2026-07-09T09:20:00+00:00,52467.20999999999,52478.70999999999,52464.20999999999,52475.70999999999,380
2026-07-09T09:25:00+00:00,52475.70999999999,52483.70999999999,52470.20999999999,52472.70999999999,419
2026-07-09T09:30:00+00:00,52472.70999999999,52477.70999999999,52441.70999999999,52447.70999999999,556
2026-07-09T09:35:00+00:00,52447.70999999999,52455.20999999999,52430.70999999999,52449.70999999999,774
2026-07-09T09:40:00+00:00,52449.70999999999,52449.70999999999,52402.45999999999,52419.20999999999,1295
2026-07-09T09:45:00+00:00,52419.20999999999,52442.70999999999,52416.70999999999,52435.20999999999,715
2026-07-09T09:50:00+00:00,52435.20999999999,52457.20999999999,52435.20999999999,52454.20999999999,567
2026-07-09T09:55:00+00:00,52454.20999999999,52463.70999999999,52453.70999999999,52458.70999999999,460
2026-07-09T10:00:00+00:00,52458.70999999999,52459.70999999999,52441.70999999999,52448.70999999999,503
2026-07-09T10:05:00+00:00,52448.70999999999,52459.70999999999,52445.70999999999,52458.20999999999,429
2026-07-09T10:10:00+00:00,52458.20999999999,52472.20999999999,52455.70999999999,52464.70999999999,506
2026-07-09T10:15:00+00:00,52464.70999999999,52467.70999999999,52436.70999999999,52444.20999999999,623
2026-07-09T10:20:00+00:00,52444.20999999999,52462.70999999999,52439.70999999999,52452.70999999999,381
2026-07-09T10:25:00+00:00,52452.70999999999,52452.70999999999,52413.20999999999,52413.70999999999,614
2026-07-09T10:30:00+00:00,52413.70999999999,52414.70999999999,52387.20999999999,52408.70999999999,799
2026-07-09T10:35:00+00:00,52408.70999999999,52420.70999999999,52398.70999999999,52409.70999999999,635
2026-07-09T10:40:00+00:00,52409.70999999999,52417.70999999999,52390.70999999999,52414.70999999999,878
2026-07-09T10:45:00+00:00,52414.70999999999,52422.70999999999,52367.70999999999,52375.70999999999,1145
2026-07-09T10:50:00+00:00,52375.70999999999,52378.20999999999,52335.70999999999,52373.70999999999,1932
2026-07-09T10:55:00+00:00,52373.70999999999,52396.70999999999,52350.70999999999,52395.20999999999,1443
2026-07-09T11:00:00+00:00,52395.20999999999,52411.70999999999,52390.70999999999,52406.70999999999,1116
2026-07-09T11:05:00+00:00,52406.70999999999,52410.70999999999,52368.70999999999,52376.70999999999,968
2026-07-09T11:10:00+00:00,52376.70999999999,52415.70999999999,52376.70999999999,52406.70999999999,790
2026-07-09T11:15:00+00:00,52406.70999999999,52407.20999999999,52381.70999999999,52383.70999999999,504
2026-07-09T11:20:00+00:00,52383.70999999999,52390.70999999999,52362.70999999999,52371.70999999999,1061
2026-07-09T11:25:00+00:00,52371.70999999999,52400.20999999999,52371.70999999999,52378.70999999999,784
2026-07-09T11:30:00+00:00,52378.70999999999,52398.70999999999,52360.70999999999,52391.70999999999,1038
2026-07-09T11:35:00+00:00,52391.70999999999,52398.70999999999,52370.70999999999,52387.70999999999,803
2026-07-09T11:40:00+00:00,52387.70999999999,52395.20999999999,52371.70999999999,52393.20999999999,935
2026-07-09T11:45:00+00:00,52393.20999999999,52425.70999999999,52384.20999999999,52414.70999999999,1292
2026-07-09T11:50:00+00:00,52414.70999999999,52429.70999999999,52400.70999999999,52414.70999999999,920
2026-07-09T11:55:00+00:00,52414.70999999999,52427.70999999999,52414.70999999999,52423.70999999999,622
2026-07-09T12:00:00+00:00,52423.70999999999,52445.70999999999,52417.70999999999,52440.20999999999,965
2026-07-09T12:05:00+00:00,52440.20999999999,52474.70999999999,52430.20999999999,52458.70999999999,970
2026-07-09T12:10:00+00:00,52458.70999999999,52467.70999999999,52445.70999999999,52450.70999999999,854
2026-07-09T12:15:00+00:00,52450.70999999999,52469.70999999999,52444.20999999999,52460.20999999999,849
2026-07-09T12:20:00+00:00,52460.20999999999,52462.70999999999,52437.20999999999,52451.20999999999,704
2026-07-09T12:25:00+00:00,52451.20999999999,52481.70999999999,52451.20999999999,52477.20999999999,867
2026-07-09T12:30:00+00:00,52477.20999999999,52498.20999999999,52469.70999999999,52492.70999999999,1461
2026-07-09T12:35:00+00:00,52492.70999999999,52518.70999999999,52488.20999999999,52509.20999999999,1099
2026-07-09T12:40:00+00:00,52509.20999999999,52519.70999999999,52471.70999999999,52474.20999999999,1237
2026-07-09T12:45:00+00:00,52474.20999999999,52484.70999999999,52459.70999999999,52478.70999999999,1140
2026-07-09T12:50:00+00:00,52478.70999999999,52506.70999999999,52478.20999999999,52504.20999999999,847
2026-07-09T12:55:00+00:00,52504.20999999999,52506.70999999999,52479.70999999999,52481.70999999999,764
2026-07-09T13:00:00+00:00,52481.70999999999,52548.20999999999,52480.20999999999,52547.20999999999,1369
2026-07-09T13:05:00+00:00,52547.20999999999,52554.70999999999,52522.70999999999,52537.70999999999,1048
2026-07-09T13:10:00+00:00,52537.70999999999,52544.20999999999,52506.70999999999,52513.70999999999,1125
2026-07-09T13:15:00+00:00,52513.70999999999,52558.20999999999,52506.20999999999,52555.70999999999,1380
2026-07-09T13:20:00+00:00,52555.70999999999,52576.20999999999,52542.70999999999,52570.70999999999,872
2026-07-09T13:25:00+00:00,52570.70999999999,52582.20999999999,52528.20999999999,52535.70999999999,2633
2026-07-09T13:30:00+00:00,52535.70999999999,52551.06,52383.56,52436.56,14668
2026-07-09T13:35:00+00:00,52436.56,52464.56,52386.56,52418.56,9731
2026-07-09T13:40:00+00:00,52418.56,52493.56,52388.56,52493.56,7467
2026-07-09T13:45:00+00:00,52493.56,52515.06,52447.56,52475.56,6284
2026-07-09T13:50:00+00:00,52475.56,52551.56,52456.56,52532.56,5995
2026-07-09T13:55:00+00:00,52532.56,52543.56,52496.06,52512.56,4704
2026-07-09T14:00:00+00:00,52512.56,52538.56,52507.06,52519.56,5190
2026-07-09T14:05:00+00:00,52519.56,52561.06,52513.56,52532.56,4810
2026-07-09T14:10:00+00:00,52532.56,52556.06,52511.56,52546.56,6273
2026-07-09T14:15:00+00:00,52546.56,52550.56,52469.06,52481.06,9790
2026-07-09T14:20:00+00:00,52481.06,52523.56,52457.56,52499.56,8184
2026-07-09T14:25:00+00:00,52499.56,52580.56,52487.56,52556.56,6258
2026-07-09T14:30:00+00:00,52556.56,52562.06,52527.56,52557.56,5850
2026-07-09T14:35:00+00:00,52557.56,52603.56,52545.06,52594.56,4508
2026-07-09T14:40:00+00:00,52594.56,52602.56,52568.56,52576.06,3847
2026-07-09T14:45:00+00:00,52576.06,52592.06,52523.56,52529.06,3454
2026-07-09T14:50:00+00:00,52529.06,52548.56,52509.56,52545.56,4284
2026-07-09T14:55:00+00:00,52545.56,52612.56,52535.56,52610.06,3666
2026-07-09T15:00:00+00:00,52610.06,52615.56,52587.56,52593.56,2809
2026-07-09T15:05:00+00:00,52593.56,52625.56,52577.56,52604.56,2816
2026-07-09T15:10:00+00:00,52604.56,52609.56,52550.06,52558.56,2526
2026-07-09T15:15:00+00:00,52558.56,52588.06,52553.06,52583.56,2427
2026-07-09T15:20:00+00:00,52583.56,52617.56,52578.56,52608.56,2586
2026-07-09T15:25:00+00:00,52608.56,52614.56,52590.06,52603.56,1971
2026-07-09T15:30:00+00:00,52603.56,52604.56,52577.56,52594.06,2118
2026-07-09T15:35:00+00:00,52594.06,52643.56,52588.06,52637.06,2222
2026-07-09T15:40:00+00:00,52637.06,52681.56,52626.56,52678.56,2041
2026-07-09T15:45:00+00:00,52678.56,52688.06,52634.56,52646.56,1984
2026-07-09T15:50:00+00:00,52646.56,52651.56,52621.56,52625.56,1499
2026-07-09T15:55:00+00:00,52625.56,52640.06,52604.56,52608.56,1583
2026-07-09T16:00:00+00:00,52608.56,52652.06,52607.56,52648.56,1764
2026-07-09T16:05:00+00:00,52648.56,52663.06,52639.56,52646.06,1465
2026-07-09T16:10:00+00:00,52646.06,52671.56,52642.06,52670.56,1403
2026-07-09T16:15:00+00:00,52670.56,52672.56,52651.06,52660.56,1252
2026-07-09T16:20:00+00:00,52660.56,52693.56,52655.06,52685.56,1303
2026-07-09T16:25:00+00:00,52685.56,52700.06,52682.56,52688.56,1100
2026-07-09T16:30:00+00:00,52688.56,52696.56,52668.06,52668.56,1298
2026-07-09T16:35:00+00:00,52668.56,52678.56,52655.06,52666.06,1581
2026-07-09T16:40:00+00:00,52666.06,52667.56,52641.06,52648.56,1146
2026-07-09T16:45:00+00:00,52648.56,52654.56,52627.56,52639.56,1252
2026-07-09T16:50:00+00:00,52639.56,52641.56,52612.06,52616.56,1072
2026-07-09T16:55:00+00:00,52616.56,52638.06,52609.06,52636.06,1182
2026-07-09T17:00:00+00:00,52636.06,52653.06,52629.06,52633.06,1134
2026-07-09T17:05:00+00:00,52633.06,52645.56,52625.56,52638.06,1567
2026-07-09T17:10:00+00:00,52638.06,52648.06,52617.56,52622.56,1445
2026-07-09T17:15:00+00:00,52622.56,52640.06,52616.06,52631.06,1290
2026-07-09T17:20:00+00:00,52631.06,52643.56,52618.06,52623.56,1393
2026-07-09T17:25:00+00:00,52623.56,52662.56,52623.56,52658.56,1205
2026-07-09T17:30:00+00:00,52658.56,52674.56,52646.56,52664.56,1298
2026-07-09T17:35:00+00:00,52664.56,52676.56,52656.56,52665.56,849
2026-07-09T17:40:00+00:00,52665.56,52671.06,52648.56,52662.56,1095
2026-07-09T17:45:00+00:00,52662.56,52675.06,52658.06,52672.56,762
2026-07-09T17:50:00+00:00,52672.56,52682.56,52666.56,52667.56,907
2026-07-09T17:55:00+00:00,52667.56,52668.56,52639.45999999999,52651.56,1068
2026-07-09T18:00:00+00:00,52651.56,52662.56,52643.56,52654.56,1186
2026-07-09T18:05:00+00:00,52654.56,52676.56,52652.56,52664.56,1081
2026-07-09T18:10:00+00:00,52664.56,52687.56,52656.56,52661.56,1056
2026-07-09T18:15:00+00:00,52661.56,52673.56,52647.06,52647.56,1188
2026-07-09T18:20:00+00:00,52647.56,52649.56,52618.06,52618.56,1421
2026-07-09T18:25:00+00:00,52618.56,52624.56,52599.56,52611.56,1493
2026-07-09T18:30:00+00:00,52611.56,52619.56,52597.06,52603.56,1245
2026-07-09T18:35:00+00:00,52603.56,52612.56,52588.56,52591.56,1049
2026-07-09T18:40:00+00:00,52591.56,52603.56,52583.56,52593.56,1164
2026-07-09T18:45:00+00:00,52593.56,52595.56,52574.06,52595.56,1043
2026-07-09T18:50:00+00:00,52595.56,52599.56,52583.06,52585.56,857
2026-07-09T18:55:00+00:00,52585.56,52598.06,52576.06,52590.56,1102
2026-07-09T19:00:00+00:00,52590.56,52596.56,52577.56,52583.56,1390
2026-07-09T19:05:00+00:00,52583.56,52588.56,52547.56,52550.56,1249
2026-07-09T19:10:00+00:00,52550.56,52571.56,52547.56,52561.56,1239
2026-07-09T19:15:00+00:00,52561.56,52581.56,52558.56,52560.56,1412
2026-07-09T19:20:00+00:00,52560.56,52569.56,52542.56,52546.56,1109
2026-07-09T19:25:00+00:00,52546.56,52569.06,52546.56,52548.56,1128
2026-07-09T19:30:00+00:00,52548.56,52559.06,52534.06,52551.56,1658
2026-07-09T19:35:00+00:00,52551.56,52560.06,52533.06,52545.56,1520
2026-07-09T19:40:00+00:00,52545.56,52570.56,52543.06,52557.56,1466
2026-07-09T19:45:00+00:00,52557.56,52563.06,52539.56,52544.56,1819
2026-07-09T19:50:00+00:00,52544.56,52573.56,52538.56,52567.06,2811
2026-07-09T19:55:00+00:00,52567.06,52608.06,52558.06,52603.56,3515
2026-07-09T20:00:00+00:00,52603.56,52615.20999999999,52579.70999999999,52614.20999999999,1378
2026-07-09T20:05:00+00:00,52614.20999999999,52620.20999999999,52606.20999999999,52612.70999999999,562
2026-07-09T20:10:00+00:00,52612.70999999999,52612.70999999999,52590.70999999999,52599.70999999999,685
2026-07-09T20:15:00+00:00,52599.70999999999,52619.70999999999,52599.70999999999,52613.70999999999,468
2026-07-09T20:20:00+00:00,52613.70999999999,52613.70999999999,52595.20999999999,52596.20999999999,227
2026-07-09T20:25:00+00:00,52596.20999999999,52596.70999999999,52590.20999999999,52593.70999999999,153
2026-07-09T20:30:00+00:00,52593.70999999999,52602.20999999999,52592.70999999999,52600.70999999999,229
2026-07-09T20:35:00+00:00,52600.70999999999,52602.70999999999,52591.70999999999,52594.70999999999,128
2026-07-09T20:40:00+00:00,52594.70999999999,52595.70999999999,52585.20999999999,52585.70999999999,163
2026-07-09T20:45:00+00:00,52585.70999999999,52587.70999999999,52580.70999999999,52585.70999999999,185
2026-07-09T20:50:00+00:00,52585.70999999999,52585.70999999999,52561.20999999999,52570.20999999999,295
2026-07-09T20:55:00+00:00,52570.20999999999,52572.70999999999,52545.45999999999,52548.45999999999,366
2026-07-09T22:00:00+00:00,52548.45999999999,52586.45999999999,52548.45999999999,52579.20999999999,773
2026-07-09T22:05:00+00:00,52579.20999999999,52586.70999999999,52560.45999999999,52565.70999999999,626
2026-07-09T22:10:00+00:00,52565.70999999999,52568.70999999999,52559.70999999999,52564.70999999999,150
2026-07-09T22:15:00+00:00,52564.70999999999,52576.70999999999,52562.20999999999,52575.70999999999,210
2026-07-09T22:20:00+00:00,52575.70999999999,52589.70999999999,52574.20999999999,52584.70999999999,246
2026-07-09T22:25:00+00:00,52584.70999999999,52592.70999999999,52580.70999999999,52588.20999999999,220
2026-07-09T22:30:00+00:00,52588.20999999999,52597.70999999999,52584.20999999999,52594.70999999999,181
2026-07-09T22:35:00+00:00,52594.70999999999,52601.70999999999,52590.70999999999,52592.70999999999,130
2026-07-09T22:40:00+00:00,52592.70999999999,52596.70999999999,52587.70999999999,52588.20999999999,147
2026-07-09T22:45:00+00:00,52588.20999999999,52596.70999999999,52586.20999999999,52596.70999999999,146
2026-07-09T22:50:00+00:00,52596.70999999999,52597.20999999999,52588.20999999999,52589.70999999999,143
2026-07-09T22:55:00+00:00,52589.70999999999,52592.70999999999,52587.20999999999,52591.70999999999,143
2026-07-09T23:00:00+00:00,52591.70999999999,52597.70999999999,52585.20999999999,52595.70999999999,425
2026-07-09T23:05:00+00:00,52595.70999999999,52604.70999999999,52593.70999999999,52604.70999999999,132
2026-07-09T23:10:00+00:00,52604.70999999999,52608.20999999999,52598.70999999999,52603.70999999999,105
2026-07-09T23:15:00+00:00,52603.70999999999,52604.70999999999,52597.70999999999,52602.70999999999,82
2026-07-09T23:20:00+00:00,52602.70999999999,52607.20999999999,52597.20999999999,52606.20999999999,139
2026-07-09T23:25:00+00:00,52606.20999999999,52610.70999999999,52602.20999999999,52609.70999999999,105
2026-07-09T23:30:00+00:00,52609.70999999999,52611.70999999999,52601.20999999999,52603.70999999999,108
2026-07-09T23:35:00+00:00,52603.70999999999,52607.70999999999,52602.70999999999,52606.70999999999,80
2026-07-09T23:40:00+00:00,52606.70999999999,52607.70999999999,52599.70999999999,52602.70999999999,74
2026-07-09T23:45:00+00:00,52602.70999999999,52602.70999999999,52575.70999999999,52580.70999999999,343
2026-07-09T23:50:00+00:00,52580.70999999999,52595.70999999999,52580.70999999999,52592.70999999999,240
2026-07-09T23:55:00+00:00,52592.70999999999,52603.70999999999,52590.70999999999,52592.20999999999,245
2026-07-10T00:00:00+00:00,52592.20999999999,52597.70999999999,52568.20999999999,52573.70999999999,783
2026-07-10T00:05:00+00:00,52573.70999999999,52584.20999999999,52571.70999999999,52583.70999999999,440
2026-07-10T00:10:00+00:00,52583.70999999999,52589.20999999999,52573.20999999999,52575.70999999999,420
2026-07-10T00:15:00+00:00,52575.70999999999,52587.70999999999,52575.70999999999,52578.20999999999,341
2026-07-10T00:20:00+00:00,52578.20999999999,52586.20999999999,52572.70999999999,52583.20999999999,395
2026-07-10T00:25:00+00:00,52583.20999999999,52597.20999999999,52580.70999999999,52596.20999999999,376
2026-07-10T00:30:00+00:00,52596.20999999999,52597.20999999999,52577.70999999999,52581.20999999999,371
2026-07-10T00:35:00+00:00,52581.20999999999,52586.20999999999,52567.70999999999,52569.20999999999,361
2026-07-10T00:40:00+00:00,52569.20999999999,52572.70999999999,52565.20999999999,52569.20999999999,294
2026-07-10T00:45:00+00:00,52569.20999999999,52572.70999999999,52561.20999999999,52569.20999999999,337
2026-07-10T00:50:00+00:00,52569.20999999999,52569.70999999999,52555.20999999999,52556.20999999999,222
2026-07-10T00:55:00+00:00,52556.20999999999,52576.70999999999,52556.20999999999,52575.70999999999,283
2026-07-10T01:00:00+00:00,52575.70999999999,52587.70999999999,52575.70999999999,52581.20999999999,331
2026-07-10T01:05:00+00:00,52581.20999999999,52588.70999999999,52577.20999999999,52585.70999999999,299
2026-07-10T01:10:00+00:00,52585.70999999999,52585.70999999999,52566.20999999999,52575.20999999999,395
2026-07-10T01:15:00+00:00,52575.20999999999,52582.70999999999,52573.20999999999,52576.70999999999,381
2026-07-10T01:20:00+00:00,52576.70999999999,52579.20999999999,52570.70999999999,52579.20999999999,285
2026-07-10T01:25:00+00:00,52579.20999999999,52583.70999999999,52572.70999999999,52583.20999999999,198
2026-07-10T01:30:00+00:00,52583.20999999999,52583.70999999999,52573.20999999999,52582.20999999999,410
2026-07-10T01:35:00+00:00,52582.20999999999,52584.70999999999,52574.70999999999,52576.70999999999,380
2026-07-10T01:40:00+00:00,52576.70999999999,52580.20999999999,52572.70999999999,52573.20999999999,233
2026-07-10T01:45:00+00:00,52573.20999999999,52581.20999999999,52565.70999999999,52579.20999999999,331
2026-07-10T01:50:00+00:00,52579.20999999999,52580.70999999999,52570.70999999999,52574.70999999999,206
2026-07-10T01:55:00+00:00,52574.70999999999,52584.20999999999,52574.70999999999,52575.20999999999,156
2026-07-10T02:00:00+00:00,52575.20999999999,52578.20999999999,52561.70999999999,52577.70999999999,256
2026-07-10T02:05:00+00:00,52577.70999999999,52589.20999999999,52576.70999999999,52586.70999999999,210
2026-07-10T02:10:00+00:00,52586.70999999999,52588.20999999999,52582.20999999999,52586.20999999999,175
2026-07-10T02:15:00+00:00,52586.20999999999,52590.70999999999,52584.20999999999,52584.20999999999,184
2026-07-10T02:20:00+00:00,52584.20999999999,52586.20999999999,52572.20999999999,52578.20999999999,227
2026-07-10T02:25:00+00:00,52578.20999999999,52579.70999999999,52572.70999999999,52577.20999999999,178
2026-07-10T02:30:00+00:00,52577.20999999999,52578.20999999999,52565.20999999999,52565.70999999999,236
2026-07-10T02:35:00+00:00,52565.70999999999,52574.20999999999,52559.70999999999,52574.20999999999,140
2026-07-10T02:40:00+00:00,52574.20999999999,52584.70999999999,52574.20999999999,52577.70999999999,177
2026-07-10T02:45:00+00:00,52577.70999999999,52581.20999999999,52572.70999999999,52577.20999999999,180
2026-07-10T02:50:00+00:00,52577.20999999999,52586.20999999999,52577.20999999999,52586.20999999999,246
2026-07-10T02:55:00+00:00,52586.20999999999,52589.20999999999,52581.70999999999,52588.20999999999,156
2026-07-10T03:00:00+00:00,52588.20999999999,52592.20999999999,52585.70999999999,52591.20999999999,139
2026-07-10T03:05:00+00:00,52591.20999999999,52604.70999999999,52589.20999999999,52603.70999999999,100
2026-07-10T03:10:00+00:00,52603.70999999999,52607.20999999999,52592.70999999999,52596.20999999999,169
2026-07-10T03:15:00+00:00,52596.20999999999,52596.20999999999,52590.20999999999,52592.70999999999,105
2026-07-10T03:20:00+00:00,52592.70999999999,52594.20999999999,52584.70999999999,52586.20999999999,159
2026-07-10T03:25:00+00:00,52586.20999999999,52590.70999999999,52580.20999999999,52582.20999999999,99
2026-07-10T03:30:00+00:00,52582.20999999999,52584.70999999999,52577.70999999999,52581.20999999999,144
2026-07-10T03:35:00+00:00,52581.20999999999,52581.70999999999,52573.70999999999,52575.70999999999,129
2026-07-10T03:40:00+00:00,52575.70999999999,52581.20999999999,52575.70999999999,52581.20999999999,102
2026-07-10T03:45:00+00:00,52581.20999999999,52585.70999999999,52577.20999999999,52584.20999999999,171
2026-07-10T03:50:00+00:00,52584.20999999999,52584.70999999999,52577.20999999999,52580.20999999999,115
2026-07-10T03:55:00+00:00,52580.20999999999,52583.20999999999,52574.20999999999,52581.20999999999,141
2026-07-10T04:00:00+00:00,52581.20999999999,52585.70999999999,52579.20999999999,52584.20999999999,135
2026-07-10T04:05:00+00:00,52584.20999999999,52585.20999999999,52578.70999999999,52580.70999999999,117
2026-07-10T04:10:00+00:00,52580.70999999999,52581.20999999999,52574.70999999999,52577.70999999999,168
2026-07-10T04:15:00+00:00,52577.70999999999,52578.20999999999,52571.70999999999,52574.20999999999,89
2026-07-10T04:20:00+00:00,52574.20999999999,52574.70999999999,52561.70999999999,52562.20999999999,132
2026-07-10T04:25:00+00:00,52562.20999999999,52565.20999999999,52556.70999999999,52559.20999999999,96
2026-07-10T04:30:00+00:00,52559.20999999999,52562.20999999999,52548.20999999999,52557.20999999999,248
2026-07-10T04:35:00+00:00,52557.20999999999,52559.20999999999,52553.70999999999,52554.20999999999,164
2026-07-10T04:40:00+00:00,52554.20999999999,52562.20999999999,52553.20999999999,52561.20999999999,109
2026-07-10T04:45:00+00:00,52561.20999999999,52563.20999999999,52556.20999999999,52560.20999999999,132
2026-07-10T04:50:00+00:00,52560.20999999999,52561.70999999999,52555.70999999999,52561.20999999999,139
2026-07-10T04:55:00+00:00,52561.20999999999,52562.70999999999,52553.20999999999,52553.20999999999,165
2026-07-10T05:00:00+00:00,52553.20999999999,52559.20999999999,52549.20999999999,52551.70999999999,217
2026-07-10T05:05:00+00:00,52551.70999999999,52557.70999999999,52549.20999999999,52554.70999999999,170
2026-07-10T05:10:00+00:00,52554.70999999999,52562.20999999999,52553.70999999999,52560.70999999999,88
2026-07-10T05:15:00+00:00,52560.70999999999,52569.70999999999,52559.70999999999,52569.20999999999,167
2026-07-10T05:20:00+00:00,52569.20999999999,52571.20999999999,52562.20999999999,52565.70999999999,142
2026-07-10T05:25:00+00:00,52565.70999999999,52569.70999999999,52563.70999999999,52567.70999999999,130
2026-07-10T05:30:00+00:00,52567.70999999999,52569.20999999999,52561.70999999999,52567.20999999999,170
2026-07-10T05:35:00+00:00,52567.20999999999,52569.20999999999,52562.20999999999,52565.70999999999,149
2026-07-10T05:40:00+00:00,52565.70999999999,52575.20999999999,52561.70999999999,52570.20999999999,174
2026-07-10T05:45:00+00:00,52570.20999999999,52578.70999999999,52569.70999999999,52578.20999999999,135
2026-07-10T05:50:00+00:00,52578.20999999999,52590.70999999999,52576.20999999999,52589.20999999999,151
2026-07-10T05:55:00+00:00,52589.20999999999,52590.20999999999,52584.70999999999,52588.20999999999,145
2026-07-10T06:00:00+00:00,52588.20999999999,52645.70999999999,52588.20999999999,52643.70999999999,516
2026-07-10T06:05:00+00:00,52643.70999999999,52662.70999999999,52637.20999999999,52655.20999999999,541
2026-07-10T06:10:00+00:00,52655.20999999999,52656.70999999999,52632.20999999999,52635.20999999999,402
2026-07-10T06:15:00+00:00,52635.20999999999,52648.70999999999,52622.70999999999,52644.20999999999,398
2026-07-10T06:20:00+00:00,52644.20999999999,52644.20999999999,52617.70999999999,52619.20999999999,462
2026-07-10T06:25:00+00:00,52619.20999999999,52627.70999999999,52607.20999999999,52624.70999999999,511
2026-07-10T06:30:00+00:00,52624.70999999999,52662.20999999999,52623.70999999999,52626.20999999999,613
2026-07-10T06:35:00+00:00,52626.20999999999,52629.70999999999,52614.70999999999,52615.70999999999,328
2026-07-10T06:40:00+00:00,52615.70999999999,52622.20999999999,52608.70999999999,52608.70999999999,275
2026-07-10T06:45:00+00:00,52608.70999999999,52617.70999999999,52608.20999999999,52616.70999999999,227
2026-07-10T06:50:00+00:00,52616.70999999999,52624.70999999999,52610.70999999999,52622.70999999999,282
2026-07-10T06:55:00+00:00,52622.70999999999,52636.20999999999,52618.70999999999,52631.20999999999,221
2026-07-10T07:00:00+00:00,52631.20999999999,52649.20999999999,52624.70999999999,52638.70999999999,681
2026-07-10T07:05:00+00:00,52638.70999999999,52656.20999999999,52633.70999999999,52656.20999999999,433
2026-07-10T07:10:00+00:00,52656.20999999999,52675.70999999999,52650.20999999999,52674.20999999999,453
2026-07-10T07:15:00+00:00,52674.20999999999,52688.20999999999,52668.20999999999,52683.20999999999,540
2026-07-10T07:20:00+00:00,52683.20999999999,52692.20999999999,52677.20999999999,52688.70999999999,419
2026-07-10T07:25:00+00:00,52688.70999999999,52690.70999999999,52668.20999999999,52682.20999999999,419
2026-07-10T07:30:00+00:00,52682.20999999999,52684.70999999999,52667.20999999999,52674.20999999999,371
2026-07-10T07:35:00+00:00,52674.20999999999,52686.70999999999,52671.20999999999,52685.20999999999,348
2026-07-10T07:40:00+00:00,52685.20999999999,52688.20999999999,52674.70999999999,52674.70999999999,303
2026-07-10T07:45:00+00:00,52674.70999999999,52677.20999999999,52629.20999999999,52637.70999999999,610
2026-07-10T07:50:00+00:00,52637.70999999999,52638.20999999999,52627.20999999999,52632.70999999999,532
2026-07-10T07:55:00+00:00,52632.70999999999,52655.70999999999,52629.20999999999,52650.70999999999,470
2026-07-10T08:00:00+00:00,52650.70999999999,52666.70999999999,52632.70999999999,52661.70999999999,1166
2026-07-10T08:05:00+00:00,52661.70999999999,52712.70999999999,52661.20999999999,52693.20999999999,834
2026-07-10T08:10:00+00:00,52693.20999999999,52711.70999999999,52687.20999999999,52694.70999999999,695
2026-07-10T08:15:00+00:00,52694.70999999999,52695.20999999999,52667.20999999999,52671.20999999999,501
2026-07-10T08:20:00+00:00,52671.20999999999,52684.70999999999,52667.70999999999,52672.70999999999,499
2026-07-10T08:25:00+00:00,52672.70999999999,52679.20999999999,52665.70999999999,52668.20999999999,468
2026-07-10T08:30:00+00:00,52668.20999999999,52668.20999999999,52642.20999999999,52659.20999999999,651
2026-07-10T08:35:00+00:00,52659.20999999999,52668.20999999999,52641.20999999999,52644.70999999999,606
2026-07-10T08:40:00+00:00,52644.70999999999,52655.70999999999,52634.70999999999,52647.20999999999,476
2026-07-10T08:45:00+00:00,52647.20999999999,52648.70999999999,52626.70999999999,52630.70999999999,450
2026-07-10T08:50:00+00:00,52630.70999999999,52647.70999999999,52612.70999999999,52619.20999999999,548
2026-07-10T08:55:00+00:00,52619.20999999999,52648.20999999999,52616.20999999999,52640.20999999999,513
2026-07-10T09:00:00+00:00,52640.20999999999,52672.70999999999,52621.70999999999,52670.70999999999,1232
2026-07-10T09:05:00+00:00,52670.70999999999,52677.70999999999,52658.20999999999,52676.20999999999,537
2026-07-10T09:10:00+00:00,52676.20999999999,52691.70999999999,52671.70999999999,52687.70999999999,399
2026-07-10T09:15:00+00:00,52687.70999999999,52693.20999999999,52676.70999999999,52687.70999999999,431
2026-07-10T09:20:00+00:00,52687.70999999999,52691.70999999999,52665.70999999999,52667.70999999999,379
2026-07-10T09:25:00+00:00,52667.70999999999,52671.70999999999,52659.20999999999,52668.70999999999,291
2026-07-10T09:30:00+00:00,52668.70999999999,52675.70999999999,52663.20999999999,52667.70999999999,317
2026-07-10T09:35:00+00:00,52667.70999999999,52667.70999999999,52654.20999999999,52656.70999999999,315
2026-07-10T09:40:00+00:00,52656.70999999999,52657.70999999999,52636.70999999999,52646.20999999999,245
2026-07-10T09:45:00+00:00,52646.20999999999,52664.20999999999,52643.70999999999,52664.20999999999,377
2026-07-10T09:50:00+00:00,52664.20999999999,52680.20999999999,52663.70999999999,52672.70999999999,335
2026-07-10T09:55:00+00:00,52672.70999999999,52674.70999999999,52661.70999999999,52661.70999999999,278
2026-07-10T10:00:00+00:00,52661.70999999999,52692.70999999999,52661.70999999999,52689.20999999999,421
2026-07-10T10:05:00+00:00,52689.20999999999,52708.20999999999,52689.20999999999,52703.70999999999,327
2026-07-10T10:10:00+00:00,52703.70999999999,52709.70999999999,52696.20999999999,52696.70999999999,395
2026-07-10T10:15:00+00:00,52696.70999999999,52711.20999999999,52696.20999999999,52711.20999999999,255
2026-07-10T10:20:00+00:00,52711.20999999999,52726.70999999999,52701.70999999999,52714.70999999999,723
2026-07-10T10:25:00+00:00,52714.70999999999,52720.70999999999,52707.20999999999,52717.70999999999,368
2026-07-10T10:30:00+00:00,52717.70999999999,52739.20999999999,52717.70999999999,52731.70999999999,519
2026-07-10T10:35:00+00:00,52731.70999999999,52736.20999999999,52727.70999999999,52731.20999999999,380
2026-07-10T10:40:00+00:00,52731.20999999999,52739.70999999999,52717.20999999999,52738.70999999999,322
2026-07-10T10:45:00+00:00,52738.70999999999,52738.70999999999,52716.70999999999,52720.70999999999,299
2026-07-10T10:50:00+00:00,52720.70999999999,52721.70999999999,52703.20999999999,52708.20999999999,374
2026-07-10T10:55:00+00:00,52708.20999999999,52729.20999999999,52707.70999999999,52727.20999999999,307
2026-07-10T11:00:00+00:00,52727.20999999999,52731.70999999999,52705.20999999999,52706.20999999999,611
2026-07-10T11:05:00+00:00,52706.20999999999,52715.70999999999,52702.20999999999,52715.20999999999,351
2026-07-10T11:10:00+00:00,52715.20999999999,52720.70999999999,52707.20999999999,52709.70999999999,327
2026-07-10T11:15:00+00:00,52709.70999999999,52722.70999999999,52707.70999999999,52719.70999999999,252
2026-07-10T11:20:00+00:00,52719.70999999999,52727.70999999999,52714.20999999999,52725.70999999999,313
2026-07-10T11:25:00+00:00,52725.70999999999,52726.70999999999,52696.70999999999,52697.20999999999,614
2026-07-10T11:30:00+00:00,52697.20999999999,52699.20999999999,52662.70999999999,52664.70999999999,656
2026-07-10T11:35:00+00:00,52664.70999999999,52667.70999999999,52646.70999999999,52651.70999999999,653
2026-07-10T11:40:00+00:00,52651.70999999999,52668.70999999999,52645.20999999999,52668.70999999999,468
2026-07-10T11:45:00+00:00,52668.70999999999,52682.70999999999,52668.20999999999,52676.20999999999,453
2026-07-10T11:50:00+00:00,52676.20999999999,52689.20999999999,52675.20999999999,52678.70999999999,380
2026-07-10T11:55:00+00:00,52678.70999999999,52682.70999999999,52660.70999999999,52667.20999999999,443
2026-07-10T12:00:00+00:00,52667.20999999999,52673.20999999999,52640.20999999999,52645.70999999999,607
2026-07-10T12:05:00+00:00,52645.70999999999,52672.20999999999,52629.20999999999,52671.20999999999,716
2026-07-10T12:10:00+00:00,52671.20999999999,52795.70999999999,52671.20999999999,52739.70999999999,4155
2026-07-10T12:15:00+00:00,52739.70999999999,52753.20999999999,52713.70999999999,52718.20999999999,1734
2026-07-10T12:20:00+00:00,52718.20999999999,52723.70999999999,52688.20999999999,52721.20999999999,1024
2026-07-10T12:25:00+00:00,52721.20999999999,52723.70999999999,52703.70999999999,52709.20999999999,625
2026-07-10T12:30:00+00:00,52709.20999999999,52712.70999999999,52682.20999999999,52687.20999999999,733
2026-07-10T12:35:00+00:00,52687.20999999999,52729.70999999999,52675.70999999999,52728.70999999999,835
2026-07-10T12:40:00+00:00,52728.70999999999,52747.70999999999,52718.70999999999,52733.70999999999,1002
2026-07-10T12:45:00+00:00,52733.70999999999,52755.70999999999,52732.20999999999,52734.70999999999,613
2026-07-10T12:50:00+00:00,52734.70999999999,52739.70999999999,52725.20999999999,52733.20999999999,690
2026-07-10T12:55:00+00:00,52733.20999999999,52746.20999999999,52726.70999999999,52729.70999999999,579
2026-07-10T13:00:00+00:00,52729.70999999999,52746.70999999999,52718.70999999999,52737.20999999999,905
2026-07-10T13:05:00+00:00,52737.20999999999,52750.70999999999,52732.70999999999,52746.20999999999,741
2026-07-10T13:10:00+00:00,52746.20999999999,52781.20999999999,52736.70999999999,52779.70999999999,713
2026-07-10T13:15:00+00:00,52779.70999999999,52782.20999999999,52753.70999999999,52757.70999999999,670
2026-07-10T13:20:00+00:00,52757.70999999999,52775.20999999999,52757.70999999999,52774.70999999999,441
2026-07-10T13:25:00+00:00,52774.70999999999,52776.20999999999,52734.20999999999,52751.70999999999,1269
2026-07-10T13:30:00+00:00,52751.70999999999,52760.56,52627.56,52644.06,12774
2026-07-10T13:35:00+00:00,52644.06,52711.56,52625.06,52708.56,8609
2026-07-10T13:40:00+00:00,52708.56,52716.06,52615.45999999999,52683.56,7237
2026-07-10T13:45:00+00:00,52683.56,52688.56,52631.56,52633.56,6058
2026-07-10T13:50:00+00:00,52633.56,52678.56,52619.06,52656.56,4901
2026-07-10T13:55:00+00:00,52656.56,52675.56,52632.56,52658.56,4694
2026-07-10T14:00:00+00:00,52658.56,52675.06,52635.56,52653.56,4651
2026-07-10T14:05:00+00:00,52653.56,52671.56,52617.56,52624.56,4356
2026-07-10T14:10:00+00:00,52624.56,52629.06,52560.06,52562.56,3413
2026-07-10T14:15:00+00:00,52562.56,52675.06,52548.06,52671.56,3995
2026-07-10T14:20:00+00:00,52671.56,52698.56,52662.56,52664.56,3492
2026-07-10T14:25:00+00:00,52664.56,52704.06,52651.56,52672.06,3486
2026-07-10T14:30:00+00:00,52672.06,52690.56,52350.56,52543.06,15680
2026-07-10T14:35:00+00:00,52543.06,52651.56,52517.06,52604.56,9942
2026-07-10T14:40:00+00:00,52604.56,52676.56,52596.56,52671.56,5953
2026-07-10T14:45:00+00:00,52671.56,52678.06,52630.56,52672.56,4043
2026-07-10T14:50:00+00:00,52672.56,52694.56,52665.56,52668.56,3579
2026-07-10T14:55:00+00:00,52668.56,52669.56,52600.45999999999,52629.56,4101
2026-07-10T15:00:00+00:00,52629.56,52671.06,52621.56,52646.56,4639
2026-07-10T15:05:00+00:00,52646.56,52679.06,52638.56,52678.56,3348
2026-07-10T15:10:00+00:00,52678.56,52693.56,52662.56,52693.56,2570
2026-07-10T15:15:00+00:00,52693.56,52752.56,52693.06,52731.56,3907
2026-07-10T15:20:00+00:00,52731.56,52753.56,52691.56,52740.06,3070
2026-07-10T15:25:00+00:00,52740.06,52767.56,52728.06,52745.56,2867
2026-07-10T15:30:00+00:00,52745.56,52751.56,52711.06,52720.06,2736
2026-07-10T15:35:00+00:00,52720.06,52727.56,52696.56,52700.06,2344
2026-07-10T15:40:00+00:00,52700.06,52722.06,52680.56,52712.56,3685
2026-07-10T15:45:00+00:00,52712.56,52713.06,52680.06,52694.06,2935
2026-07-10T15:50:00+00:00,52694.06,52738.56,52687.56,52738.56,1991
2026-07-10T15:55:00+00:00,52738.56,52742.06,52709.06,52711.56,1713
2026-07-10T16:00:00+00:00,52711.56,52740.56,52693.56,52705.06,2099
2026-07-10T16:05:00+00:00,52705.06,52707.56,52673.56,52690.56,1630
2026-07-10T16:10:00+00:00,52690.56,52713.56,52681.56,52713.06,1585
2026-07-10T16:15:00+00:00,52713.06,52738.06,52698.56,52704.56,1658
2026-07-10T16:20:00+00:00,52704.56,52707.56,52668.56,52677.06,1461
2026-07-10T16:25:00+00:00,52677.06,52686.56,52662.56,52683.56,1353
2026-07-10T16:30:00+00:00,52683.56,52717.06,52682.56,52689.56,1062
2026-07-10T16:35:00+00:00,52689.56,52694.56,52658.56,52687.56,1240
2026-07-10T16:40:00+00:00,52687.56,52718.06,52683.56,52713.06,1036
2026-07-10T16:45:00+00:00,52713.06,52733.56,52710.56,52727.56,1307
2026-07-10T16:50:00+00:00,52727.56,52743.56,52723.56,52740.56,1139
2026-07-10T16:55:00+00:00,52740.56,52755.06,52740.06,52746.06,1050
2026-07-10T17:00:00+00:00,52746.06,52747.06,52723.56,52733.56,1308
2026-07-10T17:05:00+00:00,52733.56,52739.56,52726.56,52730.06,925
2026-07-10T17:10:00+00:00,52730.06,52752.06,52723.56,52749.56,750
2026-07-10T17:15:00+00:00,52749.56,52773.56,52747.06,52755.56,889
2026-07-10T17:20:00+00:00,52755.56,52761.56,52735.56,52741.56,842
2026-07-10T17:25:00+00:00,52741.56,52745.56,52730.56,52742.56,774
2026-07-10T17:30:00+00:00,52742.56,52757.56,52739.06,52756.56,997
2026-07-10T17:35:00+00:00,52756.56,52776.06,52751.56,52752.56,1240
2026-07-10T17:40:00+00:00,52752.56,52761.56,52745.56,52750.06,937
2026-07-10T17:45:00+00:00,52750.06,52778.56,52747.06,52765.56,786
2026-07-10T17:50:00+00:00,52765.56,52779.56,52762.56,52776.56,584
2026-07-10T17:55:00+00:00,52776.56,52779.56,52747.56,52749.56,824
2026-07-10T18:00:00+00:00,52749.56,52757.56,52737.06,52749.56,1060
2026-07-10T18:05:00+00:00,52749.56,52770.06,52746.56,52763.56,878
2026-07-10T18:10:00+00:00,52763.56,52786.06,52755.45999999999,52764.56,1242
2026-07-10T18:15:00+00:00,52764.56,52770.56,52758.56,52765.56,823
2026-07-10T18:20:00+00:00,52765.56,52777.56,52758.06,52773.06,733
2026-07-10T18:25:00+00:00,52773.06,52793.06,52770.06,52783.56,1082
2026-07-10T18:30:00+00:00,52783.56,52798.56,52778.06,52779.56,906
2026-07-10T18:35:00+00:00,52779.56,52787.56,52772.06,52780.56,706
2026-07-10T18:40:00+00:00,52780.56,52800.06,52778.56,52791.56,673
2026-07-10T18:45:00+00:00,52791.56,52799.06,52790.56,52792.56,560
2026-07-10T18:50:00+00:00,52792.56,52792.56,52775.56,52789.56,623
2026-07-10T18:55:00+00:00,52789.56,52796.56,52783.56,52790.56,678
2026-07-10T19:00:00+00:00,52790.56,52804.56,52783.56,52802.56,1156
2026-07-10T19:05:00+00:00,52802.56,52818.06,52800.56,52817.56,909
2026-07-10T19:10:00+00:00,52817.56,52830.06,52817.56,52818.56,801
2026-07-10T19:15:00+00:00,52818.56,52828.56,52809.56,52809.56,852
2026-07-10T19:20:00+00:00,52809.56,52820.56,52804.06,52818.56,754
2026-07-10T19:25:00+00:00,52818.56,52826.06,52810.56,52811.56,714
2026-07-10T19:30:00+00:00,52811.56,52812.56,52783.56,52794.56,1229
2026-07-10T19:35:00+00:00,52794.56,52798.56,52784.06,52791.56,987
2026-07-10T19:40:00+00:00,52791.56,52811.06,52784.56,52807.56,1176
2026-07-10T19:45:00+00:00,52807.56,52818.56,52800.06,52806.56,1110
2026-07-10T19:50:00+00:00,52806.56,52824.06,52800.06,52807.06,1795
2026-07-10T19:55:00+00:00,52807.06,52811.06,52738.06,52759.56,2715
2026-07-10T20:00:00+00:00,52759.56,52804.70999999999,52753.20999999999,52789.20999999999,1152
2026-07-10T20:05:00+00:00,52789.20999999999,52796.70999999999,52784.70999999999,52793.70999999999,312
2026-07-10T20:10:00+00:00,52793.70999999999,52805.20999999999,52790.20999999999,52800.20999999999,366
2026-07-10T20:15:00+00:00,52800.20999999999,52810.20999999999,52695.59,52697.59,302
2026-07-10T20:20:00+00:00,52697.59,52707.09,52693.59,52702.09,355
2026-07-10T20:25:00+00:00,52702.09,52707.09,52697.09,52702.09,338
2026-07-10T20:30:00+00:00,52702.09,52710.09,52688.59,52695.59,178
2026-07-10T20:35:00+00:00,52695.59,52702.59,52693.59,52699.59,92
2026-07-10T20:40:00+00:00,52699.59,52705.59,52699.59,52704.09,78
2026-07-12T22:00:00+00:00,52704.09,52849.23999999999,52704.09,52796.73999999999,826
2026-07-12T22:05:00+00:00,52796.73999999999,52804.23999999999,52752.48999999999,52774.23999999999,537
2026-07-12T22:10:00+00:00,52774.23999999999,52785.73999999999,52733.23999999999,52736.23999999999,467
2026-07-12T22:15:00+00:00,52736.23999999999,52759.23999999999,52730.48999999999,52734.48999999999,359
2026-07-12T22:20:00+00:00,52734.48999999999,52755.73999999999,52728.73999999999,52748.23999999999,207
2026-07-12T22:25:00+00:00,52748.23999999999,52766.73999999999,52740.48999999999,52760.73999999999,160
2026-07-12T22:30:00+00:00,52760.73999999999,52784.73999999999,52760.73999999999,52782.73999999999,142.1654729232211
2026-07-12T22:35:00+00:00,52782.73999999999,52787.73999999999,52774.23999999999,52787.73999999999,145
2026-07-12T22:40:00+00:00,52787.73999999999,52792.23999999999,52781.73999999999,52788.23999999999,96
2026-07-12T22:45:00+00:00,52788.23999999999,52789.23999999999,52771.73999999999,52780.73999999999,187
2026-07-12T22:50:00+00:00,52780.73999999999,52794.73999999999,52780.73999999999,52791.73999999999,119
2026-07-12T22:55:00+00:00,52791.73999999999,52799.73999999999,52789.73999999999,52795.73999999999,126
2026-07-12T23:00:00+00:00,52795.73999999999,52795.73999999999,52782.23999999999,52787.73999999999,462
2026-07-12T23:05:00+00:00,52787.73999999999,52795.73999999999,52787.73999999999,52789.73999999999,129
2026-07-12T23:10:00+00:00,52789.73999999999,52797.23999999999,52789.73999999999,52795.73999999999,110
2026-07-12T23:15:00+00:00,52795.73999999999,52799.23999999999,52789.23999999999,52796.23999999999,204
2026-07-12T23:20:00+00:00,52796.23999999999,52796.73999999999,52783.23999999999,52788.73999999999,111
2026-07-12T23:25:00+00:00,52788.73999999999,52788.73999999999,52778.73999999999,52780.73999999999,119
2026-07-12T23:30:00+00:00,52780.73999999999,52784.73999999999,52776.23999999999,52778.23999999999,122
2026-07-12T23:35:00+00:00,52778.23999999999,52783.73999999999,52771.23999999999,52780.23999999999,129
2026-07-12T23:40:00+00:00,52780.23999999999,52783.23999999999,52766.73999999999,52768.23999999999,150
2026-07-12T23:45:00+00:00,52768.23999999999,52773.73999999999,52751.73999999999,52759.73999999999,624
2026-07-12T23:50:00+00:00,52759.73999999999,52789.73999999999,52756.73999999999,52773.23999999999,470
2026-07-12T23:55:00+00:00,52773.23999999999,52787.73999999999,52767.73999999999,52785.73999999999,358
2026-07-13T00:00:00+00:00,52785.73999999999,52791.73999999999,52765.23999999999,52779.73999999999,1872
2026-07-13T00:05:00+00:00,52779.73999999999,52800.73999999999,52774.23999999999,52796.73999999999,1121
2026-07-13T00:10:00+00:00,52796.73999999999,52821.73999999999,52796.23999999999,52809.73999999999,1139
2026-07-13T00:15:00+00:00,52809.73999999999,52817.23999999999,52780.73999999999,52794.23999999999,1556
2026-07-13T00:20:00+00:00,52794.23999999999,52801.73999999999,52788.73999999999,52796.73999999999,1010
2026-07-13T00:25:00+00:00,52796.73999999999,52800.23999999999,52784.73999999999,52786.23999999999,647
2026-07-13T00:30:00+00:00,52786.23999999999,52794.23999999999,52774.73999999999,52775.23999999999,961
2026-07-13T00:35:00+00:00,52775.23999999999,52785.73999999999,52772.73999999999,52785.73999999999,769
2026-07-13T00:40:00+00:00,52785.73999999999,52787.73999999999,52770.73999999999,52780.73999999999,985
2026-07-13T00:45:00+00:00,52780.73999999999,52786.73999999999,52769.73999999999,52775.23999999999,969
2026-07-13T00:50:00+00:00,52775.23999999999,52775.73999999999,52740.23999999999,52749.23999999999,1388
2026-07-13T00:55:00+00:00,52749.23999999999,52760.73999999999,52743.23999999999,52757.73999999999,852
2026-07-13T01:00:00+00:00,52757.73999999999,52758.23999999999,52727.23999999999,52730.23999999999,1288
2026-07-13T01:05:00+00:00,52730.23999999999,52744.73999999999,52720.73999999999,52720.73999999999,794
2026-07-13T01:10:00+00:00,52720.73999999999,52731.23999999999,52717.73999999999,52720.23999999999,783
2026-07-13T01:15:00+00:00,52720.23999999999,52746.73999999999,52720.23999999999,52739.23999999999,1034
2026-07-13T01:20:00+00:00,52739.23999999999,52739.73999999999,52704.23999999999,52709.73999999999,1102
2026-07-13T01:25:00+00:00,52709.73999999999,52726.73999999999,52704.23999999999,52722.23999999999,737
2026-07-13T01:30:00+00:00,52722.23999999999,52727.73999999999,52711.73999999999,52715.73999999999,733
2026-07-13T01:35:00+00:00,52715.73999999999,52737.73999999999,52712.73999999999,52737.73999999999,796
2026-07-13T01:40:00+00:00,52737.73999999999,52738.23999999999,52708.73999999999,52716.73999999999,704
2026-07-13T01:45:00+00:00,52716.73999999999,52721.73999999999,52710.73999999999,52710.73999999999,809
2026-07-13T01:50:00+00:00,52710.73999999999,52718.23999999999,52709.23999999999,52713.73999999999,760
2026-07-13T01:55:00+00:00,52713.73999999999,52720.73999999999,52700.23999999999,52718.73999999999,860
2026-07-13T02:00:00+00:00,52718.73999999999,52724.73999999999,52689.73999999999,52693.73999999999,923
2026-07-13T02:05:00+00:00,52693.73999999999,52709.23999999999,52692.23999999999,52706.73999999999,934
2026-07-13T02:10:00+00:00,52706.73999999999,52718.73999999999,52698.23999999999,52699.23999999999,392
2026-07-13T02:15:00+00:00,52699.23999999999,52705.73999999999,52692.23999999999,52703.73999999999,360
2026-07-13T02:20:00+00:00,52703.73999999999,52714.73999999999,52701.73999999999,52711.23999999999,715
2026-07-13T02:25:00+00:00,52711.23999999999,52716.73999999999,52703.73999999999,52707.73999999999,363
2026-07-13T02:30:00+00:00,52707.73999999999,52715.73999999999,52696.73999999999,52714.73999999999,455
2026-07-13T02:35:00+00:00,52714.73999999999,52718.73999999999,52708.73999999999,52712.23999999999,319
2026-07-13T02:40:00+00:00,52712.23999999999,52715.73999999999,52707.73999999999,52711.73999999999,332
2026-07-13T02:45:00+00:00,52711.73999999999,52713.23999999999,52704.73999999999,52709.73999999999,217
2026-07-13T02:50:00+00:00,52709.73999999999,52716.73999999999,52703.73999999999,52705.73999999999,287
2026-07-13T02:55:00+00:00,52705.73999999999,52707.73999999999,52695.73999999999,52696.73999999999,306
2026-07-13T03:00:00+00:00,52696.73999999999,52698.73999999999,52681.73999999999,52681.73999999999,399
2026-07-13T03:05:00+00:00,52681.73999999999,52688.73999999999,52680.73999999999,52688.23999999999,398
2026-07-13T03:10:00+00:00,52688.23999999999,52693.73999999999,52687.73999999999,52692.73999999999,243
2026-07-13T03:15:00+00:00,52692.73999999999,52693.73999999999,52685.23999999999,52687.23999999999,206
2026-07-13T03:20:00+00:00,52687.23999999999,52691.23999999999,52684.73999999999,52689.23999999999,279
2026-07-13T03:25:00+00:00,52689.23999999999,52696.73999999999,52688.73999999999,52692.73999999999,197
2026-07-13T03:30:00+00:00,52692.73999999999,52697.73999999999,52686.73999999999,52688.23999999999,304
2026-07-13T03:35:00+00:00,52688.23999999999,52690.73999999999,52681.23999999999,52689.23999999999,359
2026-07-13T03:40:00+00:00,52689.23999999999,52693.73999999999,52683.73999999999,52684.23999999999,327
2026-07-13T03:45:00+00:00,52684.23999999999,52692.73999999999,52683.23999999999,52690.23999999999,269
2026-07-13T03:50:00+00:00,52690.23999999999,52692.23999999999,52677.73999999999,52681.73999999999,248
2026-07-13T03:55:00+00:00,52681.73999999999,52682.73999999999,52668.73999999999,52675.23999999999,274
2026-07-13T04:00:00+00:00,52675.23999999999,52677.73999999999,52663.73999999999,52665.23999999999,400
2026-07-13T04:05:00+00:00,52665.23999999999,52667.73999999999,52660.23999999999,52662.73999999999,344
2026-07-13T04:10:00+00:00,52662.73999999999,52670.73999999999,52660.23999999999,52663.23999999999,242
2026-07-13T04:15:00+00:00,52663.23999999999,52681.73999999999,52660.73999999999,52680.73999999999,330
2026-07-13T04:20:00+00:00,52680.73999999999,52691.73999999999,52679.23999999999,52683.73999999999,288
2026-07-13T04:25:00+00:00,52683.73999999999,52683.73999999999,52669.73999999999,52675.73999999999,342
2026-07-13T04:30:00+00:00,52675.73999999999,52681.23999999999,52672.73999999999,52679.23999999999,206
2026-07-13T04:35:00+00:00,52679.23999999999,52680.23999999999,52664.23999999999,52670.73999999999,264
2026-07-13T04:40:00+00:00,52670.73999999999,52671.73999999999,52660.73999999999,52665.73999999999,283
2026-07-13T04:45:00+00:00,52665.73999999999,52667.73999999999,52654.73999999999,52657.73999999999,259
2026-07-13T04:50:00+00:00,52657.73999999999,52669.73999999999,52655.23999999999,52666.73999999999,213
2026-07-13T04:55:00+00:00,52666.73999999999,52672.73999999999,52664.73999999999,52665.23999999999,167
2026-07-13T05:00:00+00:00,52665.23999999999,52669.23999999999,52650.23999999999,52651.73999999999,609
2026-07-13T05:05:00+00:00,52651.73999999999,52684.23999999999,52648.73999999999,52681.73999999999,521
2026-07-13T05:10:00+00:00,52681.73999999999,52701.73999999999,52680.73999999999,52697.73999999999,387
2026-07-13T05:15:00+00:00,52697.73999999999,52702.73999999999,52682.23999999999,52690.23999999999,317
2026-07-13T05:20:00+00:00,52690.23999999999,52690.73999999999,52663.23999999999,52670.23999999999,562
2026-07-13T05:25:00+00:00,52670.23999999999,52679.23999999999,52662.73999999999,52665.73999999999,632
2026-07-13T05:30:00+00:00,52665.73999999999,52674.73999999999,52634.23999999999,52673.73999999999,1166
2026-07-13T05:35:00+00:00,52673.73999999999,52686.73999999999,52673.23999999999,52678.73999999999,674
2026-07-13T05:40:00+00:00,52678.73999999999,52685.73999999999,52665.73999999999,52669.73999999999,558
2026-07-13T05:45:00+00:00,52669.73999999999,52670.73999999999,52645.73999999999,52659.73999999999,573
2026-07-13T05:50:00+00:00,52659.73999999999,52681.73999999999,52658.73999999999,52667.73999999999,609
2026-07-13T05:55:00+00:00,52667.73999999999,52687.73999999999,52664.23999999999,52686.73999999999,468
2026-07-13T06:00:00+00:00,52686.73999999999,52713.73999999999,52685.73999999999,52709.73999999999,990
2026-07-13T06:05:00+00:00,52709.73999999999,52717.73999999999,52694.23999999999,52709.73999999999,860
2026-07-13T06:10:00+00:00,52709.73999999999,52713.23999999999,52694.73999999999,52698.73999999999,756
2026-07-13T06:15:00+00:00,52698.73999999999,52745.73999999999,52698.23999999999,52745.73999999999,843
2026-07-13T06:20:00+00:00,52745.73999999999,52772.73999999999,52743.23999999999,52765.23999999999,777
2026-07-13T06:25:00+00:00,52765.23999999999,52783.73999999999,52765.23999999999,52782.73999999999,724
2026-07-13T06:30:00+00:00,52782.73999999999,52785.23999999999,52758.73999999999,52759.73999999999,794
2026-07-13T06:35:00+00:00,52759.73999999999,52766.73999999999,52750.73999999999,52758.73999999999,524
2026-07-13T06:40:00+00:00,52758.73999999999,52773.23999999999,52751.73999999999,52770.73999999999,404
2026-07-13T06:45:00+00:00,52770.73999999999,52796.23999999999,52767.23999999999,52793.23999999999,584
2026-07-13T06:50:00+00:00,52793.23999999999,52800.23999999999,52775.23999999999,52781.73999999999,506
2026-07-13T06:55:00+00:00,52781.73999999999,52809.23999999999,52777.73999999999,52805.73999999999,437
2026-07-13T07:00:00+00:00,52805.73999999999,52851.73999999999,52789.73999999999,52844.73999999999,1556
2026-07-13T07:05:00+00:00,52844.73999999999,52856.73999999999,52838.73999999999,52854.73999999999,849
2026-07-13T07:10:00+00:00,52854.73999999999,52870.23999999999,52851.73999999999,52865.73999999999,806
2026-07-13T07:15:00+00:00,52865.73999999999,52872.73999999999,52820.73999999999,52820.73999999999,753
2026-07-13T07:20:00+00:00,52820.73999999999,52839.73999999999,52818.23999999999,52829.73999999999,665
2026-07-13T07:25:00+00:00,52829.73999999999,52830.73999999999,52805.23999999999,52808.73999999999,506
2026-07-13T07:30:00+00:00,52808.73999999999,52812.73999999999,52779.73999999999,52800.73999999999,627
2026-07-13T07:35:00+00:00,52800.73999999999,52827.23999999999,52799.73999999999,52819.73999999999,744
2026-07-13T07:40:00+00:00,52819.73999999999,52840.73999999999,52806.73999999999,52812.73999999999,736
2026-07-13T07:45:00+00:00,52812.73999999999,52823.73999999999,52808.73999999999,52812.73999999999,486
2026-07-13T07:50:00+00:00,52812.73999999999,52836.23999999999,52803.73999999999,52835.23999999999,507
2026-07-13T07:55:00+00:00,52835.23999999999,52845.73999999999,52829.73999999999,52831.23999999999,643
2026-07-13T08:00:00+00:00,52831.23999999999,52871.23999999999,52825.73999999999,52861.73999999999,1293
2026-07-13T08:05:00+00:00,52861.73999999999,52905.73999999999,52861.73999999999,52885.23999999999,1548
2026-07-13T08:10:00+00:00,52885.23999999999,52895.73999999999,52878.23999999999,52894.73999999999,917
2026-07-13T08:15:00+00:00,52894.73999999999,52922.73999999999,52891.23999999999,52905.23999999999,737
2026-07-13T08:20:00+00:00,52905.23999999999,52908.73999999999,52887.73999999999,52889.23999999999,728
2026-07-13T08:25:00+00:00,52889.23999999999,52908.73999999999,52885.73999999999,52894.73999999999,668
2026-07-13T08:30:00+00:00,52894.73999999999,52911.23999999999,52893.73999999999,52897.73999999999,501
2026-07-13T08:35:00+00:00,52897.73999999999,52912.73999999999,52895.73999999999,52900.73999999999,574
2026-07-13T08:40:00+00:00,52900.73999999999,52908.23999999999,52894.73999999999,52903.73999999999,564
2026-07-13T08:45:00+00:00,52903.73999999999,52911.73999999999,52900.73999999999,52910.23999999999,509
2026-07-13T08:50:00+00:00,52910.23999999999,52923.73999999999,52905.73999999999,52917.73999999999,536
2026-07-13T08:55:00+00:00,52917.73999999999,52927.23999999999,52914.73999999999,52925.73999999999,420
2026-07-13T09:00:00+00:00,52925.73999999999,52932.23999999999,52912.23999999999,52918.73999999999,559
2026-07-13T09:05:00+00:00,52918.73999999999,52938.23999999999,52914.73999999999,52934.23999999999,445
2026-07-13T09:10:00+00:00,52934.23999999999,52934.73999999999,52907.23999999999,52917.23999999999,373
2026-07-13T09:15:00+00:00,52917.23999999999,52940.23999999999,52912.73999999999,52933.73999999999,387
2026-07-13T09:20:00+00:00,52933.73999999999,52939.73999999999,52926.23999999999,52937.73999999999,313
2026-07-13T09:25:00+00:00,52937.73999999999,52961.23999999999,52935.73999999999,52948.23999999999,360
2026-07-13T09:30:00+00:00,52948.23999999999,52960.73999999999,52936.73999999999,52938.73999999999,517
2026-07-13T09:35:00+00:00,52938.73999999999,52942.73999999999,52918.73999999999,52928.73999999999,538
2026-07-13T09:40:00+00:00,52928.73999999999,52932.73999999999,52905.73999999999,52913.73999999999,582
2026-07-13T09:45:00+00:00,52913.73999999999,52925.23999999999,52910.23999999999,52922.73999999999,420
2026-07-13T09:50:00+00:00,52922.73999999999,52924.73999999999,52911.73999999999,52915.23999999999,435
2026-07-13T09:55:00+00:00,52915.23999999999,52920.23999999999,52901.73999999999,52903.73999999999,374
2026-07-13T10:00:00+00:00,52903.73999999999,52906.23999999999,52869.73999999999,52889.73999999999,585
2026-07-13T10:05:00+00:00,52889.73999999999,52893.23999999999,52878.73999999999,52881.73999999999,611
2026-07-13T10:10:00+00:00,52881.73999999999,52898.73999999999,52880.73999999999,52896.23999999999,480
2026-07-13T10:15:00+00:00,52896.23999999999,52903.23999999999,52890.73999999999,52896.23999999999,388
2026-07-13T10:20:00+00:00,52896.23999999999,52897.73999999999,52879.73999999999,52882.23999999999,388
2026-07-13T10:25:00+00:00,52882.23999999999,52883.73999999999,52869.73999999999,52875.23999999999,399
2026-07-13T10:30:00+00:00,52875.23999999999,52881.73999999999,52860.23999999999,52875.73999999999,629
2026-07-13T10:35:00+00:00,52875.73999999999,52887.73999999999,52874.23999999999,52883.23999999999,347
2026-07-13T10:40:00+00:00,52883.23999999999,52886.73999999999,52869.23999999999,52875.73999999999,384
2026-07-13T10:45:00+00:00,52875.73999999999,52879.73999999999,52861.73999999999,52868.73999999999,572
2026-07-13T10:50:00+00:00,52868.73999999999,52879.73999999999,52863.73999999999,52870.73999999999,365
2026-07-13T10:55:00+00:00,52870.73999999999,52873.73999999999,52859.23999999999,52873.73999999999,366
2026-07-13T11:00:00+00:00,52873.73999999999,52878.23999999999,52854.73999999999,52860.73999999999,711
2026-07-13T11:05:00+00:00,52860.73999999999,52891.23999999999,52859.73999999999,52885.73999999999,999
2026-07-13T11:10:00+00:00,52885.73999999999,52885.73999999999,52842.73999999999,52850.73999999999,776
2026-07-13T11:15:00+00:00,52850.73999999999,52861.23999999999,52834.73999999999,52837.23999999999,483
2026-07-13T11:20:00+00:00,52837.23999999999,52851.23999999999,52832.23999999999,52848.73999999999,430
2026-07-13T11:25:00+00:00,52848.73999999999,52875.73999999999,52847.73999999999,52871.73999999999,487
2026-07-13T11:30:00+00:00,52871.73999999999,52874.73999999999,52854.73999999999,52872.73999999999,629
2026-07-13T11:35:00+00:00,52872.73999999999,52879.73999999999,52854.73999999999,52855.73999999999,650
2026-07-13T11:40:00+00:00,52855.73999999999,52861.73999999999,52850.73999999999,52857.73999999999,497
2026-07-13T11:45:00+00:00,52857.73999999999,52858.73999999999,52836.23999999999,52843.73999999999,711
2026-07-13T11:50:00+00:00,52843.73999999999,52843.73999999999,52815.23999999999,52817.73999999999,543
2026-07-13T11:55:00+00:00,52817.73999999999,52826.23999999999,52809.73999999999,52823.23999999999,557
2026-07-13T12:00:00+00:00,52823.23999999999,52834.23999999999,52816.73999999999,52823.73999999999,781
2026-07-13T12:05:00+00:00,52823.73999999999,52836.23999999999,52817.73999999999,52834.73999999999,678
2026-07-13T12:10:00+00:00,52834.73999999999,52858.73999999999,52783.73999999999,52800.23999999999,2201
2026-07-13T12:15:00+00:00,52800.23999999999,52824.23999999999,52798.73999999999,52813.73999999999,1058
2026-07-13T12:20:00+00:00,52813.73999999999,52813.73999999999,52797.73999999999,52808.73999999999,767
2026-07-13T12:25:00+00:00,52808.73999999999,52820.23999999999,52800.23999999999,52811.73999999999,705
2026-07-13T12:30:00+00:00,52811.73999999999,52814.23999999999,52787.23999999999,52805.73999999999,1061
2026-07-13T12:35:00+00:00,52805.73999999999,52807.73999999999,52791.73999999999,52802.23999999999,737
2026-07-13T12:40:00+00:00,52802.23999999999,52817.73999999999,52792.73999999999,52809.73999999999,924
2026-07-13T12:45:00+00:00,52809.73999999999,52835.73999999999,52809.23999999999,52831.23999999999,561
2026-07-13T12:50:00+00:00,52831.23999999999,52845.23999999999,52824.23999999999,52841.73999999999,876
2026-07-13T12:55:00+00:00,52841.73999999999,52862.23999999999,52839.73999999999,52860.73999999999,762
2026-07-13T13:00:00+00:00,52860.73999999999,52883.73999999999,52853.73999999999,52856.73999999999,934
2026-07-13T13:05:00+00:00,52856.73999999999,52873.73999999999,52844.73999999999,52846.73999999999,846
2026-07-13T13:10:00+00:00,52846.73999999999,52852.73999999999,52833.73999999999,52848.23999999999,777
2026-07-13T13:15:00+00:00,52848.23999999999,52854.23999999999,52836.23999999999,52848.23999999999,869
2026-07-13T13:20:00+00:00,52848.23999999999,52870.23999999999,52847.73999999999,52862.73999999999,687
2026-07-13T13:25:00+00:00,52862.73999999999,52886.23999999999,52842.23999999999,52886.23999999999,1593
2026-07-13T13:30:00+00:00,52886.23999999999,53049.59,52870.59,52995.59,13146
2026-07-13T13:35:00+00:00,52995.59,53038.59,52949.59,52983.59,9331
2026-07-13T13:40:00+00:00,52983.59,52998.59,52952.59,52957.59,8358
2026-07-13T13:45:00+00:00,52957.59,53015.59,52920.59,52999.59,8460
2026-07-13T13:50:00+00:00,52999.59,53077.59,52957.59,53070.59,7422
2026-07-13T13:55:00+00:00,53070.59,53091.09,53039.59,53068.59,6245
2026-07-13T14:00:00+00:00,53068.59,53092.59,52970.09,52975.09,7395
2026-07-13T14:05:00+00:00,52975.09,52980.59,52896.59,52916.09,5906
2026-07-13T14:10:00+00:00,52916.09,52988.59,52907.59,52982.59,4742
2026-07-13T14:15:00+00:00,52982.59,52998.59,52776.48999999999,52881.09,13927
2026-07-13T14:20:00+00:00,52881.09,52929.09,52825.09,52922.59,7890
2026-07-13T14:25:00+00:00,52922.59,52932.59,52898.09,52908.09,6082
2026-07-13T14:30:00+00:00,52908.09,52913.09,52847.59,52857.59,4544
2026-07-13T14:35:00+00:00,52857.59,52863.59,52806.09,52817.59,3820
2026-07-13T14:40:00+00:00,52817.59,52829.59,52772.09,52785.59,4073
2026-07-13T14:45:00+00:00,52785.59,52815.59,52750.09,52810.59,4237
2026-07-13T14:50:00+00:00,52810.59,52821.59,52749.59,52788.59,3694
2026-07-13T14:55:00+00:00,52788.59,52816.09,52775.59,52809.59,3091
2026-07-13T15:00:00+00:00,52809.59,52828.59,52771.59,52774.59,3271
2026-07-13T15:05:00+00:00,52774.59,52804.09,52760.59,52788.59,2285
2026-07-13T15:10:00+00:00,52788.59,52803.59,52764.59,52786.59,2349
2026-07-13T15:15:00+00:00,52786.59,52794.59,52759.59,52788.59,2271
2026-07-13T15:20:00+00:00,52788.59,52792.59,52766.59,52778.09,2338
2026-07-13T15:25:00+00:00,52778.09,52797.09,52747.59,52793.59,2273
2026-07-13T15:30:00+00:00,52793.59,52795.09,52752.09,52763.59,2590
2026-07-13T15:35:00+00:00,52763.59,52790.59,52760.59,52762.59,2222
2026-07-13T15:40:00+00:00,52762.59,52771.59,52747.09,52747.09,1765
2026-07-13T15:45:00+00:00,52747.09,52770.59,52744.59,52762.59,1932
2026-07-13T15:50:00+00:00,52762.59,52783.09,52741.59,52771.09,2068
2026-07-13T15:55:00+00:00,52771.09,52773.09,52723.59,52732.59,1841
2026-07-13T16:00:00+00:00,52732.59,52747.59,52714.59,52736.59,1942
2026-07-13T16:05:00+00:00,52736.59,52744.59,52719.59,52728.09,1642
2026-07-13T16:10:00+00:00,52728.09,52746.59,52711.59,52713.59,1578
2026-07-13T16:15:00+00:00,52713.59,52713.59,52669.59,52680.59,1988
2026-07-13T16:20:00+00:00,52680.59,52699.59,52672.59,52673.09,1825
2026-07-13T16:25:00+00:00,52673.09,52676.59,52607.59,52632.59,2999
2026-07-13T16:30:00+00:00,52632.59,52637.09,52603.59,52609.59,3791
2026-07-13T16:35:00+00:00,52609.59,52692.59,52582.09,52677.09,4679
2026-07-13T16:40:00+00:00,52677.09,52721.09,52661.59,52709.09,3593
2026-07-13T16:45:00+00:00,52709.09,52727.09,52685.09,52691.59,2994
2026-07-13T16:50:00+00:00,52691.59,52695.59,52648.59,52653.59,3940
2026-07-13T16:55:00+00:00,52653.59,52691.59,52647.59,52689.59,2811
2026-07-13T17:00:00+00:00,52689.59,52705.59,52685.59,52688.59,2340
2026-07-13T17:05:00+00:00,52688.59,52722.59,52686.59,52716.59,2089
2026-07-13T17:10:00+00:00,52716.59,52734.59,52713.59,52721.59,1935
2026-07-13T17:15:00+00:00,52721.59,52750.59,52703.59,52740.59,2013
2026-07-13T17:20:00+00:00,52740.59,52763.59,52714.59,52718.59,1943
2026-07-13T17:25:00+00:00,52718.59,52732.59,52711.09,52721.59,1927
2026-07-13T17:30:00+00:00,52721.59,52743.59,52714.59,52729.59,2109
2026-07-13T17:35:00+00:00,52729.59,52735.59,52714.59,52730.59,1916
2026-07-13T17:40:00+00:00,52730.59,52750.09,52718.59,52746.59,2193
2026-07-13T17:45:00+00:00,52746.59,52769.59,52726.59,52731.09,1917
2026-07-13T17:50:00+00:00,52731.09,52735.59,52709.59,52718.09,2422
2026-07-13T17:55:00+00:00,52718.09,52722.09,52688.59,52696.09,2131
2026-07-13T18:00:00+00:00,52696.09,52744.59,52692.59,52736.59,2519
2026-07-13T18:05:00+00:00,52736.59,52764.09,52732.59,52738.59,2029
2026-07-13T18:10:00+00:00,52738.59,52738.59,52705.59,52721.09,2056
2026-07-13T18:15:00+00:00,52721.09,52722.09,52680.09,52688.09,1847
2026-07-13T18:20:00+00:00,52688.09,52705.59,52672.59,52703.59,1971
2026-07-13T18:25:00+00:00,52703.59,52718.09,52695.09,52701.59,1716
2026-07-13T18:30:00+00:00,52701.59,52712.59,52689.59,52694.09,1970
2026-07-13T18:35:00+00:00,52694.09,52721.09,52693.09,52714.09,1744
2026-07-13T18:40:00+00:00,52714.09,52736.09,52702.59,52729.59,1627
2026-07-13T18:45:00+00:00,52729.59,52733.59,52709.09,52719.09,1789
2026-07-13T18:50:00+00:00,52719.09,52741.09,52710.59,52724.59,1312
2026-07-13T18:55:00+00:00,52724.59,52741.59,52719.59,52730.59,1460
2026-07-13T19:00:00+00:00,52730.59,52735.09,52704.59,52733.59,1587
2026-07-13T19:05:00+00:00,52733.59,52737.59,52718.59,52718.59,1350
2026-07-13T19:10:00+00:00,52718.59,52736.59,52706.59,52734.09,1630
2026-07-13T19:15:00+00:00,52734.09,52757.09,52726.09,52740.59,1507
2026-07-13T19:20:00+00:00,52740.59,52746.59,52713.09,52724.59,2053
2026-07-13T19:25:00+00:00,52724.59,52727.09,52675.09,52685.59,2181
2026-07-13T19:30:00+00:00,52685.59,52705.09,52673.59,52691.09,2823
2026-07-13T19:35:00+00:00,52691.09,52692.09,52653.09,52679.09,1951
2026-07-13T19:40:00+00:00,52679.09,52715.59,52677.59,52709.59,2039
2026-07-13T19:45:00+00:00,52709.59,52728.59,52702.59,52724.09,1859
2026-07-13T19:50:00+00:00,52724.09,52754.59,52709.09,52740.59,3295
2026-07-13T19:55:00+00:00,52740.59,52765.09,52731.59,52744.09,4110
2026-07-13T20:00:00+00:00,52744.09,52744.23999999999,52708.73999999999,52733.23999999999,1681
2026-07-13T20:05:00+00:00,52733.23999999999,52741.73999999999,52726.73999999999,52733.73999999999,929
2026-07-13T20:10:00+00:00,52733.73999999999,52736.23999999999,52703.73999999999,52708.23999999999,1143
2026-07-13T20:15:00+00:00,52708.23999999999,52714.73999999999,52657.73999999999,52690.23999999999,1519
2026-07-13T20:20:00+00:00,52690.23999999999,52704.23999999999,52690.23999999999,52699.23999999999,462
2026-07-13T20:25:00+00:00,52699.23999999999,52702.23999999999,52694.73999999999,52696.23999999999,211
2026-07-13T20:30:00+00:00,52696.23999999999,52697.73999999999,52678.23999999999,52691.73999999999,365
2026-07-13T20:35:00+00:00,52691.73999999999,52694.23999999999,52687.23999999999,52691.23999999999,248
2026-07-13T20:40:00+00:00,52691.23999999999,52691.23999999999,52678.23999999999,52684.73999999999,325
2026-07-13T20:45:00+00:00,52684.73999999999,52692.73999999999,52679.73999999999,52691.23999999999,339
2026-07-13T20:50:00+00:00,52691.23999999999,52692.23999999999,52679.23999999999,52691.23999999999,304
2026-07-13T20:55:00+00:00,52691.23999999999,52707.73999999999,52690.23999999999,52701.48999999999,461
2026-07-13T22:00:00+00:00,52701.48999999999,52745.73999999999,52701.48999999999,52720.23999999999,1259
2026-07-13T22:05:00+00:00,52720.23999999999,52737.73999999999,52709.48999999999,52717.23999999999,637
2026-07-13T22:10:00+00:00,52717.23999999999,52718.23999999999,52706.73999999999,52711.23999999999,262
2026-07-13T22:15:00+00:00,52711.23999999999,52720.23999999999,52711.23999999999,52714.73999999999,293
2026-07-13T22:20:00+00:00,52714.73999999999,52723.23999999999,52708.23999999999,52711.23999999999,342
2026-07-13T22:25:00+00:00,52711.23999999999,52717.23999999999,52703.73999999999,52708.23999999999,300
2026-07-13T22:30:00+00:00,52708.23999999999,52711.73999999999,52696.73999999999,52705.73999999999,303
2026-07-13T22:35:00+00:00,52705.73999999999,52709.73999999999,52698.23999999999,52702.73999999999,266
2026-07-13T22:40:00+00:00,52702.73999999999,52707.73999999999,52697.73999999999,52707.23999999999,156
2026-07-13T22:45:00+00:00,52707.23999999999,52719.23999999999,52703.23999999999,52709.73999999999,366
2026-07-13T22:50:00+00:00,52709.73999999999,52710.73999999999,52689.23999999999,52689.73999999999,455
2026-07-13T22:55:00+00:00,52689.73999999999,52690.73999999999,52678.73999999999,52683.23999999999,437
2026-07-13T23:00:00+00:00,52683.23999999999,52684.23999999999,52657.73999999999,52661.73999999999,478
2026-07-13T23:05:00+00:00,52661.73999999999,52666.73999999999,52655.73999999999,52661.23999999999,443
2026-07-13T23:10:00+00:00,52661.23999999999,52668.23999999999,52646.23999999999,52650.23999999999,332
2026-07-13T23:15:00+00:00,52650.23999999999,52656.73999999999,52648.73999999999,52652.73999999999,148
2026-07-13T23:20:00+00:00,52652.73999999999,52670.73999999999,52652.73999999999,52668.23999999999,197
2026-07-13T23:25:00+00:00,52668.23999999999,52679.73999999999,52660.73999999999,52661.73999999999,289
2026-07-13T23:30:00+00:00,52661.73999999999,52662.73999999999,52653.73999999999,52655.73999999999,289
2026-07-13T23:35:00+00:00,52655.73999999999,52662.73999999999,52653.73999999999,52656.23999999999,281
2026-07-13T23:40:00+00:00,52656.23999999999,52660.23999999999,52635.23999999999,52637.73999999999,416
2026-07-13T23:45:00+00:00,52637.73999999999,52654.73999999999,52628.73999999999,52635.23999999999,821
2026-07-13T23:50:00+00:00,52635.23999999999,52658.73999999999,52633.73999999999,52651.73999999999,753
2026-07-13T23:55:00+00:00,52651.73999999999,52683.23999999999,52642.73999999999,52682.73999999999,841
2026-07-14T00:00:00+00:00,52682.73999999999,52707.23999999999,52627.23999999999,52636.23999999999,3176
2026-07-14T00:05:00+00:00,52636.23999999999,52658.23999999999,52604.73999999999,52633.23999999999,2822
2026-07-14T00:10:00+00:00,52633.23999999999,52666.73999999999,52627.73999999999,52660.73999999999,2683
2026-07-14T00:15:00+00:00,52660.73999999999,52670.23999999999,52582.23999999999,52584.23999999999,3079
2026-07-14T00:20:00+00:00,52584.23999999999,52602.23999999999,52561.73999999999,52591.73999999999,3371
2026-07-14T00:25:00+00:00,52591.73999999999,52593.73999999999,52565.73999999999,52586.73999999999,2499
2026-07-14T00:30:00+00:00,52586.73999999999,52617.73999999999,52578.73999999999,52602.73999999999,2462
2026-07-14T00:35:00+00:00,52602.73999999999,52616.73999999999,52591.73999999999,52600.23999999999,1951
2026-07-14T00:40:00+00:00,52600.23999999999,52616.23999999999,52559.73999999999,52576.23999999999,2106
2026-07-14T00:45:00+00:00,52576.23999999999,52614.23999999999,52575.23999999999,52599.73999999999,2159
2026-07-14T00:50:00+00:00,52599.73999999999,52630.73999999999,52597.73999999999,52628.73999999999,1710
2026-07-14T00:55:00+00:00,52628.73999999999,52640.73999999999,52626.23999999999,52634.73999999999,1283
2026-07-14T01:00:00+00:00,52634.73999999999,52642.23999999999,52614.23999999999,52621.23999999999,1617
2026-07-14T01:05:00+00:00,52621.23999999999,52644.23999999999,52616.73999999999,52636.73999999999,1310
2026-07-14T01:10:00+00:00,52636.73999999999,52643.73999999999,52627.73999999999,52636.73999999999,1287
2026-07-14T01:15:00+00:00,52636.73999999999,52660.73999999999,52630.73999999999,52654.73999999999,1350
2026-07-14T01:20:00+00:00,52654.73999999999,52666.73999999999,52640.73999999999,52645.73999999999,1202
2026-07-14T01:25:00+00:00,52645.73999999999,52657.23999999999,52637.73999999999,52639.73999999999,1203
2026-07-14T01:30:00+00:00,52639.73999999999,52646.23999999999,52623.73999999999,52635.73999999999,1279
2026-07-14T01:35:00+00:00,52635.73999999999,52637.73999999999,52617.23999999999,52620.23999999999,1144
2026-07-14T01:40:00+00:00,52620.23999999999,52624.73999999999,52601.23999999999,52615.23999999999,1010
2026-07-14T01:45:00+00:00,52615.23999999999,52639.73999999999,52615.23999999999,52633.73999999999,1122
2026-07-14T01:50:00+00:00,52633.73999999999,52637.23999999999,52611.73999999999,52615.23999999999,879
2026-07-14T01:55:00+00:00,52615.23999999999,52615.23999999999,52590.23999999999,52604.73999999999,1033
2026-07-14T02:00:00+00:00,52604.73999999999,52629.23999999999,52594.73999999999,52627.73999999999,1236
2026-07-14T02:05:00+00:00,52627.73999999999,52643.73999999999,52627.23999999999,52632.23999999999,1224
2026-07-14T02:10:00+00:00,52632.23999999999,52635.73999999999,52604.23999999999,52608.23999999999,996
2026-07-14T02:15:00+00:00,52608.23999999999,52615.73999999999,52605.23999999999,52605.73999999999,847
2026-07-14T02:20:00+00:00,52605.73999999999,52608.73999999999,52574.23999999999,52580.23999999999,1189
2026-07-14T02:25:00+00:00,52580.23999999999,52602.73999999999,52577.73999999999,52600.73999999999,689
2026-07-14T02:30:00+00:00,52600.73999999999,52604.23999999999,52581.73999999999,52585.73999999999,866
2026-07-14T02:35:00+00:00,52585.73999999999,52610.73999999999,52578.23999999999,52608.23999999999,923
2026-07-14T02:40:00+00:00,52608.23999999999,52617.73999999999,52604.73999999999,52607.23999999999,738
2026-07-14T02:45:00+00:00,52607.23999999999,52611.23999999999,52599.23999999999,52610.23999999999,652
2026-07-14T02:50:00+00:00,52610.23999999999,52610.73999999999,52569.73999999999,52571.23999999999,579
2026-07-14T02:55:00+00:00,52571.23999999999,52578.23999999999,52567.73999999999,52575.23999999999,621
2026-07-14T03:00:00+00:00,52575.23999999999,52581.23999999999,52562.73999999999,52567.23999999999,746
2026-07-14T03:05:00+00:00,52567.23999999999,52577.23999999999,52565.73999999999,52572.73999999999,535
2026-07-14T03:10:00+00:00,52572.73999999999,52575.73999999999,52564.73999999999,52566.23999999999,502
2026-07-14T03:15:00+00:00,52566.23999999999,52570.73999999999,52549.73999999999,52557.73999999999,696
2026-07-14T03:20:00+00:00,52557.73999999999,52577.73999999999,52550.23999999999,52567.73999999999,548
2026-07-14T03:25:00+00:00,52567.73999999999,52580.73999999999,52561.23999999999,52580.73999999999,662
2026-07-14T03:30:00+00:00,52580.73999999999,52597.73999999999,52557.23999999999,52557.73999999999,1178
2026-07-14T03:35:00+00:00,52557.73999999999,52571.23999999999,52554.23999999999,52561.73999999999,937
2026-07-14T03:40:00+00:00,52561.73999999999,52566.73999999999,52553.73999999999,52554.23999999999,799
2026-07-14T03:45:00+00:00,52554.23999999999,52571.23999999999,52548.23999999999,52558.23999999999,793
2026-07-14T03:50:00+00:00,52558.23999999999,52588.73999999999,52558.23999999999,52582.23999999999,707
2026-07-14T03:55:00+00:00,52582.23999999999,52592.73999999999,52580.73999999999,52585.23999999999,497
2026-07-14T04:00:00+00:00,52585.23999999999,52608.23999999999,52585.23999999999,52595.23999999999,556
2026-07-14T04:05:00+00:00,52595.23999999999,52597.73999999999,52571.73999999999,52577.23999999999,516
2026-07-14T04:10:00+00:00,52577.23999999999,52584.73999999999,52566.23999999999,52579.73999999999,500
2026-07-14T04:15:00+00:00,52579.73999999999,52585.23999999999,52570.23999999999,52584.23999999999,480
2026-07-14T04:20:00+00:00,52584.23999999999,52600.73999999999,52582.73999999999,52597.73999999999,569
2026-07-14T04:25:00+00:00,52597.73999999999,52618.23999999999,52594.73999999999,52611.23999999999,633
2026-07-14T04:30:00+00:00,52611.23999999999,52630.23999999999,52606.23999999999,52628.73999999999,756
2026-07-14T04:35:00+00:00,52628.73999999999,52664.23999999999,52627.23999999999,52662.23999999999,640
2026-07-14T04:40:00+00:00,52662.23999999999,52669.73999999999,52648.23999999999,52660.73999999999,878
2026-07-14T04:45:00+00:00,52660.73999999999,52679.73999999999,52658.23999999999,52670.23999999999,505
2026-07-14T04:50:00+00:00,52670.23999999999,52673.73999999999,52654.73999999999,52663.23999999999,551
2026-07-14T04:55:00+00:00,52663.23999999999,52675.23999999999,52659.23999999999,52671.23999999999,477
2026-07-14T05:00:00+00:00,52671.23999999999,52686.23999999999,52665.73999999999,52679.73999999999,772
2026-07-14T05:05:00+00:00,52679.73999999999,52681.73999999999,52669.23999999999,52678.23999999999,672
2026-07-14T05:10:00+00:00,52678.23999999999,52682.23999999999,52670.73999999999,52671.73999999999,422
2026-07-14T05:15:00+00:00,52671.73999999999,52675.73999999999,52662.73999999999,52673.23999999999,402
2026-07-14T05:20:00+00:00,52673.23999999999,52701.23999999999,52671.73999999999,52695.23999999999,726
2026-07-14T05:25:00+00:00,52695.23999999999,52710.73999999999,52691.23999999999,52709.23999999999,598
2026-07-14T05:30:00+00:00,52709.23999999999,52733.23999999999,52699.73999999999,52700.23999999999,937
2026-07-14T05:35:00+00:00,52700.23999999999,52719.73999999999,52699.73999999999,52713.73999999999,591
2026-07-14T05:40:00+00:00,52713.73999999999,52721.23999999999,52704.73999999999,52714.23999999999,455
2026-07-14T05:45:00+00:00,52714.23999999999,52717.23999999999,52704.73999999999,52714.23999999999,383
2026-07-14T05:50:00+00:00,52714.23999999999,52717.23999999999,52705.23999999999,52711.23999999999,469
2026-07-14T05:55:00+00:00,52711.23999999999,52716.73999999999,52702.23999999999,52705.23999999999,389
2026-07-14T06:00:00+00:00,52705.23999999999,52725.73999999999,52701.23999999999,52702.23999999999,755
2026-07-14T06:05:00+00:00,52702.23999999999,52712.73999999999,52701.73999999999,52708.73999999999,579
2026-07-14T06:10:00+00:00,52708.73999999999,52717.23999999999,52706.73999999999,52716.73999999999,418
2026-07-14T06:15:00+00:00,52716.73999999999,52724.73999999999,52709.23999999999,52717.23999999999,464
2026-07-14T06:20:00+00:00,52717.23999999999,52727.73999999999,52699.23999999999,52700.23999999999,528
2026-07-14T06:25:00+00:00,52700.23999999999,52700.23999999999,52674.23999999999,52683.73999999999,914
2026-07-14T06:30:00+00:00,52683.73999999999,52698.23999999999,52674.73999999999,52674.73999999999,734
2026-07-14T06:35:00+00:00,52674.73999999999,52680.73999999999,52657.73999999999,52661.73999999999,693
2026-07-14T06:40:00+00:00,52661.73999999999,52663.73999999999,52641.73999999999,52649.23999999999,532
2026-07-14T06:45:00+00:00,52649.23999999999,52651.73999999999,52623.73999999999,52633.23999999999,729
2026-07-14T06:50:00+00:00,52633.23999999999,52644.23999999999,52632.23999999999,52632.73999999999,436
2026-07-14T06:55:00+00:00,52632.73999999999,52640.23999999999,52621.73999999999,52623.23999999999,606
2026-07-14T07:00:00+00:00,52623.23999999999,52651.23999999999,52598.73999999999,52648.73999999999,1833
2026-07-14T07:05:00+00:00,52648.73999999999,52683.23999999999,52644.23999999999,52667.73999999999,1711
2026-07-14T07:10:00+00:00,52667.73999999999,52669.23999999999,52639.73999999999,52653.73999999999,1692
2026-07-14T07:15:00+00:00,52653.73999999999,52661.23999999999,52626.23999999999,52631.23999999999,1187
2026-07-14T07:20:00+00:00,52631.23999999999,52639.73999999999,52607.73999999999,52623.73999999999,1187
2026-07-14T07:25:00+00:00,52623.73999999999,52631.73999999999,52605.73999999999,52610.73999999999,1170
2026-07-14T07:30:00+00:00,52610.73999999999,52611.73999999999,52570.73999999999,52602.73999999999,1484
2026-07-14T07:35:00+00:00,52602.73999999999,52612.73999999999,52587.23999999999,52607.23999999999,1257
2026-07-14T07:40:00+00:00,52607.23999999999,52610.73999999999,52575.23999999999,52578.73999999999,1188
2026-07-14T07:45:00+00:00,52578.73999999999,52609.73999999999,52558.23999999999,52609.73999999999,1429
2026-07-14T07:50:00+00:00,52609.73999999999,52632.73999999999,52600.73999999999,52626.73999999999,1632
2026-07-14T07:55:00+00:00,52626.73999999999,52628.23999999999,52600.73999999999,52620.23999999999,1203
2026-07-14T08:00:00+00:00,52620.23999999999,52637.73999999999,52570.23999999999,52597.73999999999,2323
2026-07-14T08:05:00+00:00,52597.73999999999,52599.73999999999,52572.23999999999,52572.73999999999,1644
2026-07-14T08:10:00+00:00,52572.73999999999,52604.23999999999,52572.73999999999,52602.73999999999,1603
2026-07-14T08:15:00+00:00,52602.73999999999,52617.23999999999,52600.73999999999,52609.73999999999,1426
2026-07-14T08:20:00+00:00,52609.73999999999,52611.73999999999,52591.23999999999,52600.23999999999,1512
2026-07-14T08:25:00+00:00,52600.23999999999,52624.73999999999,52597.73999999999,52610.23999999999,1183
2026-07-14T08:30:00+00:00,52610.23999999999,52618.73999999999,52595.73999999999,52608.73999999999,974
2026-07-14T08:35:00+00:00,52608.73999999999,52611.73999999999,52586.73999999999,52595.73999999999,938
2026-07-14T08:40:00+00:00,52595.73999999999,52601.73999999999,52583.73999999999,52597.73999999999,1015
2026-07-14T08:45:00+00:00,52597.73999999999,52599.23999999999,52565.73999999999,52567.73999999999,824
2026-07-14T08:50:00+00:00,52567.73999999999,52600.23999999999,52546.73999999999,52595.73999999999,856
2026-07-14T08:55:00+00:00,52595.73999999999,52605.23999999999,52570.23999999999,52572.73999999999,922
2026-07-14T09:00:00+00:00,52572.73999999999,52600.73999999999,52552.23999999999,52598.73999999999,1336
2026-07-14T09:05:00+00:00,52598.73999999999,52616.23999999999,52582.73999999999,52612.73999999999,1485
2026-07-14T09:10:00+00:00,52612.73999999999,52641.73999999999,52604.73999999999,52634.73999999999,1354
2026-07-14T09:15:00+00:00,52634.73999999999,52639.23999999999,52602.73999999999,52616.23999999999,1365
2026-07-14T09:20:00+00:00,52616.23999999999,52618.23999999999,52605.23999999999,52617.23999999999,948
2026-07-14T09:25:00+00:00,52617.23999999999,52620.73999999999,52597.73999999999,52606.23999999999,906
2026-07-14T09:30:00+00:00,52606.23999999999,52636.23999999999,52606.23999999999,52628.73999999999,1002
2026-07-14T09:35:00+00:00,52628.73999999999,52639.73999999999,52623.73999999999,52632.73999999999,970
2026-07-14T09:40:00+00:00,52632.73999999999,52641.73999999999,52627.73999999999,52627.73999999999,824
2026-07-14T09:45:00+00:00,52627.73999999999,52658.23999999999,52624.23999999999,52654.23999999999,1163
2026-07-14T09:50:00+00:00,52654.23999999999,52654.23999999999,52631.73999999999,52635.73999999999,984
2026-07-14T09:55:00+00:00,52635.73999999999,52637.73999999999,52624.73999999999,52630.73999999999,633
2026-07-14T10:00:00+00:00,52630.73999999999,52660.73999999999,52627.73999999999,52660.73999999999,772
2026-07-14T10:05:00+00:00,52660.73999999999,52665.23999999999,52647.23999999999,52659.73999999999,589
2026-07-14T10:10:00+00:00,52659.73999999999,52671.23999999999,52603.23999999999,52613.23999999999,897
2026-07-14T10:15:00+00:00,52613.23999999999,52647.73999999999,52609.73999999999,52638.73999999999,1000
2026-07-14T10:20:00+00:00,52638.73999999999,52648.73999999999,52635.23999999999,52638.73999999999,745
2026-07-14T10:25:00+00:00,52638.73999999999,52645.23999999999,52614.73999999999,52640.73999999999,730
2026-07-14T10:30:00+00:00,52640.73999999999,52696.73999999999,52568.23999999999,52631.73999999999,2717
2026-07-14T10:35:00+00:00,52631.73999999999,52756.23999999999,52621.23999999999,52623.73999999999,2887
2026-07-14T10:40:00+00:00,52623.73999999999,52642.23999999999,52572.23999999999,52584.73999999999,2247
2026-07-14T10:45:00+00:00,52584.73999999999,52621.23999999999,52566.73999999999,52609.23999999999,1678
2026-07-14T10:50:00+00:00,52609.23999999999,52622.23999999999,52556.48999999999,52564.23999999999,1272
2026-07-14T10:55:00+00:00,52564.23999999999,52578.73999999999,52549.23999999999,52571.23999999999,1649
2026-07-14T11:00:00+00:00,52571.23999999999,52595.73999999999,52338.23999999999,52355.73999999999,6340
2026-07-14T11:05:00+00:00,52355.73999999999,52372.73999999999,52263.73999999999,52270.73999999999,5213
2026-07-14T11:10:00+00:00,52270.73999999999,52316.73999999999,52244.73999999999,52311.73999999999,2904
2026-07-14T11:15:00+00:00,52311.73999999999,52330.23999999999,52284.73999999999,52316.73999999999,2555
2026-07-14T11:20:00+00:00,52316.73999999999,52443.23999999999,52288.73999999999,52433.73999999999,2424
2026-07-14T11:25:00+00:00,52433.73999999999,52525.23999999999,52420.23999999999,52463.23999999999,4884
2026-07-14T11:30:00+00:00,52463.23999999999,52523.73999999999,52459.23999999999,52465.73999999999,2924
2026-07-14T11:35:00+00:00,52465.73999999999,52470.73999999999,52402.23999999999,52411.73999999999,1936
2026-07-14T11:40:00+00:00,52411.73999999999,52439.73999999999,52371.73999999999,52393.73999999999,2117
2026-07-14T11:45:00+00:00,52393.73999999999,52453.23999999999,52381.23999999999,52429.23999999999,2384
2026-07-14T11:50:00+00:00,52429.23999999999,52457.73999999999,52429.23999999999,52442.73999999999,1387
2026-07-14T11:55:00+00:00,52442.73999999999,52466.73999999999,52430.73999999999,52451.73999999999,1327
2026-07-14T12:00:00+00:00,52451.73999999999,52459.23999999999,52420.73999999999,52455.23999999999,2110
2026-07-14T12:05:00+00:00,52455.23999999999,52471.23999999999,52433.23999999999,52440.23999999999,1884
2026-07-14T12:10:00+00:00,52440.23999999999,52447.23999999999,52411.73999999999,52425.73999999999,1327
2026-07-14T12:15:00+00:00,52425.73999999999,52447.73999999999,52404.73999999999,52440.23999999999,1333
2026-07-14T12:20:00+00:00,52440.23999999999,52491.73999999999,52419.23999999999,52488.23999999999,1689
2026-07-14T12:25:00+00:00,52488.23999999999,52527.23999999999,52474.23999999999,52517.48999999999,1841
2026-07-14T12:30:00+00:00,52517.48999999999,52884.73999999999,52517.48999999999,52715.23999999999,6877
2026-07-14T12:35:00+00:00,52715.23999999999,52733.73999999999,52668.23999999999,52685.73999999999,4962
2026-07-14T12:40:00+00:00,52685.73999999999,52699.73999999999,52641.73999999999,52662.73999999999,4030
2026-07-14T12:45:00+00:00,52662.73999999999,52677.73999999999,52627.73999999999,52641.73999999999,3185
2026-07-14T12:50:00+00:00,52641.73999999999,52652.23999999999,52607.73999999999,52646.73999999999,2843
2026-07-14T12:55:00+00:00,52646.73999999999,52655.73999999999,52597.73999999999,52617.23999999999,2651
2026-07-14T13:00:00+00:00,52617.23999999999,52664.73999999999,52617.23999999999,52637.73999999999,2950
2026-07-14T13:05:00+00:00,52637.73999999999,52674.73999999999,52632.23999999999,52658.73999999999,2296
2026-07-14T13:10:00+00:00,52658.73999999999,52686.73999999999,52656.73999999999,52672.73999999999,2226
2026-07-14T13:15:00+00:00,52672.73999999999,52685.73999999999,52640.23999999999,52648.73999999999,2036
2026-07-14T13:20:00+00:00,52648.73999999999,52698.73999999999,52620.73999999999,52691.73999999999,1901
2026-07-14T13:25:00+00:00,52691.73999999999,52711.73999999999,52628.73999999999,52644.23999999999,2699
2026-07-14T13:30:00+00:00,52644.23999999999,52705.59,52560.59,52650.09,16179
2026-07-14T13:35:00+00:00,52650.09,52781.59,52624.09,52773.59,12306
2026-07-14T13:40:00+00:00,52773.59,52876.59,52749.09,52864.59,10507
2026-07-14T13:45:00+00:00,52864.59,52865.59,52743.09,52777.09,9825
2026-07-14T13:50:00+00:00,52777.09,52827.59,52760.59,52796.59,8966
2026-07-14T13:55:00+00:00,52796.59,52818.59,52745.09,52808.59,7093
2026-07-14T14:00:00+00:00,52808.59,52871.09,52774.59,52844.09,9132
2026-07-14T14:05:00+00:00,52844.09,52881.09,52822.59,52851.59,8522
2026-07-14T14:10:00+00:00,52851.59,52895.09,52808.09,52893.59,7357
2026-07-14T14:15:00+00:00,52893.59,52893.59,52782.59,52834.09,9200
2026-07-14T14:20:00+00:00,52834.09,52873.09,52823.59,52840.59,7883
2026-07-14T14:25:00+00:00,52840.59,52886.09,52813.09,52838.59,6853
2026-07-14T14:30:00+00:00,52838.59,52965.59,52812.59,52865.09,8754
2026-07-14T14:35:00+00:00,52865.09,52879.09,52826.09,52859.59,7082
2026-07-14T14:40:00+00:00,52859.59,52883.09,52798.59,52799.09,5476
2026-07-14T14:45:00+00:00,52799.09,52813.59,52768.09,52770.59,5501
2026-07-14T14:50:00+00:00,52770.59,52780.09,52737.59,52761.59,4705
2026-07-14T14:55:00+00:00,52761.59,52789.59,52748.59,52752.09,3980
2026-07-14T15:00:00+00:00,52752.09,52865.09,52701.59,52813.59,7127
2026-07-14T15:05:00+00:00,52813.59,52843.09,52784.09,52814.09,6639
2026-07-14T15:10:00+00:00,52814.09,52834.09,52764.59,52769.59,3916
2026-07-14T15:15:00+00:00,52769.59,52772.09,52695.59,52706.59,3765
2026-07-14T15:20:00+00:00,52706.59,52754.59,52681.59,52753.59,3535
2026-07-14T15:25:00+00:00,52753.59,52769.59,52727.09,52753.09,2976
2026-07-14T15:30:00+00:00,52753.09,52780.09,52720.09,52723.09,3483
2026-07-14T15:35:00+00:00,52723.09,52729.09,52660.09,52662.09,3797
2026-07-14T15:40:00+00:00,52662.09,52662.09,52568.59,52653.59,4736
2026-07-14T15:45:00+00:00,52653.59,52686.59,52652.09,52659.09,3123
2026-07-14T15:50:00+00:00,52659.09,52664.59,52629.59,52648.09,3703
2026-07-14T15:55:00+00:00,52648.09,52657.59,52623.59,52652.59,3320
2026-07-14T16:00:00+00:00,52652.59,52659.09,52621.09,52645.59,3513
2026-07-14T16:05:00+00:00,52645.59,52653.59,52617.59,52644.59,3256
2026-07-14T16:10:00+00:00,52644.59,52692.59,52626.59,52678.09,2531
2026-07-14T16:15:00+00:00,52678.09,52687.59,52618.09,52636.09,2623
2026-07-14T16:20:00+00:00,52636.09,52638.09,52607.09,52614.09,2149
2026-07-14T16:25:00+00:00,52614.09,52621.09,52590.09,52609.09,2171
2026-07-14T16:30:00+00:00,52609.09,52651.59,52602.59,52638.59,2331
2026-07-14T16:35:00+00:00,52638.59,52658.59,52632.59,52643.59,2101
2026-07-14T16:40:00+00:00,52643.59,52665.59,52628.59,52634.59,1894
2026-07-14T16:45:00+00:00,52634.59,52645.09,52599.59,52631.09,2029
2026-07-14T16:50:00+00:00,52631.09,52658.09,52618.09,52648.59,1723
2026-07-14T16:55:00+00:00,52648.59,52663.59,52632.09,52663.59,1607
2026-07-14T17:00:00+00:00,52663.59,52679.59,52648.59,52652.59,1770
2026-07-14T17:05:00+00:00,52652.59,52678.59,52642.09,52674.59,1381
2026-07-14T17:10:00+00:00,52674.59,52686.59,52661.09,52661.59,1500
2026-07-14T17:15:00+00:00,52661.59,52677.59,52645.09,52672.59,1765
2026-07-14T17:20:00+00:00,52672.59,52712.09,52670.09,52704.59,1459
2026-07-14T17:25:00+00:00,52704.59,52720.59,52691.59,52707.09,1389
2026-07-14T17:30:00+00:00,52707.09,52716.59,52685.59,52686.09,1441
2026-07-14T17:35:00+00:00,52686.09,52688.59,52658.59,52674.59,1403
2026-07-14T17:40:00+00:00,52674.59,52676.09,52653.09,52666.09,1231
2026-07-14T17:45:00+00:00,52666.09,52684.59,52648.59,52675.59,1344
2026-07-14T17:50:00+00:00,52675.59,52697.09,52668.09,52674.59,1112
2026-07-14T17:55:00+00:00,52674.59,52681.09,52663.59,52670.59,1072
2026-07-14T18:00:00+00:00,52670.59,52689.09,52644.59,52685.59,1446
2026-07-14T18:05:00+00:00,52685.59,52721.59,52685.59,52700.59,1330
2026-07-14T18:10:00+00:00,52700.59,52724.59,52697.09,52720.59,1044
2026-07-14T18:15:00+00:00,52720.59,52734.59,52706.59,52725.09,1215
2026-07-14T18:20:00+00:00,52725.09,52738.59,52707.59,52708.59,1187
2026-07-14T18:25:00+00:00,52708.59,52727.09,52700.59,52726.09,1094
2026-07-14T18:30:00+00:00,52726.09,52727.59,52709.59,52715.59,1108
2026-07-14T18:35:00+00:00,52715.59,52729.59,52705.59,52724.59,1349
2026-07-14T18:40:00+00:00,52724.59,52726.59,52691.59,52709.09,2350
2026-07-14T18:45:00+00:00,52709.09,52717.59,52701.59,52712.09,1233
2026-07-14T18:50:00+00:00,52712.09,52726.59,52705.09,52726.59,1141
2026-07-14T18:55:00+00:00,52726.59,52737.09,52719.09,52729.59,927
2026-07-14T19:00:00+00:00,52729.59,52755.59,52722.59,52751.09,1296
2026-07-14T19:05:00+00:00,52751.09,52768.09,52747.59,52755.09,1362
2026-07-14T19:10:00+00:00,52755.09,52761.59,52727.59,52741.59,1232
2026-07-14T19:15:00+00:00,52741.59,52761.59,52739.09,52741.59,1319
2026-07-14T19:20:00+00:00,52741.59,52775.59,52738.59,52774.59,1177
2026-07-14T19:25:00+00:00,52774.59,52791.59,52774.09,52787.59,1133
2026-07-14T19:30:00+00:00,52787.59,52790.59,52762.09,52774.09,2597
2026-07-14T19:35:00+00:00,52774.09,52804.59,52765.59,52784.59,1566
2026-07-14T19:40:00+00:00,52784.59,52812.59,52779.59,52800.59,1423
2026-07-14T19:45:00+00:00,52800.59,52814.09,52796.59,52806.59,1372
2026-07-14T19:50:00+00:00,52806.59,52810.09,52774.09,52782.59,2527
2026-07-14T19:55:00+00:00,52782.59,52810.59,52767.09,52770.09,3783
2026-07-14T20:00:00+00:00,52770.09,52798.73999999999,52766.23999999999,52784.23999999999,1132
2026-07-14T20:05:00+00:00,52784.23999999999,52796.23999999999,52780.23999999999,52781.23999999999,590
2026-07-14T20:10:00+00:00,52781.23999999999,52787.23999999999,52771.73999999999,52780.73999999999,438
2026-07-14T20:15:00+00:00,52780.73999999999,52795.73999999999,52778.73999999999,52784.73999999999,336
2026-07-14T20:20:00+00:00,52784.73999999999,52784.73999999999,52764.23999999999,52771.73999999999,287
2026-07-14T20:25:00+00:00,52771.73999999999,52775.73999999999,52761.73999999999,52765.73999999999,346
2026-07-14T20:30:00+00:00,52765.73999999999,52773.73999999999,52761.73999999999,52762.23999999999,238
2026-07-14T20:35:00+00:00,52762.23999999999,52776.73999999999,52762.23999999999,52776.73999999999,249
2026-07-14T20:40:00+00:00,52776.73999999999,52778.23999999999,52772.23999999999,52774.73999999999,183
2026-07-14T20:45:00+00:00,52774.73999999999,52776.73999999999,52764.73999999999,52765.23999999999,161
2026-07-14T20:50:00+00:00,52765.23999999999,52780.23999999999,52761.73999999999,52778.73999999999,192
2026-07-14T20:55:00+00:00,52778.73999999999,52800.73999999999,52776.73999999999,52795.23999999999,331
2026-07-14T22:00:00+00:00,52795.23999999999,52801.73999999999,52786.48999999999,52796.73999999999,302
2026-07-14T22:05:00+00:00,52796.73999999999,52797.73999999999,52777.48999999999,52787.23999999999,305
2026-07-14T22:10:00+00:00,52787.23999999999,52787.23999999999,52757.73999999999,52766.23999999999,410
2026-07-14T22:15:00+00:00,52766.23999999999,52791.73999999999,52765.23999999999,52791.23999999999,294
2026-07-14T22:20:00+00:00,52791.23999999999,52805.73999999999,52789.73999999999,52805.73999999999,345
2026-07-14T22:25:00+00:00,52805.73999999999,52807.23999999999,52796.73999999999,52800.23999999999,163
2026-07-14T22:30:00+00:00,52800.23999999999,52812.73999999999,52800.23999999999,52812.23999999999,248
2026-07-14T22:35:00+00:00,52812.23999999999,52814.23999999999,52808.23999999999,52811.23999999999,127
2026-07-14T22:40:00+00:00,52811.23999999999,52814.23999999999,52807.73999999999,52811.73999999999,102
2026-07-14T22:45:00+00:00,52811.73999999999,52811.73999999999,52796.73999999999,52801.73999999999,113
2026-07-14T22:50:00+00:00,52801.73999999999,52804.73999999999,52796.23999999999,52799.73999999999,154
2026-07-14T22:55:00+00:00,52799.73999999999,52800.73999999999,52787.23999999999,52788.73999999999,101
2026-07-14T23:00:00+00:00,52788.73999999999,52804.23999999999,52786.23999999999,52802.73999999999,295
2026-07-14T23:05:00+00:00,52802.73999999999,52809.73999999999,52798.73999999999,52808.73999999999,120
2026-07-14T23:10:00+00:00,52808.73999999999,52821.73999999999,52808.23999999999,52820.73999999999,104
2026-07-14T23:15:00+00:00,52820.73999999999,52823.73999999999,52816.73999999999,52821.73999999999,79
2026-07-14T23:20:00+00:00,52821.73999999999,52828.73999999999,52821.23999999999,52825.73999999999,86
2026-07-14T23:25:00+00:00,52825.73999999999,52848.23999999999,52825.73999999999,52842.73999999999,678
2026-07-14T23:30:00+00:00,52842.73999999999,52859.73999999999,52842.23999999999,52849.23999999999,418
2026-07-14T23:35:00+00:00,52849.23999999999,52855.73999999999,52847.23999999999,52850.23999999999,221
2026-07-14T23:40:00+00:00,52850.23999999999,52862.23999999999,52849.23999999999,52857.73999999999,255
2026-07-14T23:45:00+00:00,52857.73999999999,52860.73999999999,52850.73999999999,52856.73999999999,277
2026-07-14T23:50:00+00:00,52856.73999999999,52865.73999999999,52855.73999999999,52862.73999999999,243
2026-07-14T23:55:00+00:00,52862.73999999999,52869.73999999999,52856.23999999999,52862.73999999999,445
2026-07-15T00:00:00+00:00,52862.73999999999,52870.73999999999,52851.73999999999,52856.73999999999,786
2026-07-15T00:05:00+00:00,52856.73999999999,52858.23999999999,52846.73999999999,52855.73999999999,524
2026-07-15T00:10:00+00:00,52855.73999999999,52859.73999999999,52840.73999999999,52842.73999999999,551
2026-07-15T00:15:00+00:00,52842.73999999999,52846.73999999999,52830.23999999999,52831.23999999999,530
2026-07-15T00:20:00+00:00,52831.23999999999,52836.73999999999,52826.23999999999,52831.23999999999,405
2026-07-15T00:25:00+00:00,52831.23999999999,52833.73999999999,52823.23999999999,52829.23999999999,360
2026-07-15T00:30:00+00:00,52829.23999999999,52831.23999999999,52812.23999999999,52813.23999999999,323
2026-07-15T00:35:00+00:00,52813.23999999999,52814.23999999999,52791.23999999999,52797.23999999999,435
2026-07-15T00:40:00+00:00,52797.23999999999,52801.73999999999,52773.23999999999,52778.73999999999,436
2026-07-15T00:45:00+00:00,52778.73999999999,52791.73999999999,52774.73999999999,52786.23999999999,396
2026-07-15T00:50:00+00:00,52786.23999999999,52811.23999999999,52785.73999999999,52810.73999999999,393
2026-07-15T00:55:00+00:00,52810.73999999999,52833.73999999999,52809.73999999999,52824.23999999999,483
2026-07-15T01:00:00+00:00,52824.23999999999,52833.23999999999,52803.73999999999,52815.73999999999,690
2026-07-15T01:05:00+00:00,52815.73999999999,52817.23999999999,52805.73999999999,52813.73999999999,434
2026-07-15T01:10:00+00:00,52813.73999999999,52828.73999999999,52812.73999999999,52823.73999999999,323
2026-07-15T01:15:00+00:00,52823.73999999999,52838.73999999999,52822.73999999999,52828.23999999999,380
2026-07-15T01:20:00+00:00,52828.23999999999,52830.73999999999,52815.73999999999,52818.23999999999,330
2026-07-15T01:25:00+00:00,52818.23999999999,52822.23999999999,52806.73999999999,52811.73999999999,315
2026-07-15T01:30:00+00:00,52811.73999999999,52820.73999999999,52806.23999999999,52820.73999999999,315
2026-07-15T01:35:00+00:00,52820.73999999999,52823.73999999999,52809.73999999999,52811.73999999999,321
2026-07-15T01:40:00+00:00,52811.73999999999,52813.23999999999,52796.73999999999,52799.23999999999,348
2026-07-15T01:45:00+00:00,52799.23999999999,52808.73999999999,52798.73999999999,52805.73999999999,340
2026-07-15T01:50:00+00:00,52805.73999999999,52812.73999999999,52800.23999999999,52812.73999999999,235
2026-07-15T01:55:00+00:00,52812.73999999999,52822.23999999999,52812.23999999999,52821.23999999999,254
2026-07-15T02:00:00+00:00,52821.23999999999,52822.73999999999,52812.23999999999,52818.23999999999,258
2026-07-15T02:05:00+00:00,52818.23999999999,52825.73999999999,52815.73999999999,52816.73999999999,299
2026-07-15T02:10:00+00:00,52816.73999999999,52819.23999999999,52810.73999999999,52814.73999999999,249
2026-07-15T02:15:00+00:00,52814.73999999999,52819.23999999999,52813.73999999999,52817.23999999999,193
2026-07-15T02:20:00+00:00,52817.23999999999,52826.73999999999,52817.23999999999,52823.23999999999,224
2026-07-15T02:25:00+00:00,52823.23999999999,52834.23999999999,52821.73999999999,52831.73999999999,202
2026-07-15T02:30:00+00:00,52831.73999999999,52842.23999999999,52827.23999999999,52840.23999999999,178
2026-07-15T02:35:00+00:00,52840.23999999999,52843.73999999999,52835.23999999999,52838.73999999999,158
2026-07-15T02:40:00+00:00,52838.73999999999,52846.73999999999,52837.23999999999,52844.73999999999,89
2026-07-15T02:45:00+00:00,52844.73999999999,52845.73999999999,52837.73999999999,52841.73999999999,78
2026-07-15T02:50:00+00:00,52841.73999999999,52841.73999999999,52824.73999999999,52828.23999999999,156
2026-07-15T02:55:00+00:00,52828.23999999999,52829.73999999999,52822.23999999999,52825.73999999999,126
2026-07-15T03:00:00+00:00,52825.73999999999,52829.73999999999,52822.73999999999,52827.73999999999,119
2026-07-15T03:05:00+00:00,52827.73999999999,52833.73999999999,52825.73999999999,52827.73999999999,92
2026-07-15T03:10:00+00:00,52827.73999999999,52828.73999999999,52820.73999999999,52822.23999999999,128
2026-07-15T03:15:00+00:00,52822.23999999999,52827.23999999999,52820.73999999999,52823.23999999999,151
2026-07-15T03:20:00+00:00,52823.23999999999,52827.23999999999,52822.23999999999,52826.23999999999,91
2026-07-15T03:25:00+00:00,52826.23999999999,52833.73999999999,52826.23999999999,52830.73999999999,119
2026-07-15T03:30:00+00:00,52830.73999999999,52832.73999999999,52828.23999999999,52832.23999999999,174
2026-07-15T03:35:00+00:00,52832.23999999999,52835.73999999999,52825.73999999999,52833.23999999999,112
2026-07-15T03:40:00+00:00,52833.23999999999,52837.73999999999,52831.73999999999,52831.73999999999,157
2026-07-15T03:45:00+00:00,52831.73999999999,52839.73999999999,52831.23999999999,52839.23999999999,126
2026-07-15T03:50:00+00:00,52839.23999999999,52848.23999999999,52837.23999999999,52846.73999999999,168
2026-07-15T03:55:00+00:00,52846.73999999999,52846.73999999999,52841.23999999999,52842.73999999999,84
2026-07-15T04:00:00+00:00,52842.73999999999,52846.23999999999,52842.73999999999,52844.23999999999,128
2026-07-15T04:05:00+00:00,52844.23999999999,52845.73999999999,52841.23999999999,52842.73999999999,96
2026-07-15T04:10:00+00:00,52842.73999999999,52853.73999999999,52842.23999999999,52851.23999999999,84
2026-07-15T04:15:00+00:00,52851.23999999999,52860.23999999999,52850.23999999999,52857.73999999999,79
2026-07-15T04:20:00+00:00,52857.73999999999,52862.73999999999,52857.23999999999,52861.23999999999,87
2026-07-15T04:25:00+00:00,52861.23999999999,52863.23999999999,52858.73999999999,52859.23999999999,94
2026-07-15T04:30:00+00:00,52859.23999999999,52859.73999999999,52851.73999999999,52852.23999999999,134
2026-07-15T04:35:00+00:00,52852.23999999999,52852.73999999999,52836.73999999999,52849.23999999999,170
2026-07-15T04:40:00+00:00,52849.23999999999,52853.23999999999,52841.23999999999,52844.73999999999,113
2026-07-15T04:45:00+00:00,52844.73999999999,52851.73999999999,52843.73999999999,52846.73999999999,86
2026-07-15T04:50:00+00:00,52846.73999999999,52849.73999999999,52844.23999999999,52848.23999999999,75
2026-07-15T04:55:00+00:00,52848.23999999999,52852.73999999999,52846.73999999999,52848.73999999999,106
2026-07-15T05:00:00+00:00,52848.73999999999,52871.73999999999,52823.73999999999,52830.73999999999,1204
2026-07-15T05:05:00+00:00,52830.73999999999,52847.73999999999,52824.73999999999,52846.73999999999,428
2026-07-15T05:10:00+00:00,52846.73999999999,52848.23999999999,52830.73999999999,52836.23999999999,309
2026-07-15T05:15:00+00:00,52836.23999999999,52840.23999999999,52833.73999999999,52836.73999999999,192
2026-07-15T05:20:00+00:00,52836.73999999999,52839.73999999999,52825.73999999999,52825.73999999999,220
2026-07-15T05:25:00+00:00,52825.73999999999,52825.73999999999,52816.73999999999,52818.23999999999,265
2026-07-15T05:30:00+00:00,52818.23999999999,52833.73999999999,52814.73999999999,52826.23999999999,310
2026-07-15T05:35:00+00:00,52826.23999999999,52841.73999999999,52825.73999999999,52840.73999999999,274
2026-07-15T05:40:00+00:00,52840.73999999999,52842.23999999999,52829.23999999999,52830.73999999999,243
2026-07-15T05:45:00+00:00,52830.73999999999,52842.73999999999,52829.23999999999,52839.73999999999,242
2026-07-15T05:50:00+00:00,52839.73999999999,52842.23999999999,52835.73999999999,52840.73999999999,225
2026-07-15T05:55:00+00:00,52840.73999999999,52846.73999999999,52838.23999999999,52844.73999999999,268
2026-07-15T06:00:00+00:00,52844.73999999999,52844.73999999999,52817.73999999999,52825.73999999999,315
2026-07-15T06:05:00+00:00,52825.73999999999,52827.73999999999,52809.73999999999,52821.73999999999,284
2026-07-15T06:10:00+00:00,52821.73999999999,52823.73999999999,52813.73999999999,52815.73999999999,251
2026-07-15T06:15:00+00:00,52815.73999999999,52818.73999999999,52804.73999999999,52818.73999999999,242
2026-07-15T06:20:00+00:00,52818.73999999999,52823.73999999999,52812.23999999999,52821.23999999999,193
2026-07-15T06:25:00+00:00,52821.23999999999,52835.23999999999,52821.23999999999,52831.73999999999,311
2026-07-15T06:30:00+00:00,52831.73999999999,52836.73999999999,52817.73999999999,52829.23999999999,352
2026-07-15T06:35:00+00:00,52829.23999999999,52831.73999999999,52819.73999999999,52819.73999999999,202
2026-07-15T06:40:00+00:00,52819.73999999999,52821.23999999999,52810.73999999999,52813.23999999999,153
2026-07-15T06:45:00+00:00,52813.23999999999,52816.73999999999,52810.23999999999,52813.73999999999,215
2026-07-15T06:50:00+00:00,52813.73999999999,52814.73999999999,52796.73999999999,52798.73999999999,172
2026-07-15T06:55:00+00:00,52798.73999999999,52799.73999999999,52784.73999999999,52790.73999999999,291
2026-07-15T07:00:00+00:00,52790.73999999999,52791.23999999999,52768.23999999999,52768.73999999999,778
2026-07-15T07:05:00+00:00,52768.73999999999,52774.73999999999,52750.23999999999,52759.73999999999,538
2026-07-15T07:10:00+00:00,52759.73999999999,52769.73999999999,52758.23999999999,52765.73999999999,445
2026-07-15T07:15:00+00:00,52765.73999999999,52777.23999999999,52758.23999999999,52758.73999999999,403
2026-07-15T07:20:00+00:00,52758.73999999999,52765.73999999999,52748.73999999999,52749.73999999999,322
2026-07-15T07:25:00+00:00,52749.73999999999,52751.73999999999,52697.23999999999,52719.73999999999,1086
2026-07-15T07:30:00+00:00,52719.73999999999,52733.23999999999,52714.23999999999,52718.73999999999,726
2026-07-15T07:35:00+00:00,52718.73999999999,52730.73999999999,52715.73999999999,52729.73999999999,606
2026-07-15T07:40:00+00:00,52729.73999999999,52749.23999999999,52724.23999999999,52748.73999999999,645
2026-07-15T07:45:00+00:00,52748.73999999999,52760.23999999999,52734.73999999999,52758.73999999999,458
2026-07-15T07:50:00+00:00,52758.73999999999,52765.73999999999,52746.23999999999,52758.23999999999,546
2026-07-15T07:55:00+00:00,52758.23999999999,52760.23999999999,52747.73999999999,52749.73999999999,390
2026-07-15T08:00:00+00:00,52749.73999999999,52773.73999999999,52744.23999999999,52772.73999999999,935
2026-07-15T08:05:00+00:00,52772.73999999999,52778.23999999999,52763.23999999999,52777.73999999999,536
2026-07-15T08:10:00+00:00,52777.73999999999,52810.73999999999,52767.23999999999,52809.73999999999,714
2026-07-15T08:15:00+00:00,52809.73999999999,52832.23999999999,52803.23999999999,52826.73999999999,697
2026-07-15T08:20:00+00:00,52826.73999999999,52836.73999999999,52799.73999999999,52811.23999999999,646
2026-07-15T08:25:00+00:00,52811.23999999999,52838.23999999999,52797.73999999999,52832.73999999999,856
2026-07-15T08:30:00+00:00,52832.73999999999,52851.73999999999,52826.23999999999,52845.23999999999,710
2026-07-15T08:35:00+00:00,52845.23999999999,52884.73999999999,52840.23999999999,52881.23999999999,604
2026-07-15T08:40:00+00:00,52881.23999999999,52886.73999999999,52861.73999999999,52870.23999999999,579
2026-07-15T08:45:00+00:00,52870.23999999999,52885.73999999999,52867.73999999999,52869.23999999999,546
2026-07-15T08:50:00+00:00,52869.23999999999,52878.23999999999,52857.23999999999,52857.23999999999,427
2026-07-15T08:55:00+00:00,52857.23999999999,52882.73999999999,52853.23999999999,52881.73999999999,455
2026-07-15T09:00:00+00:00,52881.73999999999,52887.23999999999,52873.23999999999,52881.73999999999,426
2026-07-15T09:05:00+00:00,52881.73999999999,52913.23999999999,52881.73999999999,52913.23999999999,433
2026-07-15T09:10:00+00:00,52913.23999999999,52923.73999999999,52910.23999999999,52916.73999999999,377
2026-07-15T09:15:00+00:00,52916.73999999999,52920.73999999999,52900.23999999999,52913.23999999999,384
2026-07-15T09:20:00+00:00,52913.23999999999,52913.23999999999,52893.73999999999,52900.73999999999,300
2026-07-15T09:25:00+00:00,52900.73999999999,52901.23999999999,52885.23999999999,52886.23999999999,259
2026-07-15T09:30:00+00:00,52886.23999999999,52911.23999999999,52878.73999999999,52910.73999999999,406
2026-07-15T09:35:00+00:00,52910.73999999999,52916.73999999999,52899.23999999999,52899.23999999999,345
2026-07-15T09:40:00+00:00,52899.23999999999,52917.23999999999,52896.73999999999,52917.23999999999,283
2026-07-15T09:45:00+00:00,52917.23999999999,52919.23999999999,52890.23999999999,52892.73999999999,313
2026-07-15T09:50:00+00:00,52892.73999999999,52896.73999999999,52868.23999999999,52876.73999999999,402
2026-07-15T09:55:00+00:00,52876.73999999999,52883.23999999999,52871.73999999999,52878.23999999999,339
2026-07-15T10:00:00+00:00,52878.23999999999,52902.73999999999,52873.23999999999,52882.23999999999,474
2026-07-15T10:05:00+00:00,52882.23999999999,52899.73999999999,52876.23999999999,52898.73999999999,285
2026-07-15T10:10:00+00:00,52898.73999999999,52898.73999999999,52866.73999999999,52880.23999999999,340
2026-07-15T10:15:00+00:00,52880.23999999999,52884.73999999999,52864.23999999999,52866.73999999999,293
2026-07-15T10:20:00+00:00,52866.73999999999,52867.23999999999,52807.73999999999,52810.73999999999,1100
2026-07-15T10:25:00+00:00,52810.73999999999,52821.73999999999,52789.23999999999,52790.73999999999,791
2026-07-15T10:30:00+00:00,52790.73999999999,52806.73999999999,52776.23999999999,52781.23999999999,668
2026-07-15T10:35:00+00:00,52781.23999999999,52808.23999999999,52771.23999999999,52802.23999999999,537
2026-07-15T10:40:00+00:00,52802.23999999999,52810.23999999999,52795.73999999999,52800.73999999999,427
2026-07-15T10:45:00+00:00,52800.73999999999,52808.23999999999,52789.23999999999,52795.73999999999,403
2026-07-15T10:50:00+00:00,52795.73999999999,52806.73999999999,52791.23999999999,52797.23999999999,359
2026-07-15T10:55:00+00:00,52797.23999999999,52815.23999999999,52792.23999999999,52809.23999999999,527
2026-07-15T11:00:00+00:00,52809.23999999999,52824.73999999999,52795.73999999999,52814.73999999999,745
2026-07-15T11:05:00+00:00,52814.73999999999,52820.23999999999,52794.73999999999,52803.73999999999,484
2026-07-15T11:10:00+00:00,52803.73999999999,52803.73999999999,52769.73999999999,52781.23999999999,614
2026-07-15T11:15:00+00:00,52781.23999999999,52786.23999999999,52775.73999999999,52776.23999999999,505
2026-07-15T11:20:00+00:00,52776.23999999999,52791.23999999999,52776.23999999999,52781.23999999999,384
2026-07-15T11:25:00+00:00,52781.23999999999,52794.23999999999,52768.73999999999,52772.73999999999,373
2026-07-15T11:30:00+00:00,52772.73999999999,52777.73999999999,52740.23999999999,52772.73999999999,676
2026-07-15T11:35:00+00:00,52772.73999999999,52796.73999999999,52771.73999999999,52794.23999999999,475
2026-07-15T11:40:00+00:00,52794.23999999999,52797.73999999999,52779.73999999999,52789.73999999999,453
2026-07-15T11:45:00+00:00,52789.73999999999,52798.23999999999,52776.23999999999,52776.73999999999,456
2026-07-15T11:50:00+00:00,52776.73999999999,52805.23999999999,52775.73999999999,52794.73999999999,747
2026-07-15T11:55:00+00:00,52794.73999999999,52814.73999999999,52789.23999999999,52810.23999999999,473
2026-07-15T12:00:00+00:00,52810.23999999999,52813.23999999999,52783.23999999999,52783.73999999999,363
2026-07-15T12:05:00+00:00,52783.73999999999,52789.73999999999,52764.73999999999,52785.73999999999,635
2026-07-15T12:10:00+00:00,52785.73999999999,52793.23999999999,52773.23999999999,52788.73999999999,431
2026-07-15T12:15:00+00:00,52788.73999999999,52808.73999999999,52787.73999999999,52800.23999999999,414
2026-07-15T12:20:00+00:00,52800.23999999999,52808.73999999999,52779.73999999999,52808.23999999999,615
2026-07-15T12:25:00+00:00,52808.23999999999,52810.73999999999,52790.23999999999,52803.23999999999,718
2026-07-15T12:30:00+00:00,52803.23999999999,52871.73999999999,52800.73999999999,52869.73999999999,1903
2026-07-15T12:35:00+00:00,52869.73999999999,52903.73999999999,52853.73999999999,52896.73999999999,1237
2026-07-15T12:40:00+00:00,52896.73999999999,52940.23999999999,52885.73999999999,52934.23999999999,1589
2026-07-15T12:45:00+00:00,52934.23999999999,52934.23999999999,52901.73999999999,52918.23999999999,1213
2026-07-15T12:50:00+00:00,52918.23999999999,52937.23999999999,52905.23999999999,52915.73999999999,801
2026-07-15T12:55:00+00:00,52915.73999999999,52918.73999999999,52885.73999999999,52889.73999999999,1023
2026-07-15T13:00:00+00:00,52889.73999999999,52911.23999999999,52880.23999999999,52909.23999999999,1088
2026-07-15T13:05:00+00:00,52909.23999999999,52917.73999999999,52894.73999999999,52894.73999999999,909
2026-07-15T13:10:00+00:00,52894.73999999999,52894.73999999999,52849.23999999999,52851.73999999999,931
2026-07-15T13:15:00+00:00,52851.73999999999,52861.73999999999,52836.23999999999,52860.73999999999,794
2026-07-15T13:20:00+00:00,52860.73999999999,52879.73999999999,52849.73999999999,52858.23999999999,461
2026-07-15T13:25:00+00:00,52858.23999999999,52899.23999999999,52846.23999999999,52899.23999999999,948
2026-07-15T13:30:00+00:00,52899.23999999999,52924.09,52762.09,52914.09,13137
2026-07-15T13:35:00+00:00,52914.09,53088.09,52877.09,52988.59,10270
2026-07-15T13:40:00+00:00,52988.59,52989.09,52914.59,52949.09,6528
2026-07-15T13:45:00+00:00,52949.09,52957.09,52843.09,52921.59,7321
2026-07-15T13:50:00+00:00,52921.59,52966.09,52881.59,52957.09,6943
2026-07-15T13:55:00+00:00,52957.09,52997.59,52916.09,52945.59,7684
2026-07-15T14:00:00+00:00,52945.59,52998.59,52919.59,52920.59,6531
2026-07-15T14:05:00+00:00,52920.59,52952.59,52902.59,52913.09,5817
2026-07-15T14:10:00+00:00,52913.09,52956.59,52903.59,52952.59,4757
2026-07-15T14:15:00+00:00,52952.59,53084.59,52951.59,53055.09,5516
2026-07-15T14:20:00+00:00,53055.09,53064.09,52957.09,52989.09,6069
2026-07-15T14:25:00+00:00,52989.09,53026.09,52954.09,53008.59,6682
2026-07-15T14:30:00+00:00,53008.59,53048.09,52975.59,53042.59,5319
2026-07-15T14:35:00+00:00,53042.59,53054.59,52991.09,52991.59,5094
2026-07-15T14:40:00+00:00,52991.59,53005.59,52953.59,52975.09,5518
2026-07-15T14:45:00+00:00,52975.09,52977.59,52909.59,52960.09,5024
2026-07-15T14:50:00+00:00,52960.09,52992.59,52942.59,52953.09,4740
2026-07-15T14:55:00+00:00,52953.09,52966.09,52927.59,52957.59,3664
2026-07-15T15:00:00+00:00,52957.59,52977.59,52946.59,52961.59,3721
2026-07-15T15:05:00+00:00,52961.59,52995.59,52928.59,52969.59,3225
2026-07-15T15:10:00+00:00,52969.59,52978.59,52914.09,52921.59,3025
2026-07-15T15:15:00+00:00,52921.59,52967.59,52889.59,52947.59,4055
2026-07-15T15:20:00+00:00,52947.59,52961.59,52918.59,52929.59,3086
2026-07-15T15:25:00+00:00,52929.59,52943.09,52891.59,52937.59,3114
2026-07-15T15:30:00+00:00,52937.59,52954.59,52911.59,52936.09,3414
2026-07-15T15:35:00+00:00,52936.09,52960.59,52927.59,52948.59,2932
2026-07-15T15:40:00+00:00,52948.59,52963.59,52935.59,52942.09,2516
2026-07-15T15:45:00+00:00,52942.09,52957.59,52926.59,52926.59,2510
2026-07-15T15:50:00+00:00,52926.59,52930.09,52900.59,52921.09,2564
2026-07-15T15:55:00+00:00,52921.09,52924.59,52880.59,52888.59,2445
2026-07-15T16:00:00+00:00,52888.59,52898.09,52860.59,52883.59,3346
2026-07-15T16:05:00+00:00,52883.59,52889.09,52847.59,52868.59,3266
2026-07-15T16:10:00+00:00,52868.59,52876.59,52807.59,52809.59,2680
2026-07-15T16:15:00+00:00,52809.59,52819.09,52753.09,52762.59,3739
2026-07-15T16:20:00+00:00,52762.59,52768.59,52688.09,52689.59,3613
2026-07-15T16:25:00+00:00,52689.59,52734.59,52679.59,52726.59,3419
2026-07-15T16:30:00+00:00,52726.59,52742.59,52698.59,52705.59,3017
2026-07-15T16:35:00+00:00,52705.59,52720.59,52690.59,52706.09,2410
2026-07-15T16:40:00+00:00,52706.09,52726.09,52686.59,52725.59,2491
2026-07-15T16:45:00+00:00,52725.59,52830.09,52719.59,52747.59,4793
2026-07-15T16:50:00+00:00,52747.59,52789.59,52745.59,52769.59,2909
2026-07-15T16:55:00+00:00,52769.59,52796.09,52754.59,52792.59,2468
2026-07-15T17:00:00+00:00,52792.59,52818.59,52788.09,52806.59,2413
2026-07-15T17:05:00+00:00,52806.59,52833.09,52800.59,52803.59,1919
2026-07-15T17:10:00+00:00,52803.59,52816.59,52772.59,52774.59,1582
2026-07-15T17:15:00+00:00,52774.59,52801.59,52774.59,52792.59,1545
2026-07-15T17:20:00+00:00,52792.59,52802.59,52762.09,52784.59,1428
2026-07-15T17:25:00+00:00,52784.59,52836.59,52784.59,52834.59,1774
2026-07-15T17:30:00+00:00,52834.59,52856.59,52829.59,52839.59,2611
2026-07-15T17:35:00+00:00,52839.59,52878.59,52837.59,52870.59,1821
2026-07-15T17:40:00+00:00,52870.59,52889.59,52860.59,52873.59,1709
2026-07-15T17:45:00+00:00,52873.59,52911.59,52872.59,52909.59,1918
2026-07-15T17:50:00+00:00,52909.59,52928.09,52883.59,52922.59,1774
2026-07-15T17:55:00+00:00,52922.59,52922.59,52904.59,52919.59,1673
2026-07-15T18:00:00+00:00,52919.59,52939.59,52912.09,52926.59,1663
2026-07-15T18:05:00+00:00,52926.59,52949.09,52920.59,52933.59,1522
2026-07-15T18:10:00+00:00,52933.59,52951.09,52931.09,52932.59,1319
2026-07-15T18:15:00+00:00,52932.59,52934.59,52906.59,52910.59,1499
2026-07-15T18:20:00+00:00,52910.59,52914.59,52891.09,52904.59,1345
2026-07-15T18:25:00+00:00,52904.59,52915.59,52898.09,52909.59,1177
2026-07-15T18:30:00+00:00,52909.59,52929.59,52896.59,52921.59,1332
2026-07-15T18:35:00+00:00,52921.59,52930.09,52906.59,52929.59,1030
2026-07-15T18:40:00+00:00,52929.59,52937.09,52894.59,52896.09,1148
2026-07-15T18:45:00+00:00,52896.09,52897.09,52856.09,52872.09,2037
2026-07-15T18:50:00+00:00,52872.09,52878.09,52856.09,52860.59,1753
2026-07-15T18:55:00+00:00,52860.59,52876.09,52858.59,52860.59,1306
2026-07-15T19:00:00+00:00,52860.59,52869.59,52839.59,52846.59,1556
2026-07-15T19:05:00+00:00,52846.59,52862.09,52834.59,52860.59,1288
2026-07-15T19:10:00+00:00,52860.59,52895.59,52856.59,52893.59,1282
2026-07-15T19:15:00+00:00,52893.59,52919.59,52888.59,52907.09,1228
2026-07-15T19:20:00+00:00,52907.09,52909.59,52887.59,52891.59,1454
2026-07-15T19:25:00+00:00,52891.59,52903.09,52881.59,52885.09,1178
2026-07-15T19:30:00+00:00,52885.09,52893.59,52846.09,52849.09,3065
2026-07-15T19:35:00+00:00,52849.09,52891.59,52841.09,52888.09,2021
2026-07-15T19:40:00+00:00,52888.09,52904.59,52875.59,52901.59,1437
2026-07-15T19:45:00+00:00,52901.59,52912.09,52870.59,52879.59,1511
2026-07-15T19:50:00+00:00,52879.59,52904.59,52874.09,52891.59,2321
2026-07-15T19:55:00+00:00,52891.59,52917.09,52876.59,52913.59,3268
2026-07-15T20:00:00+00:00,52913.59,52928.73999999999,52899.73999999999,52925.23999999999,1309
2026-07-15T20:05:00+00:00,52925.23999999999,52926.73999999999,52880.73999999999,52903.73999999999,582
2026-07-15T20:10:00+00:00,52903.73999999999,52916.73999999999,52896.73999999999,52912.73999999999,462
2026-07-15T20:15:00+00:00,52912.73999999999,52928.23999999999,52912.73999999999,52922.73999999999,375
2026-07-15T20:20:00+00:00,52922.73999999999,52939.73999999999,52922.73999999999,52928.73999999999,219
2026-07-15T20:25:00+00:00,52928.73999999999,52928.73999999999,52919.23999999999,52919.73999999999,133
2026-07-15T20:30:00+00:00,52919.73999999999,52921.73999999999,52907.23999999999,52908.73999999999,91
2026-07-15T20:35:00+00:00,52908.73999999999,52911.73999999999,52905.73999999999,52908.73999999999,103
2026-07-15T20:40:00+00:00,52908.73999999999,52914.73999999999,52905.23999999999,52905.73999999999,118
2026-07-15T20:45:00+00:00,52905.73999999999,52914.73999999999,52904.73999999999,52910.73999999999,107
2026-07-15T20:50:00+00:00,52910.73999999999,52913.73999999999,52905.73999999999,52905.73999999999,119
2026-07-15T20:55:00+00:00,52905.73999999999,52914.73999999999,52895.23999999999,52898.98999999999,208
2026-07-15T22:00:00+00:00,52898.98999999999,52939.23999999999,52898.98999999999,52934.73999999999,468
2026-07-15T22:05:00+00:00,52934.73999999999,52941.73999999999,52927.48999999999,52929.23999999999,340
2026-07-15T22:10:00+00:00,52929.23999999999,52930.23999999999,52922.23999999999,52925.23999999999,97
2026-07-15T22:15:00+00:00,52925.23999999999,52929.23999999999,52921.73999999999,52925.73999999999,79
2026-07-15T22:20:00+00:00,52925.73999999999,52927.23999999999,52915.73999999999,52916.23999999999,84
2026-07-15T22:25:00+00:00,52916.23999999999,52919.23999999999,52912.73999999999,52915.23999999999,113
2026-07-15T22:30:00+00:00,52915.23999999999,52924.23999999999,52915.23999999999,52923.73999999999,117
2026-07-15T22:35:00+00:00,52923.73999999999,52930.73999999999,52923.73999999999,52924.73999999999,147
2026-07-15T22:40:00+00:00,52924.73999999999,52927.23999999999,52920.23999999999,52926.23999999999,162
2026-07-15T22:45:00+00:00,52926.23999999999,52930.23999999999,52923.23999999999,52928.73999999999,121
2026-07-15T22:50:00+00:00,52928.73999999999,52945.73999999999,52907.73999999999,52917.73999999999,240.30752764894754
2026-07-15T22:55:00+00:00,52917.73999999999,52927.23999999999,52912.73999999999,52919.23999999999,385
2026-07-15T23:00:00+00:00,52919.23999999999,52926.73999999999,52915.23999999999,52926.73999999999,215
2026-07-15T23:05:00+00:00,52926.73999999999,52926.73999999999,52916.23999999999,52920.73999999999,95.73270117888262
2026-07-15T23:10:00+00:00,52920.73999999999,52926.73999999999,52918.73999999999,52924.73999999999,97
2026-07-15T23:15:00+00:00,52924.73999999999,52930.73999999999,52922.23999999999,52928.73999999999,110
2026-07-15T23:20:00+00:00,52928.73999999999,52931.73999999999,52926.23999999999,52929.23999999999,101
2026-07-15T23:25:00+00:00,52929.23999999999,52939.73999999999,52927.73999999999,52935.73999999999,138
2026-07-15T23:30:00+00:00,52935.73999999999,52948.23999999999,52935.23999999999,52947.23999999999,135
2026-07-15T23:35:00+00:00,52947.23999999999,52948.73999999999,52938.73999999999,52939.73999999999,125
2026-07-15T23:40:00+00:00,52939.73999999999,52943.23999999999,52928.23999999999,52934.23999999999,157
2026-07-15T23:45:00+00:00,52934.23999999999,52936.23999999999,52923.23999999999,52924.23999999999,250
2026-07-15T23:50:00+00:00,52924.23999999999,52934.73999999999,52920.23999999999,52921.23999999999,235
2026-07-15T23:55:00+00:00,52921.23999999999,52924.23999999999,52915.23999999999,52918.23999999999,165
2026-07-16T00:00:00+00:00,52918.23999999999,52956.73999999999,52915.73999999999,52948.23999999999,981
2026-07-16T00:05:00+00:00,52948.23999999999,52962.23999999999,52942.73999999999,52959.23999999999,759
2026-07-16T00:10:00+00:00,52959.23999999999,52972.23999999999,52954.23999999999,52970.73999999999,583
2026-07-16T00:15:00+00:00,52970.73999999999,52974.23999999999,52955.23999999999,52962.23999999999,794
2026-07-16T00:20:00+00:00,52962.23999999999,52966.73999999999,52954.73999999999,52954.73999999999,630
2026-07-16T00:25:00+00:00,52954.73999999999,52961.73999999999,52953.23999999999,52959.73999999999,481
2026-07-16T00:30:00+00:00,52959.73999999999,52965.73999999999,52954.23999999999,52960.73999999999,580
2026-07-16T00:35:00+00:00,52960.73999999999,52960.73999999999,52939.23999999999,52942.73999999999,411
2026-07-16T00:40:00+00:00,52942.73999999999,52948.73999999999,52935.73999999999,52945.73999999999,442
2026-07-16T00:45:00+00:00,52945.73999999999,52945.73999999999,52935.73999999999,52940.73999999999,441
2026-07-16T00:50:00+00:00,52940.73999999999,52953.23999999999,52935.23999999999,52935.73999999999,518
2026-07-16T00:55:00+00:00,52935.73999999999,52940.73999999999,52928.23999999999,52933.23999999999,514
2026-07-16T01:00:00+00:00,52933.23999999999,52935.23999999999,52911.23999999999,52914.23999999999,804
2026-07-16T01:05:00+00:00,52914.23999999999,52921.73999999999,52910.23999999999,52919.73999999999,405
2026-07-16T01:10:00+00:00,52919.73999999999,52923.73999999999,52912.73999999999,52920.73999999999,439
2026-07-16T01:15:00+00:00,52920.73999999999,52921.73999999999,52888.73999999999,52888.73999999999,359
2026-07-16T01:20:00+00:00,52888.73999999999,52901.23999999999,52882.73999999999,52896.23999999999,529
2026-07-16T01:25:00+00:00,52896.23999999999,52910.23999999999,52894.23999999999,52901.73999999999,420
2026-07-16T01:30:00+00:00,52901.73999999999,52920.23999999999,52900.73999999999,52913.73999999999,589
2026-07-16T01:35:00+00:00,52913.73999999999,52920.23999999999,52905.23999999999,52914.23999999999,536
2026-07-16T01:40:00+00:00,52914.23999999999,52919.73999999999,52904.23999999999,52906.73999999999,385
2026-07-16T01:45:00+00:00,52906.73999999999,52920.23999999999,52902.23999999999,52918.73999999999,504
2026-07-16T01:50:00+00:00,52918.73999999999,52918.73999999999,52902.23999999999,52905.73999999999,384
2026-07-16T01:55:00+00:00,52905.73999999999,52910.73999999999,52887.23999999999,52891.73999999999,385
2026-07-16T02:00:00+00:00,52891.73999999999,52894.23999999999,52862.23999999999,52867.73999999999,529
2026-07-16T02:05:00+00:00,52867.73999999999,52874.73999999999,52863.23999999999,52871.23999999999,322
2026-07-16T02:10:00+00:00,52871.23999999999,52879.23999999999,52869.23999999999,52871.23999999999,398
2026-07-16T02:15:00+00:00,52871.23999999999,52881.73999999999,52868.23999999999,52879.73999999999,406
2026-07-16T02:20:00+00:00,52879.73999999999,52900.73999999999,52877.23999999999,52899.23999999999,464
2026-07-16T02:25:00+00:00,52899.23999999999,52907.73999999999,52895.23999999999,52902.73999999999,369
2026-07-16T02:30:00+00:00,52902.73999999999,52910.73999999999,52900.73999999999,52909.23999999999,344
2026-07-16T02:35:00+00:00,52909.23999999999,52914.23999999999,52903.73999999999,52904.73999999999,277
2026-07-16T02:40:00+00:00,52904.73999999999,52914.73999999999,52903.73999999999,52910.23999999999,285
2026-07-16T02:45:00+00:00,52910.23999999999,52925.73999999999,52909.23999999999,52922.73999999999,308
2026-07-16T02:50:00+00:00,52922.73999999999,52925.73999999999,52914.23999999999,52921.73999999999,198
2026-07-16T02:55:00+00:00,52921.73999999999,52933.73999999999,52920.73999999999,52932.23999999999,295
2026-07-16T03:00:00+00:00,52932.23999999999,52942.23999999999,52927.73999999999,52939.73999999999,226
2026-07-16T03:05:00+00:00,52939.73999999999,52949.73999999999,52936.23999999999,52944.23999999999,336
2026-07-16T03:10:00+00:00,52944.23999999999,52948.23999999999,52935.23999999999,52936.73999999999,177
2026-07-16T03:15:00+00:00,52936.73999999999,52937.73999999999,52930.73999999999,52935.73999999999,278
2026-07-16T03:20:00+00:00,52935.73999999999,52941.73999999999,52931.73999999999,52938.73999999999,235
2026-07-16T03:25:00+00:00,52938.73999999999,52946.73999999999,52936.73999999999,52945.73999999999,189
2026-07-16T03:30:00+00:00,52945.73999999999,52964.23999999999,52944.23999999999,52958.73999999999,494
2026-07-16T03:35:00+00:00,52958.73999999999,52963.73999999999,52952.73999999999,52955.73999999999,355
2026-07-16T03:40:00+00:00,52955.73999999999,52965.23999999999,52955.73999999999,52959.23999999999,286
2026-07-16T03:45:00+00:00,52959.23999999999,52965.73999999999,52957.23999999999,52964.73999999999,193
2026-07-16T03:50:00+00:00,52964.73999999999,52976.23999999999,52961.73999999999,52971.73999999999,213
2026-07-16T03:55:00+00:00,52971.73999999999,52971.73999999999,52965.23999999999,52965.23999999999,122
2026-07-16T04:00:00+00:00,52965.23999999999,52969.73999999999,52962.73999999999,52964.23999999999,182
2026-07-16T04:05:00+00:00,52964.23999999999,52973.23999999999,52963.73999999999,52968.73999999999,182
2026-07-16T04:10:00+00:00,52968.73999999999,52979.73999999999,52965.23999999999,52974.73999999999,200
2026-07-16T04:15:00+00:00,52974.73999999999,52978.73999999999,52968.73999999999,52968.73999999999,163
2026-07-16T04:20:00+00:00,52968.73999999999,52968.73999999999,52957.73999999999,52962.73999999999,174
2026-07-16T04:25:00+00:00,52962.73999999999,52963.73999999999,52955.23999999999,52957.23999999999,155
2026-07-16T04:30:00+00:00,52957.23999999999,52960.73999999999,52952.23999999999,52952.23999999999,105
2026-07-16T04:35:00+00:00,52952.23999999999,52952.73999999999,52946.73999999999,52950.23999999999,136
2026-07-16T04:40:00+00:00,52950.23999999999,52958.23999999999,52949.23999999999,52952.73999999999,189
2026-07-16T04:45:00+00:00,52952.73999999999,52955.73999999999,52949.23999999999,52954.73999999999,123
2026-07-16T04:50:00+00:00,52954.73999999999,52965.73999999999,52954.73999999999,52965.23999999999,210
2026-07-16T04:55:00+00:00,52965.23999999999,52967.23999999999,52959.73999999999,52962.73999999999,191
2026-07-16T05:00:00+00:00,52962.73999999999,52973.73999999999,52962.73999999999,52969.73999999999,247
2026-07-16T05:05:00+00:00,52969.73999999999,52973.73999999999,52967.73999999999,52971.73999999999,183
2026-07-16T05:10:00+00:00,52971.73999999999,52994.23999999999,52971.23999999999,52989.73999999999,317
2026-07-16T05:15:00+00:00,52989.73999999999,53004.23999999999,52982.23999999999,52987.73999999999,405
2026-07-16T05:20:00+00:00,52987.73999999999,52993.23999999999,52986.23999999999,52987.23999999999,294
2026-07-16T05:25:00+00:00,52987.23999999999,52991.23999999999,52978.23999999999,52982.73999999999,257
2026-07-16T05:30:00+00:00,52982.73999999999,53001.23999999999,52967.23999999999,52968.73999999999,751
2026-07-16T05:35:00+00:00,52968.73999999999,52970.23999999999,52948.73999999999,52958.23999999999,761
2026-07-16T05:40:00+00:00,52958.23999999999,52975.23999999999,52953.73999999999,52966.23999999999,523
2026-07-16T05:45:00+00:00,52966.23999999999,52969.23999999999,52943.73999999999,52943.73999999999,415
2026-07-16T05:50:00+00:00,52943.73999999999,52943.73999999999,52934.73999999999,52936.73999999999,246
2026-07-16T05:55:00+00:00,52936.73999999999,52945.73999999999,52935.73999999999,52939.73999999999,294
2026-07-16T06:00:00+00:00,52939.73999999999,52958.73999999999,52939.73999999999,52948.73999999999,533
2026-07-16T06:05:00+00:00,52948.73999999999,52969.23999999999,52928.73999999999,52953.23999999999,1349
2026-07-16T06:10:00+00:00,52953.23999999999,52954.23999999999,52942.73999999999,52951.73999999999,734
2026-07-16T06:15:00+00:00,52951.73999999999,52960.73999999999,52947.73999999999,52954.73999999999,549
2026-07-16T06:20:00+00:00,52954.73999999999,52956.23999999999,52942.73999999999,52944.73999999999,408
2026-07-16T06:25:00+00:00,52944.73999999999,52953.23999999999,52938.23999999999,52944.23999999999,402
2026-07-16T06:30:00+00:00,52944.23999999999,52944.23999999999,52920.73999999999,52920.73999999999,551
2026-07-16T06:35:00+00:00,52920.73999999999,52921.73999999999,52905.73999999999,52920.23999999999,431
2026-07-16T06:40:00+00:00,52920.23999999999,52931.23999999999,52920.23999999999,52930.23999999999,257
2026-07-16T06:45:00+00:00,52930.23999999999,52930.73999999999,52918.73999999999,52928.73999999999,226
2026-07-16T06:50:00+00:00,52928.73999999999,52937.73999999999,52927.23999999999,52936.73999999999,277
2026-07-16T06:55:00+00:00,52936.73999999999,52955.23999999999,52936.23999999999,52951.73999999999,488
2026-07-16T07:00:00+00:00,52951.73999999999,52956.23999999999,52897.23999999999,52932.23999999999,1088
2026-07-16T07:05:00+00:00,52932.23999999999,52934.73999999999,52916.73999999999,52927.23999999999,837
2026-07-16T07:10:00+00:00,52927.23999999999,52929.23999999999,52897.73999999999,52899.73999999999,781
2026-07-16T07:15:00+00:00,52899.73999999999,52905.23999999999,52889.73999999999,52898.73999999999,877
2026-07-16T07:20:00+00:00,52898.73999999999,52912.73999999999,52894.73999999999,52909.23999999999,664
2026-07-16T07:25:00+00:00,52909.23999999999,52923.73999999999,52904.73999999999,52912.23999999999,437
2026-07-16T07:30:00+00:00,52912.23999999999,52918.73999999999,52899.23999999999,52907.73999999999,590
2026-07-16T07:35:00+00:00,52907.73999999999,52909.23999999999,52893.23999999999,52902.73999999999,607
2026-07-16T07:40:00+00:00,52902.73999999999,52915.73999999999,52893.23999999999,52906.73999999999,652
2026-07-16T07:45:00+00:00,52906.73999999999,52913.73999999999,52881.73999999999,52882.73999999999,738
2026-07-16T07:50:00+00:00,52882.73999999999,52885.23999999999,52855.73999999999,52857.23999999999,587
2026-07-16T07:55:00+00:00,52857.23999999999,52863.23999999999,52841.73999999999,52854.73999999999,734
2026-07-16T08:00:00+00:00,52854.73999999999,52912.23999999999,52848.23999999999,52910.23999999999,1250
2026-07-16T08:05:00+00:00,52910.23999999999,52912.23999999999,52884.23999999999,52885.23999999999,1010
2026-07-16T08:10:00+00:00,52885.23999999999,52887.23999999999,52850.73999999999,52859.73999999999,1218
2026-07-16T08:15:00+00:00,52859.73999999999,52881.23999999999,52857.73999999999,52876.23999999999,1092
2026-07-16T08:20:00+00:00,52876.23999999999,52901.73999999999,52875.23999999999,52885.23999999999,838
2026-07-16T08:25:00+00:00,52885.23999999999,52899.73999999999,52881.23999999999,52888.73999999999,996
2026-07-16T08:30:00+00:00,52888.73999999999,52908.73999999999,52887.73999999999,52895.23999999999,822
2026-07-16T08:35:00+00:00,52895.23999999999,52905.73999999999,52894.23999999999,52894.23999999999,640
2026-07-16T08:40:00+00:00,52894.23999999999,52910.73999999999,52893.23999999999,52904.73999999999,592
2026-07-16T08:45:00+00:00,52904.73999999999,52938.73999999999,52904.73999999999,52930.73999999999,577
2026-07-16T08:50:00+00:00,52930.73999999999,52931.73999999999,52897.73999999999,52902.23999999999,595
2026-07-16T08:55:00+00:00,52902.23999999999,52917.73999999999,52900.23999999999,52911.23999999999,445
2026-07-16T09:00:00+00:00,52911.23999999999,52922.23999999999,52903.23999999999,52904.23999999999,740
2026-07-16T09:05:00+00:00,52904.23999999999,52904.23999999999,52891.73999999999,52895.23999999999,626
2026-07-16T09:10:00+00:00,52895.23999999999,52902.73999999999,52885.73999999999,52895.23999999999,602
2026-07-16T09:15:00+00:00,52895.23999999999,52908.73999999999,52889.23999999999,52890.23999999999,463
2026-07-16T09:20:00+00:00,52890.23999999999,52906.23999999999,52870.73999999999,52871.23999999999,395
2026-07-16T09:25:00+00:00,52871.23999999999,52879.23999999999,52863.23999999999,52868.73999999999,459
2026-07-16T09:30:00+00:00,52868.73999999999,52882.73999999999,52866.23999999999,52875.23999999999,523
2026-07-16T09:35:00+00:00,52875.23999999999,52876.23999999999,52854.23999999999,52863.23999999999,573
2026-07-16T09:40:00+00:00,52863.23999999999,52866.23999999999,52852.23999999999,52861.73999999999,458
2026-07-16T09:45:00+00:00,52861.73999999999,52862.73999999999,52842.73999999999,52844.73999999999,678
2026-07-16T09:50:00+00:00,52844.73999999999,52861.73999999999,52843.73999999999,52861.73999999999,447
2026-07-16T09:55:00+00:00,52861.73999999999,53065.23999999999,52861.73999999999,53032.73999999999,2561
2026-07-16T10:00:00+00:00,53032.73999999999,53058.23999999999,53023.23999999999,53049.23999999999,1379
2026-07-16T10:05:00+00:00,53049.23999999999,53055.23999999999,53026.23999999999,53038.23999999999,601
2026-07-16T10:10:00+00:00,53038.23999999999,53047.73999999999,53011.73999999999,53012.23999999999,838
2026-07-16T10:15:00+00:00,53012.23999999999,53018.23999999999,52992.73999999999,52999.73999999999,636
2026-07-16T10:20:00+00:00,52999.73999999999,53002.73999999999,52975.23999999999,52975.73999999999,640
2026-07-16T10:25:00+00:00,52975.73999999999,52993.73999999999,52975.73999999999,52983.73999999999,631
2026-07-16T10:30:00+00:00,52983.73999999999,53042.73999999999,52980.73999999999,53023.73999999999,1259
2026-07-16T10:35:00+00:00,53023.73999999999,53032.23999999999,53006.23999999999,53020.73999999999,883
2026-07-16T10:40:00+00:00,53020.73999999999,53043.73999999999,53018.73999999999,53035.23999999999,884
2026-07-16T10:45:00+00:00,53035.23999999999,53037.23999999999,53014.23999999999,53024.23999999999,823
2026-07-16T10:50:00+00:00,53024.23999999999,53026.73999999999,52999.23999999999,53006.23999999999,607
2026-07-16T10:55:00+00:00,53006.23999999999,53016.23999999999,52989.73999999999,52998.23999999999,638
2026-07-16T11:00:00+00:00,52998.23999999999,53028.23999999999,52984.73999999999,53025.23999999999,1285
2026-07-16T11:05:00+00:00,53025.23999999999,53025.23999999999,52992.23999999999,53005.23999999999,788
2026-07-16T11:10:00+00:00,53005.23999999999,53012.23999999999,52981.23999999999,53009.73999999999,706
2026-07-16T11:15:00+00:00,53009.73999999999,53016.23999999999,52993.23999999999,52999.73999999999,1051
2026-07-16T11:20:00+00:00,52999.73999999999,53036.73999999999,52997.23999999999,53035.23999999999,704
2026-07-16T11:25:00+00:00,53035.23999999999,53035.73999999999,53020.23999999999,53031.73999999999,657
2026-07-16T11:30:00+00:00,53031.73999999999,53032.73999999999,52996.73999999999,53010.73999999999,846
2026-07-16T11:35:00+00:00,53010.73999999999,53023.23999999999,53007.73999999999,53023.23999999999,710
2026-07-16T11:40:00+00:00,53023.23999999999,53027.23999999999,53005.73999999999,53020.23999999999,675
2026-07-16T11:45:00+00:00,53020.23999999999,53021.23999999999,52869.73999999999,52890.73999999999,1446
2026-07-16T11:50:00+00:00,52890.73999999999,52976.73999999999,52889.23999999999,52976.73999999999,3353
2026-07-16T11:55:00+00:00,52976.73999999999,53003.73999999999,52976.73999999999,52990.23999999999,1032
2026-07-16T12:00:00+00:00,52990.23999999999,53011.73999999999,52982.23999999999,52997.73999999999,1209
2026-07-16T12:05:00+00:00,52997.73999999999,52998.73999999999,52959.73999999999,52971.73999999999,1225
2026-07-16T12:10:00+00:00,52971.73999999999,52971.73999999999,52937.73999999999,52951.23999999999,1086
2026-07-16T12:15:00+00:00,52951.23999999999,52982.73999999999,52946.73999999999,52981.73999999999,903
2026-07-16T12:20:00+00:00,52981.73999999999,52985.73999999999,52923.23999999999,52924.23999999999,1414
2026-07-16T12:25:00+00:00,52924.23999999999,52943.73999999999,52916.23999999999,52943.23999999999,1557
2026-07-16T12:30:00+00:00,52943.23999999999,52954.23999999999,52930.23999999999,52952.23999999999,1528
2026-07-16T12:35:00+00:00,52952.23999999999,52954.23999999999,52894.73999999999,52895.23999999999,1818
2026-07-16T12:40:00+00:00,52895.23999999999,52914.23999999999,52889.23999999999,52909.23999999999,1756
2026-07-16T12:45:00+00:00,52909.23999999999,52942.23999999999,52899.23999999999,52916.23999999999,1271
2026-07-16T12:50:00+00:00,52916.23999999999,52933.23999999999,52915.23999999999,52925.23999999999,1043
2026-07-16T12:55:00+00:00,52925.23999999999,52935.23999999999,52911.73999999999,52914.73999999999,1007
2026-07-16T13:00:00+00:00,52914.73999999999,52927.73999999999,52910.73999999999,52923.73999999999,1581
2026-07-16T13:05:00+00:00,52923.73999999999,52964.73999999999,52922.73999999999,52962.73999999999,1119
2026-07-16T13:10:00+00:00,52962.73999999999,52985.73999999999,52952.73999999999,52985.23999999999,956
2026-07-16T13:15:00+00:00,52985.23999999999,53000.73999999999,52976.23999999999,52983.23999999999,1009
2026-07-16T13:20:00+00:00,52983.23999999999,52989.23999999999,52961.73999999999,52975.23999999999,820
2026-07-16T13:25:00+00:00,52975.23999999999,53029.73999999999,52965.23999999999,52995.73999999999,1503
2026-07-16T13:30:00+00:00,52995.73999999999,53094.09,52962.09,52970.09,12094
2026-07-16T13:35:00+00:00,52970.09,53020.09,52969.09,52991.59,9169
2026-07-16T13:40:00+00:00,52991.59,53023.59,52927.59,53000.09,7904
2026-07-16T13:45:00+00:00,53000.09,53028.09,52930.09,52954.59,7514
2026-07-16T13:50:00+00:00,52954.59,52995.09,52911.09,52923.09,7661
2026-07-16T13:55:00+00:00,52923.09,52923.09,52860.09,52876.09,6478
2026-07-16T14:00:00+00:00,52876.09,52937.59,52876.09,52937.59,5915
2026-07-16T14:05:00+00:00,52937.59,52955.59,52918.09,52950.59,5546
2026-07-16T14:10:00+00:00,52950.59,53000.09,52907.09,52908.09,5754
2026-07-16T14:15:00+00:00,52908.09,52922.09,52866.59,52917.09,4999
2026-07-16T14:20:00+00:00,52917.09,52945.59,52893.09,52944.09,4569
2026-07-16T14:25:00+00:00,52944.09,53002.09,52941.09,52993.09,4102
2026-07-16T14:30:00+00:00,52993.09,53017.59,52978.09,52993.09,3534
2026-07-16T14:35:00+00:00,52993.09,53001.09,52947.09,52948.59,3103
2026-07-16T14:40:00+00:00,52948.59,53028.09,52948.59,53025.09,3046
2026-07-16T14:45:00+00:00,53025.09,53044.09,53001.09,53029.59,3547
2026-07-16T14:50:00+00:00,53029.59,53074.59,53024.09,53057.09,3926
2026-07-16T14:55:00+00:00,53057.09,53070.09,53041.09,53061.59,3490
2026-07-16T15:00:00+00:00,53061.59,53061.59,53020.59,53043.09,3074
2026-07-16T15:05:00+00:00,53043.09,53073.09,53037.09,53065.09,3245
2026-07-16T15:10:00+00:00,53065.09,53085.09,53050.09,53066.09,2827
2026-07-16T15:15:00+00:00,53066.09,53089.09,53059.09,53061.09,2794
2026-07-16T15:20:00+00:00,53061.09,53080.59,53034.09,53076.09,2938
2026-07-16T15:25:00+00:00,53076.09,53116.09,53049.09,53050.09,3373
2026-07-16T15:30:00+00:00,53050.09,53086.09,53019.09,53085.09,3010
2026-07-16T15:35:00+00:00,53085.09,53095.09,53052.09,53064.09,2269
2026-07-16T15:40:00+00:00,53064.09,53082.09,53035.09,53036.09,2297
2026-07-16T15:45:00+00:00,53036.09,53036.09,52999.09,53019.09,3176
2026-07-16T15:50:00+00:00,53019.09,53053.09,53015.09,53018.09,2190
2026-07-16T15:55:00+00:00,53018.09,53032.09,52996.09,53019.09,2332
2026-07-16T16:00:00+00:00,53019.09,53025.09,52970.59,52972.09,2709
2026-07-16T16:05:00+00:00,52972.09,53011.09,52960.09,53004.09,3202
2026-07-16T16:10:00+00:00,53004.09,53004.09,52897.59,52902.59,3078
2026-07-16T16:15:00+00:00,52902.59,52951.09,52900.09,52902.09,3210
2026-07-16T16:20:00+00:00,52902.09,52902.09,52846.09,52856.09,4213
2026-07-16T16:25:00+00:00,52856.09,52879.09,52834.09,52870.09,3171
2026-07-16T16:30:00+00:00,52870.09,52885.09,52845.09,52856.59,3216
2026-07-16T16:35:00+00:00,52856.59,52898.59,52850.09,52857.09,2779
2026-07-16T16:40:00+00:00,52857.09,52892.09,52851.09,52885.09,2235
2026-07-16T16:45:00+00:00,52885.09,52897.09,52858.09,52896.59,2310
2026-07-16T16:50:00+00:00,52896.59,52925.09,52886.09,52915.09,2169
2026-07-16T16:55:00+00:00,52915.09,52970.09,52915.09,52967.09,2491
2026-07-16T17:00:00+00:00,52967.09,52971.09,52932.59,52944.59,2452
2026-07-16T17:05:00+00:00,52944.59,52985.59,52931.59,52972.09,1885
2026-07-16T17:10:00+00:00,52972.09,52974.09,52941.09,52948.09,1731
2026-07-16T17:15:00+00:00,52948.09,52963.09,52921.59,52932.09,2069
2026-07-16T17:20:00+00:00,52932.09,52936.09,52890.09,52897.59,1802
2026-07-16T17:25:00+00:00,52897.59,52905.09,52881.09,52894.09,2556
2026-07-16T17:30:00+00:00,52894.09,52916.09,52849.59,52858.09,2602
2026-07-16T17:35:00+00:00,52858.09,52863.09,52807.09,52821.09,2130
2026-07-16T17:40:00+00:00,52821.09,52829.09,52793.59,52828.09,2944
2026-07-16T17:45:00+00:00,52828.09,52851.09,52808.09,52837.09,2124
2026-07-16T17:50:00+00:00,52837.09,52837.59,52805.09,52814.09,1891
2026-07-16T17:55:00+00:00,52814.09,52816.09,52779.09,52788.09,1890
2026-07-16T18:00:00+00:00,52788.09,52793.09,52743.09,52743.09,2274
2026-07-16T18:05:00+00:00,52743.09,52752.09,52724.09,52745.09,2891
2026-07-16T18:10:00+00:00,52745.09,52793.59,52740.59,52760.09,2890
2026-07-16T18:15:00+00:00,52760.09,52785.59,52737.09,52778.09,2409
2026-07-16T18:20:00+00:00,52778.09,52794.09,52770.59,52773.09,2184
2026-07-16T18:25:00+00:00,52773.09,52786.09,52750.59,52754.09,2137
2026-07-16T18:30:00+00:00,52754.09,52754.09,52726.09,52744.09,2116
2026-07-16T18:35:00+00:00,52744.09,52753.59,52725.09,52725.09,1940
2026-07-16T18:40:00+00:00,52725.09,52737.59,52696.09,52719.59,2570
2026-07-16T18:45:00+00:00,52719.59,52751.09,52709.59,52740.59,1792
2026-07-16T18:50:00+00:00,52740.59,52757.09,52713.09,52713.59,1697
2026-07-16T18:55:00+00:00,52713.59,52732.09,52709.09,52723.09,1851
2026-07-16T19:00:00+00:00,52723.09,52751.09,52717.09,52741.09,1977
2026-07-16T19:05:00+00:00,52741.09,52744.09,52690.09,52695.09,2231
2026-07-16T19:10:00+00:00,52695.09,52696.09,52671.09,52694.09,2436
2026-07-16T19:15:00+00:00,52694.09,52729.09,52687.09,52727.09,2202
2026-07-16T19:20:00+00:00,52727.09,52737.09,52709.09,52711.59,2272
2026-07-16T19:25:00+00:00,52711.59,52718.09,52691.59,52702.09,2253
2026-07-16T19:30:00+00:00,52702.09,52703.09,52637.59,52638.09,3154
2026-07-16T19:35:00+00:00,52638.09,52657.09,52621.09,52652.59,2689
2026-07-16T19:40:00+00:00,52652.59,52667.59,52634.09,52639.59,2375
2026-07-16T19:45:00+00:00,52639.59,52646.09,52620.09,52638.09,2926
2026-07-16T19:50:00+00:00,52638.09,52740.09,52638.09,52733.59,4404
2026-07-16T19:55:00+00:00,52733.59,52804.09,52727.59,52795.09,5008
2026-07-16T20:00:00+00:00,52795.09,52795.09,52751.23999999999,52759.73999999999,1982
2026-07-16T20:05:00+00:00,52759.73999999999,52761.73999999999,52744.73999999999,52755.73999999999,996
2026-07-16T20:10:00+00:00,52755.73999999999,52758.73999999999,52744.73999999999,52748.23999999999,957
2026-07-16T20:15:00+00:00,52748.23999999999,52764.23999999999,52743.73999999999,52755.73999999999,609
2026-07-16T20:20:00+00:00,52755.73999999999,52773.23999999999,52755.23999999999,52760.73999999999,495
2026-07-16T20:25:00+00:00,52760.73999999999,52763.23999999999,52736.73999999999,52739.73999999999,205
2026-07-16T20:30:00+00:00,52739.73999999999,52746.23999999999,52735.23999999999,52741.23999999999,641
2026-07-16T20:35:00+00:00,52741.23999999999,52753.73999999999,52741.23999999999,52745.23999999999,435
2026-07-16T20:40:00+00:00,52745.23999999999,52747.23999999999,52740.23999999999,52743.23999999999,338
2026-07-16T20:45:00+00:00,52743.23999999999,52755.23999999999,52740.23999999999,52754.23999999999,463
2026-07-16T20:50:00+00:00,52754.23999999999,52760.23999999999,52743.23999999999,52759.23999999999,336
2026-07-16T20:55:00+00:00,52759.23999999999,52759.23999999999,52749.23999999999,52753.98999999999,293
2026-07-16T22:00:00+00:00,52753.98999999999,52796.73999999999,52753.98999999999,52776.23999999999,511
2026-07-16T22:05:00+00:00,52776.23999999999,52780.73999999999,52767.73999999999,52772.23999999999,447
2026-07-16T22:10:00+00:00,52772.23999999999,52775.23999999999,52762.23999999999,52768.73999999999,359
2026-07-16T22:15:00+00:00,52768.73999999999,52770.73999999999,52754.73999999999,52764.73999999999,406
2026-07-16T22:20:00+00:00,52764.73999999999,52777.73999999999,52759.73999999999,52776.73999999999,270
2026-07-16T22:25:00+00:00,52776.73999999999,52781.23999999999,52773.73999999999,52776.23999999999,283
2026-07-16T22:30:00+00:00,52776.23999999999,52778.23999999999,52764.23999999999,52767.73999999999,271
2026-07-16T22:35:00+00:00,52767.73999999999,52768.73999999999,52761.23999999999,52765.23999999999,153
2026-07-16T22:40:00+00:00,52765.23999999999,52767.73999999999,52757.23999999999,52766.73999999999,278
2026-07-16T22:45:00+00:00,52766.73999999999,52766.73999999999,52751.23999999999,52754.73999999999,299
2026-07-16T22:50:00+00:00,52754.73999999999,52756.73999999999,52739.23999999999,52739.73999999999,257
2026-07-16T22:55:00+00:00,52739.73999999999,52749.23999999999,52737.73999999999,52746.73999999999,227
2026-07-16T23:00:00+00:00,52746.73999999999,52749.23999999999,52734.23999999999,52736.73999999999,233
2026-07-16T23:05:00+00:00,52736.73999999999,52738.73999999999,52722.23999999999,52723.23999999999,187
2026-07-16T23:10:00+00:00,52723.23999999999,52734.73999999999,52720.73999999999,52732.23999999999,165
2026-07-16T23:15:00+00:00,52732.23999999999,52733.23999999999,52726.73999999999,52730.23999999999,108
2026-07-16T23:20:00+00:00,52730.23999999999,52732.23999999999,52713.73999999999,52716.73999999999,234
2026-07-16T23:25:00+00:00,52716.73999999999,52725.73999999999,52712.73999999999,52722.23999999999,291
2026-07-16T23:30:00+00:00,52722.23999999999,52724.23999999999,52712.73999999999,52721.23999999999,291
2026-07-16T23:35:00+00:00,52721.23999999999,52722.23999999999,52706.73999999999,52718.23999999999,358
2026-07-16T23:40:00+00:00,52718.23999999999,52724.73999999999,52714.23999999999,52716.23999999999,295
2026-07-16T23:45:00+00:00,52716.23999999999,52716.23999999999,52701.73999999999,52704.73999999999,437
2026-07-16T23:50:00+00:00,52704.73999999999,52724.73999999999,52704.23999999999,52723.23999999999,347
2026-07-16T23:55:00+00:00,52723.23999999999,52723.23999999999,52705.73999999999,52712.73999999999,268
2026-07-17T00:00:00+00:00,52712.73999999999,52723.73999999999,52688.23999999999,52688.73999999999,984
2026-07-17T00:05:00+00:00,52688.73999999999,52695.23999999999,52671.23999999999,52676.73999999999,1088
2026-07-17T00:10:00+00:00,52676.73999999999,52679.73999999999,52661.73999999999,52667.73999999999,908
2026-07-17T00:15:00+00:00,52667.73999999999,52687.73999999999,52666.73999999999,52673.23999999999,1349
2026-07-17T00:20:00+00:00,52673.23999999999,52677.73999999999,52657.73999999999,52659.23999999999,928
2026-07-17T00:25:00+00:00,52659.23999999999,52665.73999999999,52642.73999999999,52648.23999999999,716
2026-07-17T00:30:00+00:00,52648.23999999999,52650.23999999999,52630.73999999999,52637.73999999999,846
2026-07-17T00:35:00+00:00,52637.73999999999,52642.73999999999,52632.23999999999,52635.73999999999,586
2026-07-17T00:40:00+00:00,52635.73999999999,52639.73999999999,52614.73999999999,52616.23999999999,776
2026-07-17T00:45:00+00:00,52616.23999999999,52629.73999999999,52616.23999999999,52629.73999999999,776
2026-07-17T00:50:00+00:00,52629.73999999999,52646.23999999999,52626.73999999999,52646.23999999999,837
2026-07-17T00:55:00+00:00,52646.23999999999,52656.73999999999,52631.73999999999,52632.23999999999,714
2026-07-17T01:00:00+00:00,52632.23999999999,52639.73999999999,52604.23999999999,52604.23999999999,949
2026-07-17T01:05:00+00:00,52604.23999999999,52608.73999999999,52578.73999999999,52601.73999999999,882
2026-07-17T01:10:00+00:00,52601.73999999999,52605.73999999999,52576.23999999999,52577.23999999999,652
2026-07-17T01:15:00+00:00,52577.23999999999,52593.73999999999,52577.23999999999,52591.73999999999,647
2026-07-17T01:20:00+00:00,52591.73999999999,52592.23999999999,52575.23999999999,52580.23999999999,635
2026-07-17T01:25:00+00:00,52580.23999999999,52593.23999999999,52570.73999999999,52592.73999999999,749
2026-07-17T01:30:00+00:00,52592.73999999999,52595.73999999999,52563.73999999999,52563.73999999999,1046
2026-07-17T01:35:00+00:00,52563.73999999999,52577.73999999999,52559.23999999999,52571.73999999999,829
2026-07-17T01:40:00+00:00,52571.73999999999,52575.23999999999,52552.23999999999,52552.23999999999,804
2026-07-17T01:45:00+00:00,52552.23999999999,52554.23999999999,52529.23999999999,52530.23999999999,1325
2026-07-17T01:50:00+00:00,52530.23999999999,52539.73999999999,52524.23999999999,52526.73999999999,745
2026-07-17T01:55:00+00:00,52526.73999999999,52534.73999999999,52520.23999999999,52531.73999999999,516
2026-07-17T02:00:00+00:00,52531.73999999999,52545.73999999999,52531.73999999999,52541.23999999999,725
2026-07-17T02:05:00+00:00,52541.23999999999,52542.23999999999,52518.73999999999,52518.73999999999,580
2026-07-17T02:10:00+00:00,52518.73999999999,52527.73999999999,52514.73999999999,52525.73999999999,430
2026-07-17T02:15:00+00:00,52525.73999999999,52527.73999999999,52511.73999999999,52518.73999999999,423
2026-07-17T02:20:00+00:00,52518.73999999999,52523.73999999999,52511.73999999999,52518.73999999999,482
2026-07-17T02:25:00+00:00,52518.73999999999,52520.23999999999,52510.73999999999,52514.73999999999,396
2026-07-17T02:30:00+00:00,52514.73999999999,52526.73999999999,52505.73999999999,52508.73999999999,414
2026-07-17T02:35:00+00:00,52508.73999999999,52517.73999999999,52502.73999999999,52507.23999999999,428
2026-07-17T02:40:00+00:00,52507.23999999999,52517.73999999999,52504.73999999999,52517.23999999999,443
2026-07-17T02:45:00+00:00,52517.23999999999,52521.23999999999,52504.73999999999,52509.23999999999,396
2026-07-17T02:50:00+00:00,52509.23999999999,52514.23999999999,52493.73999999999,52494.23999999999,448
2026-07-17T02:55:00+00:00,52494.23999999999,52511.73999999999,52485.23999999999,52509.73999999999,652
2026-07-17T03:00:00+00:00,52509.73999999999,52522.73999999999,52505.73999999999,52517.23999999999,391
2026-07-17T03:05:00+00:00,52517.23999999999,52539.73999999999,52515.73999999999,52534.23999999999,425
2026-07-17T03:10:00+00:00,52534.23999999999,52535.23999999999,52523.73999999999,52531.23999999999,385
2026-07-17T03:15:00+00:00,52531.23999999999,52541.73999999999,52530.73999999999,52540.73999999999,389
2026-07-17T03:20:00+00:00,52540.73999999999,52552.73999999999,52540.23999999999,52541.73999999999,383
2026-07-17T03:25:00+00:00,52541.73999999999,52547.23999999999,52540.23999999999,52546.73999999999,396
2026-07-17T03:30:00+00:00,52546.73999999999,52546.73999999999,52510.73999999999,52514.73999999999,664
2026-07-17T03:35:00+00:00,52514.73999999999,52532.23999999999,52514.73999999999,52522.73999999999,519
2026-07-17T03:40:00+00:00,52522.73999999999,52523.73999999999,52488.73999999999,52497.73999999999,691
2026-07-17T03:45:00+00:00,52497.73999999999,52500.73999999999,52487.73999999999,52487.73999999999,460
2026-07-17T03:50:00+00:00,52487.73999999999,52488.73999999999,52474.73999999999,52478.73999999999,456
2026-07-17T03:55:00+00:00,52478.73999999999,52479.23999999999,52464.73999999999,52465.73999999999,467
2026-07-17T04:00:00+00:00,52465.73999999999,52470.73999999999,52445.23999999999,52447.73999999999,760
2026-07-17T04:05:00+00:00,52447.73999999999,52462.73999999999,52446.73999999999,52458.73999999999,560
2026-07-17T04:10:00+00:00,52458.73999999999,52458.73999999999,52440.73999999999,52444.73999999999,652
2026-07-17T04:15:00+00:00,52444.73999999999,52446.73999999999,52430.23999999999,52431.73999999999,431
2026-07-17T04:20:00+00:00,52431.73999999999,52439.23999999999,52417.73999999999,52426.73999999999,498
2026-07-17T04:25:00+00:00,52426.73999999999,52428.73999999999,52397.73999999999,52412.73999999999,780
2026-07-17T04:30:00+00:00,52412.73999999999,52420.73999999999,52389.23999999999,52393.73999999999,718
2026-07-17T04:35:00+00:00,52393.73999999999,52400.73999999999,52385.73999999999,52394.23999999999,782
2026-07-17T04:40:00+00:00,52394.23999999999,52412.23999999999,52378.73999999999,52407.23999999999,877
2026-07-17T04:45:00+00:00,52407.23999999999,52429.73999999999,52402.73999999999,52427.23999999999,926
2026-07-17T04:50:00+00:00,52427.23999999999,52437.23999999999,52422.23999999999,52436.23999999999,792
2026-07-17T04:55:00+00:00,52436.23999999999,52436.73999999999,52405.73999999999,52405.73999999999,697
2026-07-17T05:00:00+00:00,52405.73999999999,52413.73999999999,52395.23999999999,52409.73999999999,857
2026-07-17T05:05:00+00:00,52409.73999999999,52410.73999999999,52397.73999999999,52407.23999999999,573
2026-07-17T05:10:00+00:00,52407.23999999999,52411.73999999999,52395.73999999999,52396.73999999999,509
2026-07-17T05:15:00+00:00,52396.73999999999,52408.73999999999,52387.23999999999,52403.23999999999,534
2026-07-17T05:20:00+00:00,52403.23999999999,52407.73999999999,52395.73999999999,52397.73999999999,404
2026-07-17T05:25:00+00:00,52397.73999999999,52397.73999999999,52386.73999999999,52394.23999999999,527
2026-07-17T05:30:00+00:00,52394.23999999999,52406.23999999999,52374.73999999999,52379.23999999999,889
2026-07-17T05:35:00+00:00,52379.23999999999,52383.23999999999,52341.23999999999,52355.23999999999,1038
2026-07-17T05:40:00+00:00,52355.23999999999,52375.73999999999,52351.73999999999,52374.73999999999,1146
2026-07-17T05:45:00+00:00,52374.73999999999,52392.23999999999,52362.73999999999,52385.73999999999,749
2026-07-17T05:50:00+00:00,52385.73999999999,52402.23999999999,52383.73999999999,52402.23999999999,708
2026-07-17T05:55:00+00:00,52402.23999999999,52410.23999999999,52389.73999999999,52407.73999999999,737
2026-07-17T06:00:00+00:00,52407.73999999999,52442.23999999999,52407.73999999999,52436.23999999999,1006
2026-07-17T06:05:00+00:00,52436.23999999999,52450.23999999999,52421.73999999999,52426.23999999999,866
2026-07-17T06:10:00+00:00,52426.23999999999,52448.73999999999,52418.23999999999,52443.23999999999,978
2026-07-17T06:15:00+00:00,52443.23999999999,52467.73999999999,52439.23999999999,52462.23999999999,791
2026-07-17T06:20:00+00:00,52462.23999999999,52482.23999999999,52456.73999999999,52477.73999999999,861
2026-07-17T06:25:00+00:00,52477.73999999999,52493.23999999999,52477.73999999999,52486.23999999999,789
2026-07-17T06:30:00+00:00,52486.23999999999,52507.73999999999,52481.23999999999,52504.23999999999,916
2026-07-17T06:35:00+00:00,52504.23999999999,52506.23999999999,52467.73999999999,52472.23999999999,777
2026-07-17T06:40:00+00:00,52472.23999999999,52474.23999999999,52448.73999999999,52458.73999999999,579
2026-07-17T06:45:00+00:00,52458.73999999999,52458.73999999999,52437.73999999999,52446.73999999999,861
2026-07-17T06:50:00+00:00,52446.73999999999,52457.23999999999,52437.23999999999,52453.23999999999,835
2026-07-17T06:55:00+00:00,52453.23999999999,52478.73999999999,52453.23999999999,52463.73999999999,726
2026-07-17T07:00:00+00:00,52463.73999999999,52502.23999999999,52448.23999999999,52501.23999999999,1909
2026-07-17T07:05:00+00:00,52501.23999999999,52504.23999999999,52475.23999999999,52481.23999999999,1394
2026-07-17T07:10:00+00:00,52481.23999999999,52494.73999999999,52473.23999999999,52491.73999999999,1046
2026-07-17T07:15:00+00:00,52491.73999999999,52519.73999999999,52491.73999999999,52508.23999999999,1229
2026-07-17T07:20:00+00:00,52508.23999999999,52509.23999999999,52476.23999999999,52483.23999999999,1143
2026-07-17T07:25:00+00:00,52483.23999999999,52520.73999999999,52477.73999999999,52519.23999999999,1091
2026-07-17T07:30:00+00:00,52519.23999999999,52531.23999999999,52506.23999999999,52509.73999999999,1142
2026-07-17T07:35:00+00:00,52509.73999999999,52525.23999999999,52500.23999999999,52524.73999999999,1121
2026-07-17T07:40:00+00:00,52524.73999999999,52547.23999999999,52518.23999999999,52540.23999999999,889
2026-07-17T07:45:00+00:00,52540.23999999999,52549.23999999999,52515.23999999999,52536.23999999999,977
2026-07-17T07:50:00+00:00,52536.23999999999,52550.23999999999,52531.23999999999,52537.73999999999,719
2026-07-17T07:55:00+00:00,52537.73999999999,52553.73999999999,52522.73999999999,52534.23999999999,1185
2026-07-17T08:00:00+00:00,52534.23999999999,52565.23999999999,52523.73999999999,52559.73999999999,1914
2026-07-17T08:05:00+00:00,52559.73999999999,52582.23999999999,52533.23999999999,52546.23999999999,1601
2026-07-17T08:10:00+00:00,52546.23999999999,52549.23999999999,52515.23999999999,52527.23999999999,1497
2026-07-17T08:15:00+00:00,52527.23999999999,52527.73999999999,52474.73999999999,52489.73999999999,2416
2026-07-17T08:20:00+00:00,52489.73999999999,52498.23999999999,52473.23999999999,52479.23999999999,2169
2026-07-17T08:25:00+00:00,52479.23999999999,52509.73999999999,52469.73999999999,52493.23999999999,1921
2026-07-17T08:30:00+00:00,52493.23999999999,52517.23999999999,52455.73999999999,52459.73999999999,1474
2026-07-17T08:35:00+00:00,52459.73999999999,52464.73999999999,52430.73999999999,52437.73999999999,1602
2026-07-17T08:40:00+00:00,52437.73999999999,52443.23999999999,52414.73999999999,52438.73999999999,1658
2026-07-17T08:45:00+00:00,52438.73999999999,52461.73999999999,52432.73999999999,52447.73999999999,1248
2026-07-17T08:50:00+00:00,52447.73999999999,52458.23999999999,52421.23999999999,52454.23999999999,1269
2026-07-17T08:55:00+00:00,52454.23999999999,52470.23999999999,52432.73999999999,52438.23999999999,1583
2026-07-17T09:00:00+00:00,52438.23999999999,52438.73999999999,52387.73999999999,52417.73999999999,1673
2026-07-17T09:05:00+00:00,52417.73999999999,52421.23999999999,52394.73999999999,52408.73999999999,1204
2026-07-17T09:10:00+00:00,52408.73999999999,52454.23999999999,52408.73999999999,52450.73999999999,1124
2026-07-17T09:15:00+00:00,52450.73999999999,52456.23999999999,52433.73999999999,52448.73999999999,1131
2026-07-17T09:20:00+00:00,52448.73999999999,52459.23999999999,52434.23999999999,52451.23999999999,1133
2026-07-17T09:25:00+00:00,52451.23999999999,52470.23999999999,52451.23999999999,52469.23999999999,765
2026-07-17T09:30:00+00:00,52469.23999999999,52469.23999999999,52426.23999999999,52426.23999999999,746
2026-07-17T09:35:00+00:00,52426.23999999999,52440.73999999999,52417.73999999999,52422.73999999999,942
2026-07-17T09:40:00+00:00,52422.73999999999,52432.73999999999,52397.73999999999,52408.73999999999,908
2026-07-17T09:45:00+00:00,52408.73999999999,52432.73999999999,52408.73999999999,52414.23999999999,790
2026-07-17T09:50:00+00:00,52414.23999999999,52435.73999999999,52413.73999999999,52429.73999999999,1258
2026-07-17T09:55:00+00:00,52429.73999999999,52452.23999999999,52425.73999999999,52448.23999999999,1099
2026-07-17T10:00:00+00:00,52448.23999999999,52459.73999999999,52428.23999999999,52435.23999999999,1431
2026-07-17T10:05:00+00:00,52435.23999999999,52464.73999999999,52428.73999999999,52449.73999999999,996
2026-07-17T10:10:00+00:00,52449.73999999999,52481.23999999999,52437.73999999999,52478.23999999999,1136
2026-07-17T10:15:00+00:00,52478.23999999999,52488.73999999999,52469.73999999999,52479.23999999999,920
2026-07-17T10:20:00+00:00,52479.23999999999,52484.73999999999,52454.73999999999,52476.23999999999,1061
2026-07-17T10:25:00+00:00,52476.23999999999,52487.23999999999,52469.23999999999,52470.73999999999,891
2026-07-17T10:30:00+00:00,52470.73999999999,52489.23999999999,52469.23999999999,52482.73999999999,642
2026-07-17T10:35:00+00:00,52482.73999999999,52486.23999999999,52472.23999999999,52478.73999999999,687
2026-07-17T10:40:00+00:00,52478.73999999999,52490.73999999999,52466.23999999999,52473.23999999999,627
2026-07-17T10:45:00+00:00,52473.23999999999,52488.73999999999,52469.73999999999,52479.73999999999,537
2026-07-17T10:50:00+00:00,52479.73999999999,52489.73999999999,52464.73999999999,52476.73999999999,514
2026-07-17T10:55:00+00:00,52476.73999999999,52592.73999999999,52474.73999999999,52534.23999999999,2036
2026-07-17T11:00:00+00:00,52534.23999999999,52558.23999999999,52514.23999999999,52516.23999999999,1460
2026-07-17T11:05:00+00:00,52516.23999999999,52536.73999999999,52495.73999999999,52511.23999999999,1356
2026-07-17T11:10:00+00:00,52511.23999999999,52512.73999999999,52462.23999999999,52467.23999999999,1106
2026-07-17T11:15:00+00:00,52467.23999999999,52510.23999999999,52460.23999999999,52493.23999999999,863
2026-07-17T11:20:00+00:00,52493.23999999999,52493.23999999999,52468.23999999999,52476.23999999999,910
2026-07-17T11:25:00+00:00,52476.23999999999,52511.23999999999,52469.73999999999,52507.23999999999,1035
2026-07-17T11:30:00+00:00,52507.23999999999,52520.73999999999,52499.23999999999,52510.23999999999,1165
2026-07-17T11:35:00+00:00,52510.23999999999,52551.23999999999,52509.73999999999,52547.73999999999,1403
2026-07-17T11:40:00+00:00,52547.73999999999,52556.73999999999,52530.73999999999,52532.23999999999,1165
2026-07-17T11:45:00+00:00,52532.23999999999,52554.73999999999,52525.23999999999,52526.73999999999,989
2026-07-17T11:50:00+00:00,52526.73999999999,52551.23999999999,52502.73999999999,52544.73999999999,1210
2026-07-17T11:55:00+00:00,52544.73999999999,52547.73999999999,52521.73999999999,52524.23999999999,886
2026-07-17T12:00:00+00:00,52524.23999999999,52533.73999999999,52499.23999999999,52502.23999999999,1326
2026-07-17T12:05:00+00:00,52502.23999999999,52509.73999999999,52488.73999999999,52498.23999999999,1239
2026-07-17T12:10:00+00:00,52498.23999999999,52504.73999999999,52483.23999999999,52494.23999999999,999
2026-07-17T12:15:00+00:00,52494.23999999999,52502.73999999999,52478.73999999999,52478.73999999999,845
2026-07-17T12:20:00+00:00,52478.73999999999,52497.23999999999,52466.73999999999,52487.73999999999,1272
2026-07-17T12:25:00+00:00,52487.73999999999,52493.73999999999,52477.98999999999,52477.98999999999,1164
2026-07-17T12:30:00+00:00,52477.98999999999,52479.23999999999,52454.23999999999,52461.23999999999,1229
2026-07-17T12:35:00+00:00,52461.23999999999,52489.73999999999,52443.73999999999,52481.73999999999,1271
2026-07-17T12:40:00+00:00,52481.73999999999,52482.23999999999,52455.73999999999,52460.73999999999,1202
2026-07-17T12:45:00+00:00,52460.73999999999,52464.73999999999,52416.73999999999,52417.23999999999,1196
2026-07-17T12:50:00+00:00,52417.23999999999,52429.23999999999,52411.23999999999,52416.73999999999,1207
2026-07-17T12:55:00+00:00,52416.73999999999,52426.23999999999,52374.23999999999,52387.73999999999,1312
2026-07-17T13:00:00+00:00,52387.73999999999,52389.73999999999,52322.23999999999,52327.73999999999,2443
2026-07-17T13:05:00+00:00,52327.73999999999,52334.73999999999,52282.73999999999,52297.73999999999,2437
2026-07-17T13:10:00+00:00,52297.73999999999,52315.23999999999,52287.73999999999,52292.73999999999,1825
2026-07-17T13:15:00+00:00,52292.73999999999,52331.23999999999,52283.23999999999,52293.23999999999,2456
2026-07-17T13:20:00+00:00,52293.23999999999,52304.23999999999,52249.73999999999,52268.23999999999,1858
2026-07-17T13:25:00+00:00,52268.23999999999,52326.73999999999,52251.73999999999,52261.73999999999,3498
2026-07-17T13:30:00+00:00,52261.73999999999,52348.59,52195.59,52291.09,15036
2026-07-17T13:35:00+00:00,52291.09,52490.59,52287.09,52477.09,11163
2026-07-17T13:40:00+00:00,52477.09,52630.59,52468.09,52581.09,11807
2026-07-17T13:45:00+00:00,52581.09,52746.59,52571.59,52740.09,11756
2026-07-17T13:50:00+00:00,52740.09,52750.09,52663.09,52663.59,9381
2026-07-17T13:55:00+00:00,52663.59,52734.09,52657.59,52723.98999999999,6334
2026-07-17T14:00:00+00:00,52723.98999999999,52765.09,52707.09,52727.09,9094
2026-07-17T14:05:00+00:00,52727.09,52782.09,52717.09,52781.59,7514
2026-07-17T14:10:00+00:00,52781.59,52820.59,52772.09,52804.09,6946
2026-07-17T14:15:00+00:00,52804.09,52851.09,52785.09,52799.09,6661
2026-07-17T14:20:00+00:00,52799.09,52819.09,52770.09,52800.09,5681
2026-07-17T14:25:00+00:00,52800.09,52822.59,52760.09,52761.09,4983
2026-07-17T14:30:00+00:00,52761.09,52797.09,52757.09,52757.09,5301
2026-07-17T14:35:00+00:00,52757.09,52768.59,52722.09,52731.59,5646
2026-07-17T14:40:00+00:00,52731.59,52754.59,52705.09,52712.09,4697
2026-07-17T14:45:00+00:00,52712.09,52753.09,52703.59,52709.09,4911
2026-07-17T14:50:00+00:00,52709.09,52749.09,52697.09,52747.09,4272
2026-07-17T14:55:00+00:00,52747.09,52791.09,52728.09,52748.09,4622
2026-07-17T15:00:00+00:00,52748.09,52753.09,52690.59,52701.09,4306
2026-07-17T15:05:00+00:00,52701.09,52739.09,52697.09,52715.09,5135
2026-07-17T15:10:00+00:00,52715.09,52735.09,52661.59,52673.59,4815
2026-07-17T15:15:00+00:00,52673.59,52692.59,52632.59,52673.09,4820
2026-07-17T15:20:00+00:00,52673.09,52708.59,52655.09,52688.09,4630
2026-07-17T15:25:00+00:00,52688.09,52777.09,52688.09,52764.09,5141
2026-07-17T15:30:00+00:00,52764.09,52789.09,52702.59,52711.09,5048
2026-07-17T15:35:00+00:00,52711.09,52744.09,52684.59,52731.09,4476
2026-07-17T15:40:00+00:00,52731.09,52750.09,52700.59,52728.09,3853
2026-07-17T15:45:00+00:00,52728.09,52730.09,52679.59,52711.09,4117
2026-07-17T15:50:00+00:00,52711.09,52733.09,52687.09,52733.09,3397
2026-07-17T15:55:00+00:00,52733.09,52770.09,52721.09,52766.09,3909
2026-07-17T16:00:00+00:00,52766.09,52773.59,52643.09,52662.09,6265
2026-07-17T16:05:00+00:00,52662.09,52682.09,52635.09,52682.09,4844
2026-07-17T16:10:00+00:00,52682.09,52709.09,52669.09,52705.09,3588
2026-07-17T16:15:00+00:00,52705.09,52717.09,52672.09,52682.09,3272
2026-07-17T16:20:00+00:00,52682.09,52701.09,52622.09,52622.09,3621
2026-07-17T16:25:00+00:00,52622.09,52671.59,52616.59,52647.09,3651
2026-07-17T16:30:00+00:00,52647.09,52658.09,52592.09,52593.09,2820
2026-07-17T16:35:00+00:00,52593.09,52616.09,52587.09,52605.09,3187
2026-07-17T16:40:00+00:00,52605.09,52642.09,52600.09,52632.09,2913
2026-07-17T16:45:00+00:00,52632.09,52665.09,52608.09,52651.09,3242
2026-07-17T16:50:00+00:00,52651.09,52660.59,52614.09,52618.09,3359
2026-07-17T16:55:00+00:00,52618.09,52619.59,52586.09,52602.59,2604
2026-07-17T17:00:00+00:00,52602.59,52631.09,52589.09,52590.09,2823
2026-07-17T17:05:00+00:00,52590.09,52618.09,52576.09,52610.09,2334
2026-07-17T17:10:00+00:00,52610.09,52639.09,52589.59,52591.59,2753
2026-07-17T17:15:00+00:00,52591.59,52602.09,52555.59,52561.09,2707
2026-07-17T17:20:00+00:00,52561.09,52576.09,52540.09,52576.09,2863
2026-07-17T17:25:00+00:00,52576.09,52610.09,52573.09,52600.09,2407
2026-07-17T17:30:00+00:00,52600.09,52622.09,52595.09,52611.09,2599
2026-07-17T17:35:00+00:00,52611.09,52614.09,52573.09,52579.09,2737
2026-07-17T17:40:00+00:00,52579.09,52579.09,52545.09,52550.09,2665
2026-07-17T17:45:00+00:00,52550.09,52570.09,52531.09,52543.09,2587
2026-07-17T17:50:00+00:00,52543.09,52547.09,52502.59,52513.09,2702
2026-07-17T17:55:00+00:00,52513.09,52519.59,52485.09,52496.09,2911
2026-07-17T18:00:00+00:00,52496.09,52523.09,52487.09,52495.09,3312
2026-07-17T18:05:00+00:00,52495.09,52502.09,52465.09,52496.09,2861
2026-07-17T18:10:00+00:00,52496.09,52501.09,52480.59,52486.09,2647
2026-07-17T18:15:00+00:00,52486.09,52493.59,52453.09,52468.09,3591
2026-07-17T18:20:00+00:00,52468.09,52478.09,52440.09,52447.09,3231
2026-07-17T18:25:00+00:00,52447.09,52451.09,52423.09,52435.09,3207
2026-07-17T18:30:00+00:00,52435.09,52471.09,52424.09,52439.09,3676
2026-07-17T18:35:00+00:00,52439.09,52452.59,52428.59,52440.09,2358
2026-07-17T18:40:00+00:00,52440.09,52443.09,52408.09,52414.09,2722
2026-07-17T18:45:00+00:00,52414.09,52453.09,52407.09,52442.09,2947
2026-07-17T18:50:00+00:00,52442.09,52484.09,52431.09,52483.09,2894
2026-07-17T18:55:00+00:00,52483.09,52483.09,52454.09,52459.59,3167
2026-07-17T19:00:00+00:00,52459.59,52463.09,52420.59,52439.59,3151
2026-07-17T19:05:00+00:00,52439.59,52447.59,52414.09,52415.09,2424
2026-07-17T19:10:00+00:00,52415.09,52415.09,52385.09,52389.09,2712
2026-07-17T19:15:00+00:00,52389.09,52414.09,52383.09,52401.59,3785
2026-07-17T19:20:00+00:00,52401.59,52401.59,52362.09,52363.09,2807
2026-07-17T19:25:00+00:00,52363.09,52410.09,52352.09,52389.09,3450
2026-07-17T19:30:00+00:00,52389.09,52412.09,52362.09,52382.09,4610
2026-07-17T19:35:00+00:00,52382.09,52408.09,52376.09,52399.09,3301
2026-07-17T19:40:00+00:00,52399.09,52438.09,52388.09,52436.09,3339
2026-07-17T19:45:00+00:00,52436.09,52469.09,52428.09,52459.09,4487
2026-07-17T19:50:00+00:00,52459.09,52467.59,52409.09,52429.09,5014
2026-07-17T19:55:00+00:00,52429.09,52455.09,52376.59,52392.59,5236
2026-07-17T20:00:00+00:00,52392.59,52393.73999999999,52343.23999999999,52353.73999999999,3737
2026-07-17T20:05:00+00:00,52353.73999999999,52366.73999999999,52351.23999999999,52359.23999999999,1712
2026-07-17T20:10:00+00:00,52359.23999999999,52363.73999999999,52337.73999999999,52351.23999999999,1425
2026-07-17T20:15:00+00:00,52351.23999999999,52361.73999999999,52118.09,52131.09,878
2026-07-17T20:20:00+00:00,52131.09,52140.59,52129.59,52139.59,742
2026-07-17T20:25:00+00:00,52139.59,52149.59,52139.59,52143.59,425
2026-07-17T20:30:00+00:00,52143.59,52160.59,52142.09,52155.59,804
2026-07-17T20:35:00+00:00,52155.59,52163.59,52142.59,52159.09,641
2026-07-17T20:40:00+00:00,52159.09,52172.34,52158.09,52172.34,521
2026-07-19T22:00:00+00:00,52172.34,52172.34,52088.29,52095.79,1919
2026-07-19T22:05:00+00:00,52095.79,52101.29,52048.54,52099.29,1224
2026-07-19T22:10:00+00:00,52099.29,52104.29,52079.79,52089.79,801
2026-07-19T22:15:00+00:00,52089.79,52123.79,52089.79,52119.29,833
2026-07-19T22:20:00+00:00,52119.29,52142.29,52113.29,52113.29,925
2026-07-19T22:25:00+00:00,52113.29,52115.29,52091.29,52092.29,664
2026-07-19T22:30:00+00:00,52092.29,52133.79,52083.79,52132.79,924
2026-07-19T22:35:00+00:00,52132.79,52146.29,52130.29,52137.29,587
2026-07-19T22:40:00+00:00,52137.29,52178.29,52136.79,52167.29,608
2026-07-19T22:45:00+00:00,52167.29,52175.29,52153.79,52166.29,542
2026-07-19T22:50:00+00:00,52166.29,52167.29,52138.79,52146.29,719
2026-07-19T22:55:00+00:00,52146.29,52159.79,52144.79,52152.29,428
2026-07-19T23:00:00+00:00,52152.29,52154.29,52128.79,52139.29,772
2026-07-19T23:05:00+00:00,52139.29,52141.29,52124.79,52138.79,496
2026-07-19T23:10:00+00:00,52138.79,52150.29,52136.29,52140.79,384
2026-07-19T23:15:00+00:00,52140.79,52145.29,52131.29,52136.79,312
2026-07-19T23:20:00+00:00,52136.79,52143.79,52124.29,52143.29,347
2026-07-19T23:25:00+00:00,52143.29,52153.79,52121.29,52128.79,658
2026-07-19T23:30:00+00:00,52128.79,52147.79,52120.79,52147.79,529
2026-07-19T23:35:00+00:00,52147.79,52160.79,52143.79,52143.79,718
2026-07-19T23:40:00+00:00,52143.79,52163.79,52140.79,52161.79,527
2026-07-19T23:45:00+00:00,52161.79,52161.79,52125.79,52131.79,1199
2026-07-19T23:50:00+00:00,52131.79,52167.79,52131.29,52154.79,832
2026-07-19T23:55:00+00:00,52154.79,52168.79,52148.29,52164.79,603
2026-07-20T00:00:00+00:00,52164.79,52179.29,52144.79,52168.79,1837
2026-07-20T00:05:00+00:00,52168.79,52215.29,52166.79,52198.29,1431
2026-07-20T00:10:00+00:00,52198.29,52210.79,52192.79,52196.79,1164
2026-07-20T00:15:00+00:00,52196.79,52210.79,52187.79,52201.79,1285
2026-07-20T00:20:00+00:00,52201.79,52204.29,52177.29,52183.79,1073
2026-07-20T00:25:00+00:00,52183.79,52186.79,52172.29,52181.79,1129
2026-07-20T00:30:00+00:00,52181.79,52184.79,52163.29,52163.79,1080
2026-07-20T00:35:00+00:00,52163.79,52179.79,52160.29,52161.29,843
2026-07-20T00:40:00+00:00,52161.29,52177.79,52154.29,52155.79,785
2026-07-20T00:45:00+00:00,52155.79,52174.79,52149.29,52169.79,898
2026-07-20T00:50:00+00:00,52169.79,52179.29,52166.79,52172.79,472
2026-07-20T00:55:00+00:00,52172.79,52185.79,52171.29,52181.29,656
2026-07-20T01:00:00+00:00,52181.29,52205.79,52180.79,52190.29,1243
2026-07-20T01:05:00+00:00,52190.29,52207.79,52188.29,52203.29,916
2026-07-20T01:10:00+00:00,52203.29,52210.29,52181.29,52183.79,1022
2026-07-20T01:15:00+00:00,52183.79,52190.79,52175.29,52178.29,1080
2026-07-20T01:20:00+00:00,52178.29,52203.79,52166.29,52188.79,981
2026-07-20T01:25:00+00:00,52188.79,52197.79,52164.29,52168.29,842
2026-07-20T01:30:00+00:00,52168.29,52174.79,52160.29,52172.79,825
2026-07-20T01:35:00+00:00,52172.79,52173.29,52154.29,52163.79,934
2026-07-20T01:40:00+00:00,52163.79,52165.29,52122.29,52133.29,1042
2026-07-20T01:45:00+00:00,52133.29,52142.79,52127.79,52137.79,899
2026-07-20T01:50:00+00:00,52137.79,52141.29,52093.79,52094.79,820
2026-07-20T01:55:00+00:00,52094.79,52117.29,52093.79,52111.79,833
2026-07-20T02:00:00+00:00,52111.79,52158.29,52108.29,52154.79,1332
2026-07-20T02:05:00+00:00,52154.79,52162.79,52144.29,52150.79,900
2026-07-20T02:10:00+00:00,52150.79,52152.29,52123.29,52127.79,732
2026-07-20T02:15:00+00:00,52127.79,52129.79,52100.29,52103.79,696
2026-07-20T02:20:00+00:00,52103.79,52116.29,52103.79,52109.29,653
2026-07-20T02:25:00+00:00,52109.29,52125.79,52102.29,52120.79,709
2026-07-20T02:30:00+00:00,52120.79,52156.79,52118.79,52143.29,1000
2026-07-20T02:35:00+00:00,52143.29,52150.29,52134.29,52140.79,744
2026-07-20T02:40:00+00:00,52140.79,52169.79,52136.79,52157.79,861
2026-07-20T02:45:00+00:00,52157.79,52165.79,52154.29,52157.79,793
2026-07-20T02:50:00+00:00,52157.79,52161.29,52150.79,52151.79,471
2026-07-20T02:55:00+00:00,52151.79,52161.29,52145.79,52153.29,511
2026-07-20T03:00:00+00:00,52153.29,52159.29,52144.29,52144.79,546
2026-07-20T03:05:00+00:00,52144.79,52145.79,52127.79,52128.79,506
2026-07-20T03:10:00+00:00,52128.79,52134.79,52123.29,52130.29,516
2026-07-20T03:15:00+00:00,52130.29,52150.29,52127.29,52144.79,584
2026-07-20T03:20:00+00:00,52144.79,52158.79,52142.79,52156.79,602
2026-07-20T03:25:00+00:00,52156.79,52159.29,52148.29,52149.79,544
2026-07-20T03:30:00+00:00,52149.79,52164.29,52146.29,52158.29,622
2026-07-20T03:35:00+00:00,52158.29,52165.79,52147.79,52159.79,578
2026-07-20T03:40:00+00:00,52159.79,52172.29,52153.79,52171.79,445
2026-07-20T03:45:00+00:00,52171.79,52175.79,52166.79,52170.29,471
2026-07-20T03:50:00+00:00,52170.29,52177.29,52167.79,52170.29,446
2026-07-20T03:55:00+00:00,52170.29,52175.29,52146.29,52155.29,540
2026-07-20T04:00:00+00:00,52155.29,52164.29,52149.79,52153.79,518
2026-07-20T04:05:00+00:00,52153.79,52155.79,52138.29,52142.79,442
2026-07-20T04:10:00+00:00,52142.79,52147.79,52131.79,52134.79,456
2026-07-20T04:15:00+00:00,52134.79,52139.29,52123.79,52138.29,562
2026-07-20T04:20:00+00:00,52138.29,52151.29,52132.79,52149.79,621
2026-07-20T04:25:00+00:00,52149.79,52174.79,52148.79,52170.79,453
2026-07-20T04:30:00+00:00,52170.79,52183.29,52165.79,52172.29,590
2026-07-20T04:35:00+00:00,52172.29,52189.29,52172.29,52184.79,454
2026-07-20T04:40:00+00:00,52184.79,52201.79,52183.79,52195.29,508
2026-07-20T04:45:00+00:00,52195.29,52206.79,52190.79,52205.79,372
2026-07-20T04:50:00+00:00,52205.79,52214.29,52196.29,52198.79,511
2026-07-20T04:55:00+00:00,52198.79,52201.79,52188.29,52191.29,367
2026-07-20T05:00:00+00:00,52191.29,52197.79,52185.29,52188.29,475
2026-07-20T05:05:00+00:00,52188.29,52188.79,52165.29,52169.29,487
2026-07-20T05:10:00+00:00,52169.29,52171.79,52142.29,52159.79,760
2026-07-20T05:15:00+00:00,52159.79,52161.79,52142.79,52153.79,745
2026-07-20T05:20:00+00:00,52153.79,52154.79,52139.29,52148.79,452
2026-07-20T05:25:00+00:00,52148.79,52149.79,52138.29,52146.29,509
2026-07-20T05:30:00+00:00,52146.29,52148.79,52138.79,52141.29,626
2026-07-20T05:35:00+00:00,52141.29,52152.29,52139.79,52142.29,618
2026-07-20T05:40:00+00:00,52142.29,52153.29,52140.29,52140.29,504
2026-07-20T05:45:00+00:00,52140.29,52147.29,52128.79,52136.29,474
2026-07-20T05:50:00+00:00,52136.29,52137.29,52125.79,52126.29,436
2026-07-20T05:55:00+00:00,52126.29,52137.29,52119.79,52125.29,534
2026-07-20T06:00:00+00:00,52125.29,52134.79,52122.79,52126.79,936
2026-07-20T06:05:00+00:00,52126.79,52141.29,52113.29,52131.79,789
2026-07-20T06:10:00+00:00,52131.79,52131.79,52117.29,52120.79,521
2026-07-20T06:15:00+00:00,52120.79,52131.79,52113.29,52113.29,641
2026-07-20T06:20:00+00:00,52113.29,52133.29,52113.29,52115.79,599
2026-07-20T06:25:00+00:00,52115.79,52121.29,52109.29,52111.29,511
2026-07-20T06:30:00+00:00,52111.29,52117.79,52085.29,52092.29,544
2026-07-20T06:35:00+00:00,52092.29,52097.29,52080.29,52089.79,448
2026-07-20T06:40:00+00:00,52089.79,52124.79,52087.29,52105.79,586
2026-07-20T06:45:00+00:00,52105.79,52115.79,52092.79,52098.79,613
2026-07-20T06:50:00+00:00,52098.79,52113.79,52098.79,52105.29,516
2026-07-20T06:55:00+00:00,52105.29,52107.29,52093.29,52107.29,563
2026-07-20T07:00:00+00:00,52107.29,52151.79,52107.29,52129.79,1281
2026-07-20T07:05:00+00:00,52129.79,52136.79,52117.29,52129.79,1012
2026-07-20T07:10:00+00:00,52129.79,52135.79,52117.79,52125.79,836
2026-07-20T07:15:00+00:00,52125.79,52129.79,52110.79,52124.79,753
2026-07-20T07:20:00+00:00,52124.79,52178.29,52124.79,52167.79,1604
2026-07-20T07:25:00+00:00,52167.79,52202.29,52166.79,52193.79,1291
2026-07-20T07:30:00+00:00,52193.79,52250.79,52191.79,52246.79,1695
2026-07-20T07:35:00+00:00,52246.79,52269.29,52246.79,52257.79,1441
2026-07-20T07:40:00+00:00,52257.79,52273.79,52247.79,52271.79,1428
2026-07-20T07:45:00+00:00,52271.79,52281.29,52233.79,52234.79,985
2026-07-20T07:50:00+00:00,52234.79,52234.79,52214.79,52216.79,766
2026-07-20T07:55:00+00:00,52216.79,52259.79,52216.79,52240.79,831
2026-07-20T08:00:00+00:00,52240.79,52286.79,52240.29,52266.79,1440
2026-07-20T08:05:00+00:00,52266.79,52268.79,52242.79,52255.79,886
2026-07-20T08:10:00+00:00,52255.79,52276.29,52246.79,52271.79,800
2026-07-20T08:15:00+00:00,52271.79,52282.29,52264.79,52270.79,969
2026-07-20T08:20:00+00:00,52270.79,52277.79,52259.79,52275.29,649
2026-07-20T08:25:00+00:00,52275.29,52286.79,52269.29,52270.29,692
2026-07-20T08:30:00+00:00,52270.29,52274.79,52248.79,52258.79,844
2026-07-20T08:35:00+00:00,52258.79,52283.79,52254.29,52281.79,620
2026-07-20T08:40:00+00:00,52281.79,52294.79,52261.29,52266.79,621
2026-07-20T08:45:00+00:00,52266.79,52277.79,52261.29,52275.79,619
2026-07-20T08:50:00+00:00,52275.79,52278.79,52256.79,52258.29,553
2026-07-20T08:55:00+00:00,52258.29,52277.79,52254.29,52270.79,614
2026-07-20T09:00:00+00:00,52270.79,52284.29,52269.79,52269.79,633
2026-07-20T09:05:00+00:00,52269.79,52279.29,52265.79,52271.79,603
2026-07-20T09:10:00+00:00,52271.79,52290.29,52271.79,52282.79,493
2026-07-20T09:15:00+00:00,52282.79,52307.29,52277.79,52277.79,564
2026-07-20T09:20:00+00:00,52277.79,52315.79,52277.79,52313.29,479
2026-07-20T09:25:00+00:00,52313.29,52315.79,52304.29,52308.79,455
2026-07-20T09:30:00+00:00,52308.79,52327.29,52303.29,52319.79,574
2026-07-20T09:35:00+00:00,52319.79,52327.29,52310.29,52313.79,503
2026-07-20T09:40:00+00:00,52313.79,52327.79,52308.79,52323.79,508
2026-07-20T09:45:00+00:00,52323.79,52336.79,52314.79,52328.79,575
2026-07-20T09:50:00+00:00,52328.79,52350.79,52324.29,52332.29,658
2026-07-20T09:55:00+00:00,52332.29,52334.29,52315.79,52328.29,559
2026-07-20T10:00:00+00:00,52328.29,52334.79,52317.79,52323.79,459
2026-07-20T10:05:00+00:00,52323.79,52328.29,52307.79,52309.29,393
2026-07-20T10:10:00+00:00,52309.29,52322.79,52288.79,52291.29,554
2026-07-20T10:15:00+00:00,52291.29,52291.29,52270.29,52277.79,577
2026-07-20T10:20:00+00:00,52277.79,52300.79,52275.79,52295.79,511
2026-07-20T10:25:00+00:00,52295.79,52303.79,52286.79,52290.29,466
2026-07-20T10:30:00+00:00,52290.29,52302.79,52268.29,52278.29,533
2026-07-20T10:35:00+00:00,52278.29,52278.29,52256.79,52265.29,586
2026-07-20T10:40:00+00:00,52265.29,52271.29,52254.79,52262.29,658
2026-07-20T10:45:00+00:00,52262.29,52295.29,52258.29,52293.79,693
2026-07-20T10:50:00+00:00,52293.79,52320.79,52290.79,52319.79,536
2026-07-20T10:55:00+00:00,52319.79,52319.79,52288.79,52292.79,483
2026-07-20T11:00:00+00:00,52292.79,52326.29,52287.79,52324.79,1020
2026-07-20T11:05:00+00:00,52324.79,52333.79,52321.29,52322.79,683
2026-07-20T11:10:00+00:00,52322.79,52332.79,52314.29,52314.29,544
2026-07-20T11:15:00+00:00,52314.29,52319.79,52305.79,52310.79,606
2026-07-20T11:20:00+00:00,52310.79,52313.79,52295.79,52305.79,477
2026-07-20T11:25:00+00:00,52305.79,52306.79,52283.29,52285.29,470
2026-07-20T11:30:00+00:00,52285.29,52431.79,52283.79,52405.79,6319
2026-07-20T11:35:00+00:00,52405.79,52424.29,52393.79,52408.79,1945
2026-07-20T11:40:00+00:00,52408.79,52430.79,52396.29,52404.29,1365
2026-07-20T11:45:00+00:00,52404.29,52417.29,52363.79,52366.79,1343
2026-07-20T11:50:00+00:00,52366.79,52391.79,52357.29,52388.29,1016
2026-07-20T11:55:00+00:00,52388.29,52393.79,52377.79,52389.79,760
2026-07-20T12:00:00+00:00,52389.79,52391.29,52276.79,52292.79,3787
2026-07-20T12:05:00+00:00,52292.79,52327.29,52282.79,52303.79,2329
2026-07-20T12:10:00+00:00,52303.79,52312.79,52269.29,52286.79,1435
2026-07-20T12:15:00+00:00,52286.79,52299.29,52269.79,52279.29,993
2026-07-20T12:20:00+00:00,52279.29,52279.29,52255.29,52260.79,886
2026-07-20T12:25:00+00:00,52260.79,52306.79,52253.29,52306.79,994
2026-07-20T12:30:00+00:00,52306.79,52314.79,52274.29,52280.79,1089
2026-07-20T12:35:00+00:00,52280.79,52306.79,52278.29,52287.79,867
2026-07-20T12:40:00+00:00,52287.79,52290.79,52250.79,52259.29,976
2026-07-20T12:45:00+00:00,52259.29,52308.79,52258.79,52289.29,1071
2026-07-20T12:50:00+00:00,52289.29,52289.29,52254.79,52256.79,1103
2026-07-20T12:55:00+00:00,52256.79,52260.79,52240.29,52255.79,1323
2026-07-20T13:00:00+00:00,52255.79,52274.79,52244.29,52272.29,1450
2026-07-20T13:05:00+00:00,52272.29,52277.29,52258.79,52261.29,1046
2026-07-20T13:10:00+00:00,52261.29,52280.29,52247.29,52254.79,1082
2026-07-20T13:15:00+00:00,52254.79,52264.79,52242.29,52255.79,874
2026-07-20T13:20:00+00:00,52255.79,52285.79,52252.29,52285.79,672
2026-07-20T13:25:00+00:00,52285.79,52345.79,52279.79,52304.79,1802
2026-07-20T13:30:00+00:00,52304.79,52443.64,52285.64,52324.14,10456
2026-07-20T13:35:00+00:00,52324.14,52346.64,52277.64,52328.14,7871
2026-07-20T13:40:00+00:00,52328.14,52360.14,52283.64,52287.14,6499
2026-07-20T13:45:00+00:00,52287.14,52296.64,52212.14,52234.14,6317
2026-07-20T13:50:00+00:00,52234.14,52280.14,52147.64,52154.64,6252
2026-07-20T13:55:00+00:00,52154.64,52172.64,52132.14,52132.14,5375
2026-07-20T14:00:00+00:00,52132.14,52187.14,52113.14,52130.14,5510
2026-07-20T14:05:00+00:00,52130.14,52145.64,52072.64,52074.14,4794
2026-07-20T14:10:00+00:00,52074.14,52102.64,52053.14,52063.64,4301
2026-07-20T14:15:00+00:00,52063.64,52098.14,52053.14,52062.14,4043
2026-07-20T14:20:00+00:00,52062.14,52065.14,52019.64,52051.14,3967
2026-07-20T14:25:00+00:00,52051.14,52068.14,52030.14,52055.64,3444
2026-07-20T14:30:00+00:00,52055.64,52062.64,52005.64,52012.64,3767
2026-07-20T14:35:00+00:00,52012.64,52050.64,51987.64,52039.14,3696
2026-07-20T14:40:00+00:00,52039.14,52059.64,52007.14,52009.14,3467
2026-07-20T14:45:00+00:00,52009.14,52062.64,51996.64,52039.14,4386
2026-07-20T14:50:00+00:00,52039.14,52075.14,52026.14,52030.64,3507
2026-07-20T14:55:00+00:00,52030.64,52032.14,51981.14,52010.64,4030
2026-07-20T15:00:00+00:00,52010.64,52017.64,51982.14,51997.64,4433
2026-07-20T15:05:00+00:00,51997.64,52053.14,51949.14,52047.14,4075
2026-07-20T15:10:00+00:00,52047.14,52053.14,51995.64,52020.14,3795
2026-07-20T15:15:00+00:00,52020.14,52057.64,52012.14,52053.64,2953
2026-07-20T15:20:00+00:00,52053.64,52087.64,52044.64,52077.14,2612
2026-07-20T15:25:00+00:00,52077.14,52100.64,52069.64,52088.64,2638
2026-07-20T15:30:00+00:00,52088.64,52094.64,52063.14,52079.14,2400
2026-07-20T15:35:00+00:00,52079.14,52079.14,52039.14,52047.64,2396
2026-07-20T15:40:00+00:00,52047.64,52072.14,52039.64,52072.14,2322
2026-07-20T15:45:00+00:00,52072.14,52082.14,52040.14,52055.14,2682
2026-07-20T15:50:00+00:00,52055.14,52098.64,52045.64,52086.14,2500
2026-07-20T15:55:00+00:00,52086.14,52095.14,52038.64,52042.64,2060
2026-07-20T16:00:00+00:00,52042.64,52075.64,52035.14,52055.64,2539
2026-07-20T16:05:00+00:00,52055.64,52097.64,52055.64,52094.14,2150
2026-07-20T16:10:00+00:00,52094.14,52115.64,52091.14,52106.64,1974
2026-07-20T16:15:00+00:00,52106.64,52107.64,52073.64,52100.64,1716
2026-07-20T16:20:00+00:00,52100.64,52113.64,52081.64,52110.64,1483
2026-07-20T16:25:00+00:00,52110.64,52111.64,52067.64,52082.14,1854
2026-07-20T16:30:00+00:00,52082.14,52096.14,52046.64,52048.14,1906
2026-07-20T16:35:00+00:00,52048.14,52084.64,52046.64,52083.64,1672
2026-07-20T16:40:00+00:00,52083.64,52090.64,51971.64,52048.14,4982
2026-07-20T16:45:00+00:00,52048.14,52097.64,52039.64,52089.64,2601
2026-07-20T16:50:00+00:00,52089.64,52089.64,52012.14,52015.14,2168
2026-07-20T16:55:00+00:00,52015.14,52028.14,52000.14,52009.14,2193
2026-07-20T17:00:00+00:00,52009.14,52029.14,51990.64,51991.14,2205
2026-07-20T17:05:00+00:00,51991.14,52000.64,51967.64,51999.14,1987
2026-07-20T17:10:00+00:00,51999.14,52003.64,51958.64,51963.64,1882
2026-07-20T17:15:00+00:00,51963.64,51972.64,51939.64,51952.64,2460
2026-07-20T17:20:00+00:00,51952.64,51980.64,51949.14,51957.64,1831
2026-07-20T17:25:00+00:00,51957.64,51960.14,51930.64,51952.14,1594
2026-07-20T17:30:00+00:00,51952.14,51981.64,51938.64,51979.64,1895
2026-07-20T17:35:00+00:00,51979.64,51986.64,51945.64,51947.64,1705
2026-07-20T17:40:00+00:00,51947.64,51953.14,51929.64,51939.64,1761
2026-07-20T17:45:00+00:00,51939.64,51966.64,51936.64,51959.64,1669
2026-07-20T17:50:00+00:00,51959.64,52002.64,51957.14,51987.14,1878
2026-07-20T17:55:00+00:00,51987.14,51993.64,51968.14,51992.14,1584
2026-07-20T18:00:00+00:00,51992.14,52035.14,51992.14,52018.64,2132
2026-07-20T18:05:00+00:00,52018.64,52024.14,51996.14,52009.64,1627
2026-07-20T18:10:00+00:00,52009.64,52039.14,51998.64,52029.64,1516
2026-07-20T18:15:00+00:00,52029.64,52051.64,52023.64,52045.64,1559
2026-07-20T18:20:00+00:00,52045.64,52051.14,51982.14,51982.14,2108
2026-07-20T18:25:00+00:00,51982.14,52012.64,51975.64,51995.14,2062
2026-07-20T18:30:00+00:00,51995.14,51995.14,51922.64,51929.14,2606
2026-07-20T18:35:00+00:00,51929.14,51962.64,51912.64,51914.64,2386
2026-07-20T18:40:00+00:00,51914.64,51914.64,51851.14,51851.14,3289
2026-07-20T18:45:00+00:00,51851.14,51876.64,51837.64,51858.64,3046
2026-07-20T18:50:00+00:00,51858.64,51892.64,51853.14,51884.64,2302
2026-07-20T18:55:00+00:00,51884.64,51886.64,51860.64,51874.64,2077
2026-07-20T19:00:00+00:00,51874.64,51899.64,51867.64,51874.14,2303
2026-07-20T19:05:00+00:00,51874.14,51896.64,51853.64,51889.14,2479
2026-07-20T19:10:00+00:00,51889.14,51912.64,51824.64,51824.64,2468
2026-07-20T19:15:00+00:00,51824.64,51860.64,51810.64,51841.14,3093
2026-07-20T19:20:00+00:00,51841.14,51883.14,51840.64,51874.64,2366
2026-07-20T19:25:00+00:00,51874.64,51901.14,51847.64,51893.64,2583
2026-07-20T19:30:00+00:00,51893.64,51916.64,51872.14,51905.64,3815
2026-07-20T19:35:00+00:00,51905.64,51912.14,51881.14,51904.64,2170
2026-07-20T19:40:00+00:00,51904.64,51923.64,51897.64,51915.14,1965
2026-07-20T19:45:00+00:00,51915.14,51933.64,51911.64,51925.64,2452
2026-07-20T19:50:00+00:00,51925.64,51925.64,51870.64,51890.64,2984
2026-07-20T19:55:00+00:00,51890.64,51907.64,51858.14,51890.64,3894
2026-07-20T20:00:00+00:00,51890.64,51918.29,51889.79,51899.79,2054
2026-07-20T20:05:00+00:00,51899.79,51908.29,51883.79,51887.29,774
2026-07-20T20:10:00+00:00,51887.29,51887.29,51867.79,51869.79,758
2026-07-20T20:15:00+00:00,51869.79,51874.79,51860.29,51867.29,551
2026-07-20T20:20:00+00:00,51867.29,51875.79,51867.29,51873.29,317
2026-07-20T20:25:00+00:00,51873.29,51880.79,51856.79,51867.79,482
2026-07-20T20:30:00+00:00,51867.79,51882.79,51866.29,51882.79,339
2026-07-20T20:35:00+00:00,51882.79,51891.79,51879.79,51889.79,296
2026-07-20T20:40:00+00:00,51889.79,51890.79,51880.79,51886.79,298
2026-07-20T20:45:00+00:00,51886.79,51900.79,51884.79,51897.79,341
2026-07-20T20:50:00+00:00,51897.79,51898.29,51885.29,51897.79,389
2026-07-20T20:55:00+00:00,51897.79,51925.04,51892.79,51925.04,571
2026-07-20T22:00:00+00:00,51925.04,51925.04,51875.54,51895.29,465
2026-07-20T22:05:00+00:00,51895.29,51896.29,51872.79,51890.79,369
2026-07-20T22:10:00+00:00,51890.79,51900.29,51890.79,51899.29,375
2026-07-20T22:15:00+00:00,51899.29,51903.29,51893.29,51896.29,225
2026-07-20T22:20:00+00:00,51896.29,51904.29,51895.29,51900.79,220
2026-07-20T22:25:00+00:00,51900.79,51902.29,51894.79,51898.79,269
2026-07-20T22:30:00+00:00,51898.79,51899.79,51877.79,51883.79,340
2026-07-20T22:35:00+00:00,51883.79,51885.29,51873.79,51873.79,308
2026-07-20T22:40:00+00:00,51873.79,51883.29,51866.29,51883.29,245
2026-07-20T22:45:00+00:00,51883.29,51886.79,51868.79,51872.29,225
2026-07-20T22:50:00+00:00,51872.29,51873.29,51868.29,51869.29,189
2026-07-20T22:55:00+00:00,51869.29,51871.79,51868.29,51870.79,74
2026-07-20T23:00:00+00:00,51870.79,51883.79,51868.79,51881.79,241
2026-07-20T23:05:00+00:00,51881.79,51896.29,51881.79,51895.79,197
2026-07-20T23:10:00+00:00,51895.79,51905.29,51894.29,51902.79,155
2026-07-20T23:15:00+00:00,51902.79,51920.79,51902.29,51920.79,244
2026-07-20T23:20:00+00:00,51920.79,51930.29,51918.29,51923.79,408
2026-07-20T23:25:00+00:00,51923.79,51929.29,51919.79,51928.29,198
2026-07-20T23:30:00+00:00,51928.29,51936.79,51925.79,51930.29,234
2026-07-20T23:35:00+00:00,51930.29,51932.29,51921.79,51924.29,179
2026-07-20T23:40:00+00:00,51924.29,51929.79,51920.79,51923.79,162
2026-07-20T23:45:00+00:00,51923.79,51934.79,51914.29,51914.79,615
2026-07-20T23:50:00+00:00,51914.79,51914.79,51884.79,51897.29,629
2026-07-20T23:55:00+00:00,51897.29,51917.79,51893.29,51912.29,631
2026-07-21T00:00:00+00:00,51912.29,51912.29,51874.29,51882.79,1782
2026-07-21T00:05:00+00:00,51882.79,51888.79,51856.29,51867.79,1215
2026-07-21T00:10:00+00:00,51867.79,51896.79,51860.79,51870.79,1323
2026-07-21T00:15:00+00:00,51870.79,51901.29,51852.29,51898.29,2102
2026-07-21T00:20:00+00:00,51898.29,51901.79,51875.79,51884.29,1463
2026-07-21T00:25:00+00:00,51884.29,51901.79,51878.29,51889.79,1090
2026-07-21T00:30:00+00:00,51889.79,51920.29,51888.79,51912.79,851
2026-07-21T00:35:00+00:00,51912.79,51923.29,51902.79,51916.79,833
2026-07-21T00:40:00+00:00,51916.79,51924.29,51911.29,51917.79,555
2026-07-21T00:45:00+00:00,51917.79,51928.79,51909.29,51927.79,679
2026-07-21T00:50:00+00:00,51927.79,51929.79,51921.79,51924.79,482
2026-07-21T00:55:00+00:00,51924.79,51932.79,51921.29,51921.79,460
2026-07-21T01:00:00+00:00,51921.79,51926.79,51902.29,51912.79,713
2026-07-21T01:05:00+00:00,51912.79,51943.29,51912.79,51937.29,638
2026-07-21T01:10:00+00:00,51937.29,51953.29,51931.29,51949.79,617
2026-07-21T01:15:00+00:00,51949.79,51957.29,51925.29,51942.29,846
2026-07-21T01:20:00+00:00,51942.29,51946.29,51927.79,51935.29,651
2026-07-21T01:25:00+00:00,51935.29,51944.79,51928.79,51934.79,549
2026-07-21T01:30:00+00:00,51934.79,51943.79,51926.79,51936.79,613
2026-07-21T01:35:00+00:00,51936.79,51937.29,51915.79,51918.29,437
2026-07-21T01:40:00+00:00,51918.29,51918.29,51899.29,51901.29,511
2026-07-21T01:45:00+00:00,51901.29,51919.29,51894.29,51916.29,584
2026-07-21T01:50:00+00:00,51916.29,51920.79,51901.79,51914.29,439
2026-07-21T01:55:00+00:00,51914.29,51916.29,51902.79,51905.79,482
2026-07-21T02:00:00+00:00,51905.79,51933.29,51905.79,51927.29,542
2026-07-21T02:05:00+00:00,51927.29,51939.79,51914.79,51917.29,479
2026-07-21T02:10:00+00:00,51917.29,51918.79,51907.29,51909.29,460
2026-07-21T02:15:00+00:00,51909.29,51910.79,51890.79,51894.79,376
2026-07-21T02:20:00+00:00,51894.79,51928.79,51893.79,51928.79,487
2026-07-21T02:25:00+00:00,51928.79,51933.79,51921.79,51921.79,523
2026-07-21T02:30:00+00:00,51921.79,51942.29,51921.79,51937.79,444
2026-07-21T02:35:00+00:00,51937.79,51952.29,51937.79,51945.79,414
2026-07-21T02:40:00+00:00,51945.79,51946.79,51939.29,51940.29,218
2026-07-21T02:45:00+00:00,51940.29,51942.79,51933.29,51934.29,217
2026-07-21T02:50:00+00:00,51934.29,51943.29,51932.29,51943.29,224
2026-07-21T02:55:00+00:00,51943.29,51950.79,51942.79,51950.79,275
2026-07-21T03:00:00+00:00,51950.79,51965.29,51950.79,51963.79,287
2026-07-21T03:05:00+00:00,51963.79,51967.79,51960.29,51960.29,156
2026-07-21T03:10:00+00:00,51960.29,51964.29,51959.29,51962.79,167
2026-07-21T03:15:00+00:00,51962.79,51979.29,51960.29,51977.29,185
2026-07-21T03:20:00+00:00,51977.29,51987.29,51975.79,51986.79,175
2026-07-21T03:25:00+00:00,51986.79,51991.29,51985.29,51988.79,166
2026-07-21T03:30:00+00:00,51988.79,51991.29,51980.29,51985.29,281
2026-07-21T03:35:00+00:00,51985.29,51986.79,51978.29,51984.29,261
2026-07-21T03:40:00+00:00,51984.29,51988.29,51983.79,51987.29,196
2026-07-21T03:45:00+00:00,51987.29,51994.79,51984.29,51993.79,286
2026-07-21T03:50:00+00:00,51993.79,51998.29,51989.29,51998.29,220
2026-07-21T03:55:00+00:00,51998.29,52017.79,51998.29,52017.79,226
2026-07-21T04:00:00+00:00,52017.79,52033.79,52017.79,52030.79,303
2026-07-21T04:05:00+00:00,52030.79,52048.29,52027.29,52035.29,423
2026-07-21T04:10:00+00:00,52035.29,52038.29,52032.29,52034.29,267
2026-07-21T04:15:00+00:00,52034.29,52037.29,52027.79,52028.79,247
2026-07-21T04:20:00+00:00,52028.79,52038.29,52028.29,52037.29,193
2026-07-21T04:25:00+00:00,52037.29,52039.79,52028.79,52035.79,156
2026-07-21T04:30:00+00:00,52035.79,52042.79,52034.79,52042.29,188
2026-07-21T04:35:00+00:00,52042.29,52058.29,52042.29,52052.79,244
2026-07-21T04:40:00+00:00,52052.79,52053.79,52044.29,52044.79,272
2026-07-21T04:45:00+00:00,52044.79,52053.79,52039.79,52052.29,284
2026-07-21T04:50:00+00:00,52052.29,52052.29,52041.29,52048.79,304
2026-07-21T04:55:00+00:00,52048.79,52051.79,52042.79,52051.79,243
2026-07-21T05:00:00+00:00,52051.79,52052.29,52041.29,52042.29,158
2026-07-21T05:05:00+00:00,52042.29,52042.29,52028.79,52038.29,221
2026-07-21T05:10:00+00:00,52038.29,52041.29,52028.79,52029.29,215
2026-07-21T05:15:00+00:00,52029.29,52029.29,52020.79,52023.29,220
2026-07-21T05:20:00+00:00,52023.29,52034.79,52022.29,52032.79,220
2026-07-21T05:25:00+00:00,52032.79,52048.29,52031.29,52047.29,237
2026-07-21T05:30:00+00:00,52047.29,52054.29,52043.79,52053.79,301
2026-07-21T05:35:00+00:00,52053.79,52057.29,52044.29,52047.79,253
2026-07-21T05:40:00+00:00,52047.79,52079.29,52047.79,52077.29,388
2026-07-21T05:45:00+00:00,52077.29,52077.79,52060.29,52075.29,349
2026-07-21T05:50:00+00:00,52075.29,52083.29,52072.79,52075.29,312
2026-07-21T05:55:00+00:00,52075.29,52077.79,52065.29,52065.79,226
2026-07-21T06:00:00+00:00,52065.79,52074.79,52061.79,52068.79,515
2026-07-21T06:05:00+00:00,52068.79,52071.29,52041.29,52041.29,385
2026-07-21T06:10:00+00:00,52041.29,52045.79,52029.79,52037.29,477
2026-07-21T06:15:00+00:00,52037.29,52044.29,52027.29,52032.29,424
2026-07-21T06:20:00+00:00,52032.29,52048.29,52030.29,52048.29,417
2026-07-21T06:25:00+00:00,52048.29,52070.79,52044.29,52047.29,514
2026-07-21T06:30:00+00:00,52047.29,52074.29,52047.29,52070.79,667
2026-07-21T06:35:00+00:00,52070.79,52090.29,52061.79,52069.79,553
2026-07-21T06:40:00+00:00,52069.79,52078.29,52064.79,52067.79,264
2026-07-21T06:45:00+00:00,52067.79,52070.79,52054.29,52059.29,312
2026-07-21T06:50:00+00:00,52059.29,52071.79,52057.29,52066.79,345
2026-07-21T06:55:00+00:00,52066.79,52067.29,52056.79,52064.79,322
2026-07-21T07:00:00+00:00,52064.79,52125.29,52048.79,52107.29,1238
2026-07-21T07:05:00+00:00,52107.29,52116.29,52088.79,52091.29,715
2026-07-21T07:10:00+00:00,52091.29,52093.29,52059.29,52069.29,683
2026-07-21T07:15:00+00:00,52069.29,52069.79,52050.29,52067.29,668
2026-07-21T07:20:00+00:00,52067.29,52068.29,52041.79,52044.79,627
2026-07-21T07:25:00+00:00,52044.79,52052.79,52014.79,52029.79,720
2026-07-21T07:30:00+00:00,52029.79,52050.79,52003.79,52050.29,925
2026-07-21T07:35:00+00:00,52050.29,52064.29,52046.29,52055.79,610
2026-07-21T07:40:00+00:00,52055.79,52061.29,52043.79,52044.29,594
2026-07-21T07:45:00+00:00,52044.29,52052.29,52037.79,52040.29,725
2026-07-21T07:50:00+00:00,52040.29,52049.79,52029.79,52038.79,608
2026-07-21T07:55:00+00:00,52038.79,52056.29,52035.79,52047.79,599
2026-07-21T08:00:00+00:00,52047.79,52050.29,52015.29,52019.79,1323
2026-07-21T08:05:00+00:00,52019.79,52052.79,52016.29,52049.29,865
2026-07-21T08:10:00+00:00,52049.29,52064.29,52035.29,52064.29,762
2026-07-21T08:15:00+00:00,52064.29,52074.29,52051.79,52073.29,732
2026-07-21T08:20:00+00:00,52073.29,52082.79,52064.29,52073.79,778
2026-07-21T08:25:00+00:00,52073.79,52081.29,52046.29,52052.79,653
2026-07-21T08:30:00+00:00,52052.79,52072.79,52047.29,52067.79,677
2026-07-21T08:35:00+00:00,52067.79,52083.79,52065.29,52076.79,642
2026-07-21T08:40:00+00:00,52076.79,52101.79,52072.79,52097.29,620
2026-07-21T08:45:00+00:00,52097.29,52097.79,52064.79,52067.79,506
2026-07-21T08:50:00+00:00,52067.79,52080.79,52053.29,52063.79,657
2026-07-21T08:55:00+00:00,52063.79,52077.29,52059.29,52074.79,458
2026-07-21T09:00:00+00:00,52074.79,52099.79,52069.29,52098.79,699
2026-07-21T09:05:00+00:00,52098.79,52103.29,52089.29,52091.79,429
2026-07-21T09:10:00+00:00,52091.79,52098.79,52085.29,52089.29,413
2026-07-21T09:15:00+00:00,52089.29,52101.79,52071.79,52074.79,587
2026-07-21T09:20:00+00:00,52074.79,52089.29,52060.29,52066.29,518
2026-07-21T09:25:00+00:00,52066.29,52072.29,52049.29,52051.79,558
2026-07-21T09:30:00+00:00,52051.79,52078.29,52044.79,52070.29,607
2026-07-21T09:35:00+00:00,52070.29,52072.79,52051.79,52058.79,422
2026-07-21T09:40:00+00:00,52058.79,52058.79,52038.29,52053.79,438
2026-07-21T09:45:00+00:00,52053.79,52075.79,52049.79,52073.79,481
2026-07-21T09:50:00+00:00,52073.79,52073.79,52043.29,52050.29,485
2026-07-21T09:55:00+00:00,52050.29,52053.79,52031.79,52039.79,511
2026-07-21T10:00:00+00:00,52039.79,52064.29,52034.79,52044.79,983
2026-07-21T10:05:00+00:00,52044.79,52047.79,52032.79,52035.29,468
2026-07-21T10:10:00+00:00,52035.29,52089.29,52031.79,52058.79,2412
2026-07-21T10:15:00+00:00,52058.79,52064.29,52050.79,52061.29,617
2026-07-21T10:20:00+00:00,52061.29,52068.79,52052.29,52058.79,523
2026-07-21T10:25:00+00:00,52058.79,52062.29,52047.79,52060.79,447
2026-07-21T10:30:00+00:00,52060.79,52133.29,52058.79,52124.29,827
2026-07-21T10:35:00+00:00,52124.29,52139.79,52115.29,52116.29,1308
2026-07-21T10:40:00+00:00,52116.29,52135.79,52104.79,52122.79,703
2026-07-21T10:45:00+00:00,52122.79,52122.79,52095.79,52118.29,877
2026-07-21T10:50:00+00:00,52118.29,52128.29,52107.79,52107.79,802
2026-07-21T10:55:00+00:00,52107.79,52126.29,52103.29,52117.79,639
2026-07-21T11:00:00+00:00,52117.79,52119.79,52095.29,52098.79,886
2026-07-21T11:05:00+00:00,52098.79,52108.79,52080.29,52080.79,694
2026-07-21T11:10:00+00:00,52080.79,52086.29,52059.29,52062.79,694
2026-07-21T11:15:00+00:00,52062.79,52071.79,52051.79,52052.79,594
2026-07-21T11:20:00+00:00,52052.79,52055.79,52023.29,52047.29,766
2026-07-21T11:25:00+00:00,52047.29,52049.29,52028.79,52028.79,874
2026-07-21T11:30:00+00:00,52028.79,52055.79,52028.79,52041.79,705
2026-07-21T11:35:00+00:00,52041.79,52070.79,52039.29,52058.79,717
2026-07-21T11:40:00+00:00,52058.79,52062.29,52031.79,52035.79,520
2026-07-21T11:45:00+00:00,52035.79,52043.79,52024.29,52029.79,363
2026-07-21T11:50:00+00:00,52029.79,52033.79,52007.79,52010.29,578
2026-07-21T11:55:00+00:00,52010.29,52014.79,52002.29,52014.79,462
2026-07-21T12:00:00+00:00,52014.79,52025.79,51997.29,52004.29,766
2026-07-21T12:05:00+00:00,52004.29,52036.79,52003.79,52019.29,793
2026-07-21T12:10:00+00:00,52019.29,52040.29,52014.29,52026.79,678
2026-07-21T12:15:00+00:00,52026.79,52026.79,51971.79,51990.29,1651
2026-07-21T12:20:00+00:00,51990.29,52015.79,51982.79,52012.79,1061
2026-07-21T12:25:00+00:00,52012.79,52013.29,51982.29,51982.79,763
2026-07-21T12:30:00+00:00,51982.79,51997.29,51982.79,51994.79,813
2026-07-21T12:35:00+00:00,51994.79,51995.29,51977.29,51991.79,724
2026-07-21T12:40:00+00:00,51991.79,51991.79,51932.79,51972.29,1505
2026-07-21T12:45:00+00:00,51972.29,52017.79,51970.29,52011.29,1480
2026-07-21T12:50:00+00:00,52011.29,52028.29,52006.79,52026.79,1105
2026-07-21T12:55:00+00:00,52026.79,52030.79,52013.79,52019.29,618
2026-07-21T13:00:00+00:00,52019.29,52027.79,51995.79,52014.29,1165
2026-07-21T13:05:00+00:00,52014.29,52032.29,52012.29,52015.29,1134
2026-07-21T13:10:00+00:00,52015.29,52041.79,52012.79,52038.79,881
2026-07-21T13:15:00+00:00,52038.79,52060.79,52030.79,52055.79,1192
2026-07-21T13:20:00+00:00,52055.79,52074.79,52048.29,52072.79,912
2026-07-21T13:25:00+00:00,52072.79,52086.79,52053.54,52069.79,1609
2026-07-21T13:30:00+00:00,52069.79,52114.64,52017.14,52101.14,12205
2026-07-21T13:35:00+00:00,52101.14,52101.14,52011.14,52016.14,8366
2026-07-21T13:40:00+00:00,52016.14,52026.64,51906.14,51925.14,7451
2026-07-21T13:45:00+00:00,51925.14,52019.14,51925.14,52002.14,7413
2026-07-21T13:50:00+00:00,52002.14,52016.14,51924.64,52011.14,6559
2026-07-21T13:55:00+00:00,52011.14,52054.14,51979.64,52034.14,5832
2026-07-21T14:00:00+00:00,52034.14,52152.64,52030.64,52141.14,5637
2026-07-21T14:05:00+00:00,52141.14,52187.64,52105.64,52149.14,4666
2026-07-21T14:10:00+00:00,52149.14,52205.64,52133.64,52197.14,3729
2026-07-21T14:15:00+00:00,52197.14,52202.64,52149.64,52185.64,4419
2026-07-21T14:20:00+00:00,52185.64,52192.14,52148.14,52180.64,3694
2026-07-21T14:25:00+00:00,52180.64,52214.14,52175.14,52212.14,3563
2026-07-21T14:30:00+00:00,52212.14,52227.64,52179.64,52204.14,3286
2026-07-21T14:35:00+00:00,52204.14,52216.64,52117.64,52122.64,2918
2026-07-21T14:40:00+00:00,52122.64,52149.64,52099.14,52133.14,3315
2026-07-21T14:45:00+00:00,52133.14,52188.14,52124.14,52181.64,3578
2026-07-21T14:50:00+00:00,52181.64,52183.64,52109.64,52123.64,2511
2026-07-21T14:55:00+00:00,52123.64,52141.64,52106.64,52137.64,2373
2026-07-21T15:00:00+00:00,52137.64,52142.64,52108.64,52135.14,2799
2026-07-21T15:05:00+00:00,52135.14,52170.64,52126.64,52161.64,2490
2026-07-21T15:10:00+00:00,52161.64,52181.14,52151.64,52171.64,1945
2026-07-21T15:15:00+00:00,52171.64,52220.14,52167.14,52218.64,1889
2026-07-21T15:20:00+00:00,52218.64,52256.64,52191.64,52200.14,2454
2026-07-21T15:25:00+00:00,52200.14,52236.14,52195.14,52234.14,1746
2026-07-21T15:30:00+00:00,52234.14,52253.14,52214.64,52223.64,2200
2026-07-21T15:35:00+00:00,52223.64,52232.64,52199.64,52223.14,1419
2026-07-21T15:40:00+00:00,52223.14,52251.14,52217.64,52240.14,1443
2026-07-21T15:45:00+00:00,52240.14,52264.14,52228.14,52250.64,1259
2026-07-21T15:50:00+00:00,52250.64,52262.64,52244.64,52252.64,1239
2026-07-21T15:55:00+00:00,52252.64,52272.64,52242.64,52247.64,1154
2026-07-21T16:00:00+00:00,52247.64,52271.64,52246.64,52270.14,1219
2026-07-21T16:05:00+00:00,52270.14,52283.64,52260.64,52279.64,1117
2026-07-21T16:10:00+00:00,52279.64,52291.64,52263.64,52289.64,928
2026-07-21T16:15:00+00:00,52289.64,52318.64,52289.64,52309.64,1124
2026-07-21T16:20:00+00:00,52309.64,52333.64,52293.14,52326.64,1283
2026-07-21T16:25:00+00:00,52326.64,52370.64,52326.64,52363.64,1032
2026-07-21T16:30:00+00:00,52363.64,52380.64,52355.14,52372.14,1180
2026-07-21T16:35:00+00:00,52372.14,52374.64,52355.64,52366.14,873
2026-07-21T16:40:00+00:00,52366.14,52385.64,52358.64,52376.64,1002
2026-07-21T16:45:00+00:00,52376.64,52378.14,52362.64,52362.64,926
2026-07-21T16:50:00+00:00,52362.64,52398.64,52357.64,52394.64,1138
2026-07-21T16:55:00+00:00,52394.64,52407.64,52380.14,52384.64,921
2026-07-21T17:00:00+00:00,52384.64,52393.64,52359.64,52360.64,878
2026-07-21T17:05:00+00:00,52360.64,52375.64,52355.64,52363.64,763
2026-07-21T17:10:00+00:00,52363.64,52363.64,52345.64,52350.64,1051
2026-07-21T17:15:00+00:00,52350.64,52354.64,52315.64,52316.64,1077
2026-07-21T17:20:00+00:00,52316.64,52330.64,52308.64,52328.14,1009
2026-07-21T17:25:00+00:00,52328.14,52335.14,52308.64,52313.64,752
2026-07-21T17:30:00+00:00,52313.64,52318.64,52286.64,52292.64,942
2026-07-21T17:35:00+00:00,52292.64,52322.64,52290.64,52313.14,1298
2026-07-21T17:40:00+00:00,52313.14,52316.64,52297.14,52312.64,870
2026-07-21T17:45:00+00:00,52312.64,52322.64,52305.14,52313.64,831
2026-07-21T17:50:00+00:00,52313.64,52316.64,52295.64,52295.64,826
2026-07-21T17:55:00+00:00,52295.64,52296.64,52275.64,52284.64,908
2026-07-21T18:00:00+00:00,52284.64,52290.64,52257.64,52261.14,1386
2026-07-21T18:05:00+00:00,52261.14,52268.64,52248.64,52263.64,976
2026-07-21T18:10:00+00:00,52263.64,52276.64,52236.64,52239.14,923
2026-07-21T18:15:00+00:00,52239.14,52242.64,52228.64,52239.64,1016
2026-07-21T18:20:00+00:00,52239.64,52255.64,52237.14,52248.64,929
2026-07-21T18:25:00+00:00,52248.64,52267.64,52242.64,52262.64,1082
2026-07-21T18:30:00+00:00,52262.64,52262.64,52233.64,52234.64,843
2026-07-21T18:35:00+00:00,52234.64,52252.14,52232.64,52245.64,788
2026-07-21T18:40:00+00:00,52245.64,52255.64,52232.64,52250.64,931
2026-07-21T18:45:00+00:00,52250.64,52257.64,52230.64,52246.64,757
2026-07-21T18:50:00+00:00,52246.64,52252.64,52236.14,52239.14,677
2026-07-21T18:55:00+00:00,52239.14,52251.64,52238.14,52246.64,759
2026-07-21T19:00:00+00:00,52246.64,52250.64,52229.64,52244.14,1054
2026-07-21T19:05:00+00:00,52244.14,52262.64,52240.14,52240.14,949
2026-07-21T19:10:00+00:00,52240.14,52256.64,52234.64,52255.14,917
2026-07-21T19:15:00+00:00,52255.14,52273.14,52247.14,52250.64,886
2026-07-21T19:20:00+00:00,52250.64,52257.64,52245.64,52251.64,784
2026-07-21T19:25:00+00:00,52251.64,52272.64,52247.64,52270.14,942
2026-07-21T19:30:00+00:00,52270.14,52270.14,52237.64,52243.64,1295
2026-07-21T19:35:00+00:00,52243.64,52272.64,52239.14,52253.64,1119
2026-07-21T19:40:00+00:00,52253.64,52259.14,52230.64,52253.64,1388
2026-07-21T19:45:00+00:00,52253.64,52253.64,52234.64,52252.14,1384
2026-07-21T19:50:00+00:00,52252.14,52256.14,52237.64,52238.14,1871
2026-07-21T19:55:00+00:00,52238.14,52266.64,52232.14,52259.64,2962
2026-07-21T20:00:00+00:00,52259.64,52266.29,52243.29,52249.29,1002
2026-07-21T20:05:00+00:00,52249.29,52255.79,52245.29,52251.29,318
2026-07-21T20:10:00+00:00,52251.29,52252.29,52240.79,52251.29,325
2026-07-21T20:15:00+00:00,52251.29,52251.29,52233.29,52236.79,261
2026-07-21T20:20:00+00:00,52236.79,52245.79,52235.29,52245.29,99
2026-07-21T20:25:00+00:00,52245.29,52247.79,52233.29,52236.79,143
2026-07-21T20:30:00+00:00,52236.79,52244.79,52236.79,52240.29,155
2026-07-21T20:35:00+00:00,52240.29,52248.79,52240.29,52243.29,112
2026-07-21T20:40:00+00:00,52243.29,52244.29,52237.79,52239.79,125
2026-07-21T20:45:00+00:00,52239.79,52243.79,52233.29,52233.29,161
2026-07-21T20:50:00+00:00,52233.29,52235.79,52230.29,52230.79,117
2026-07-21T20:55:00+00:00,52230.79,52235.79,52226.29,52231.04,154
2026-07-21T22:00:00+00:00,52231.04,52258.79,52231.04,52243.29,952
2026-07-21T22:05:00+00:00,52243.29,52249.29,52234.79,52242.79,598
2026-07-21T22:10:00+00:00,52242.79,52255.29,52241.29,52254.29,157
2026-07-21T22:15:00+00:00,52254.29,52265.29,52253.79,52264.79,185
2026-07-21T22:20:00+00:00,52264.79,52265.29,52248.29,52248.29,175
2026-07-21T22:25:00+00:00,52248.29,52258.79,52247.79,52254.79,241
2026-07-21T22:30:00+00:00,52254.79,52258.79,52247.79,52251.29,134
2026-07-21T22:35:00+00:00,52251.29,52253.79,52248.29,52251.79,95
2026-07-21T22:40:00+00:00,52251.79,52257.79,52249.79,52250.79,116
2026-07-21T22:45:00+00:00,52250.79,52251.79,52239.79,52239.79,136
2026-07-21T22:50:00+00:00,52239.79,52245.79,52239.79,52244.79,75
2026-07-21T22:55:00+00:00,52244.79,52252.29,52239.79,52252.29,143
2026-07-21T23:00:00+00:00,52252.29,52254.29,52246.29,52249.79,200
2026-07-21T23:05:00+00:00,52249.79,52254.29,52247.29,52252.29,100
2026-07-21T23:10:00+00:00,52252.29,52255.29,52248.29,52254.29,91
2026-07-21T23:15:00+00:00,52254.29,52260.29,52245.29,52257.29,167
2026-07-21T23:20:00+00:00,52257.29,52257.29,52242.29,52243.29,169
2026-07-21T23:25:00+00:00,52243.29,52254.29,52243.29,52252.29,87
2026-07-21T23:30:00+00:00,52252.29,52259.79,52251.29,52253.79,115
2026-07-21T23:35:00+00:00,52253.79,52254.29,52246.29,52247.29,93
2026-07-21T23:40:00+00:00,52247.29,52250.29,52238.79,52242.79,159
2026-07-21T23:45:00+00:00,52242.79,52253.29,52241.29,52249.29,444
2026-07-21T23:50:00+00:00,52249.29,52250.29,52238.79,52242.79,374
2026-07-21T23:55:00+00:00,52242.79,52253.29,52242.29,52251.29,353
2026-07-22T00:00:00+00:00,52251.29,52262.29,52243.29,52261.79,1052
2026-07-22T00:05:00+00:00,52261.79,52262.79,52237.29,52242.29,922
2026-07-22T00:10:00+00:00,52242.29,52255.29,52234.29,52247.29,821
2026-07-22T00:15:00+00:00,52247.29,52249.79,52236.29,52247.29,983
2026-07-22T00:20:00+00:00,52247.29,52251.29,52233.29,52241.29,783
2026-07-22T00:25:00+00:00,52241.29,52246.29,52234.29,52242.29,831
2026-07-22T00:30:00+00:00,52242.29,52247.29,52231.29,52240.29,921
2026-07-22T00:35:00+00:00,52240.29,52248.29,52233.29,52242.29,873
2026-07-22T00:40:00+00:00,52242.29,52249.29,52242.29,52244.29,443
2026-07-22T00:45:00+00:00,52244.29,52245.29,52231.29,52241.29,754
2026-07-22T00:50:00+00:00,52241.29,52247.79,52235.29,52242.29,496
2026-07-22T00:55:00+00:00,52242.29,52250.29,52240.29,52248.29,552
2026-07-22T01:00:00+00:00,52248.29,52258.29,52226.29,52237.29,800
2026-07-22T01:05:00+00:00,52237.29,52240.29,52220.79,52227.29,426
2026-07-22T01:10:00+00:00,52227.29,52229.29,52218.29,52219.29,333
2026-07-22T01:15:00+00:00,52219.29,52220.29,52210.29,52214.29,366
2026-07-22T01:20:00+00:00,52214.29,52218.29,52201.29,52203.29,485
2026-07-22T01:25:00+00:00,52203.29,52223.29,52202.29,52217.29,363
2026-07-22T01:30:00+00:00,52217.29,52220.29,52204.79,52219.29,513
2026-07-22T01:35:00+00:00,52219.29,52224.79,52216.29,52224.29,324
2026-07-22T01:40:00+00:00,52224.29,52224.79,52211.29,52220.29,374
2026-07-22T01:45:00+00:00,52220.29,52237.29,52216.29,52237.29,446
2026-07-22T01:50:00+00:00,52237.29,52248.29,52231.79,52247.29,379
2026-07-22T01:55:00+00:00,52247.29,52252.29,52244.29,52247.79,349
2026-07-22T02:00:00+00:00,52247.79,52251.79,52219.29,52227.29,702
2026-07-22T02:05:00+00:00,52227.29,52229.29,52219.29,52223.29,453
2026-07-22T02:10:00+00:00,52223.29,52234.29,52221.29,52232.79,492
2026-07-22T02:15:00+00:00,52232.79,52236.29,52227.29,52230.29,338
2026-07-22T02:20:00+00:00,52230.29,52233.29,52227.29,52230.29,267
2026-07-22T02:25:00+00:00,52230.29,52243.29,52225.29,52237.29,389
2026-07-22T02:30:00+00:00,52237.29,52244.29,52230.29,52237.29,644
2026-07-22T02:35:00+00:00,52237.29,52238.29,52227.79,52229.29,362
2026-07-22T02:40:00+00:00,52229.29,52256.29,52229.29,52256.29,508
2026-07-22T02:45:00+00:00,52256.29,52262.29,52251.29,52260.29,395
2026-07-22T02:50:00+00:00,52260.29,52260.29,52253.29,52258.29,349
2026-07-22T02:55:00+00:00,52258.29,52259.29,52250.79,52258.29,286
2026-07-22T03:00:00+00:00,52258.29,52269.29,52254.29,52267.29,382
2026-07-22T03:05:00+00:00,52267.29,52268.29,52247.29,52247.29,439
2026-07-22T03:10:00+00:00,52247.29,52249.29,52242.29,52244.29,213
2026-07-22T03:15:00+00:00,52244.29,52250.79,52238.29,52248.79,294
2026-07-22T03:20:00+00:00,52248.79,52262.29,52246.29,52259.79,339
2026-07-22T03:25:00+00:00,52259.79,52267.29,52259.29,52261.29,264
2026-07-22T03:30:00+00:00,52261.29,52263.29,52238.29,52240.29,518
2026-07-22T03:35:00+00:00,52240.29,52244.29,52235.29,52241.29,471
2026-07-22T03:40:00+00:00,52241.29,52246.29,52236.29,52238.79,283
2026-07-22T03:45:00+00:00,52238.79,52245.29,52238.29,52241.29,279
2026-07-22T03:50:00+00:00,52241.29,52241.29,52213.29,52215.29,537
2026-07-22T03:55:00+00:00,52215.29,52216.29,52208.29,52215.29,438
2026-07-22T04:00:00+00:00,52215.29,52221.29,52209.79,52220.79,389
2026-07-22T04:05:00+00:00,52220.79,52228.79,52217.29,52225.29,259
2026-07-22T04:10:00+00:00,52225.29,52228.29,52221.29,52222.79,270
2026-07-22T04:15:00+00:00,52222.79,52231.79,52222.79,52226.29,197
2026-07-22T04:20:00+00:00,52226.29,52230.29,52226.29,52228.29,123
2026-07-22T04:25:00+00:00,52228.29,52230.29,52226.29,52227.29,189
2026-07-22T04:30:00+00:00,52227.29,52227.29,52215.29,52217.29,256
2026-07-22T04:35:00+00:00,52217.29,52221.79,52215.29,52220.29,122
2026-07-22T04:40:00+00:00,52220.29,52228.29,52217.29,52226.29,249
2026-07-22T04:45:00+00:00,52226.29,52227.29,52215.29,52221.29,264
2026-07-22T04:50:00+00:00,52221.29,52222.29,52214.79,52214.79,222
2026-07-22T04:55:00+00:00,52214.79,52224.29,52211.29,52224.29,419
2026-07-22T05:00:00+00:00,52224.29,52225.79,52213.29,52213.79,344
2026-07-22T05:05:00+00:00,52213.79,52223.29,52210.79,52220.29,411
2026-07-22T05:10:00+00:00,52220.29,52225.29,52218.29,52225.29,326
2026-07-22T05:15:00+00:00,52225.29,52235.29,52223.79,52230.29,400
2026-07-22T05:20:00+00:00,52230.29,52232.29,52223.29,52227.29,391
2026-07-22T05:25:00+00:00,52227.29,52240.79,52224.29,52235.29,474
2026-07-22T05:30:00+00:00,52235.29,52242.29,52227.29,52240.29,673
2026-07-22T05:35:00+00:00,52240.29,52240.29,52226.79,52232.79,662
2026-07-22T05:40:00+00:00,52232.79,52235.29,52227.29,52230.29,342
2026-07-22T05:45:00+00:00,52230.29,52238.29,52223.29,52232.29,473
2026-07-22T05:50:00+00:00,52232.29,52242.29,52229.29,52233.29,451
2026-07-22T05:55:00+00:00,52233.29,52240.29,52231.29,52240.29,370
2026-07-22T06:00:00+00:00,52240.29,52255.29,52230.79,52252.29,591
2026-07-22T06:05:00+00:00,52252.29,52253.29,52236.29,52239.29,608
2026-07-22T06:10:00+00:00,52239.29,52252.29,52239.29,52249.29,393
2026-07-22T06:15:00+00:00,52249.29,52249.29,52214.79,52222.29,622
2026-07-22T06:20:00+00:00,52222.29,52224.29,52175.29,52188.29,904
2026-07-22T06:25:00+00:00,52188.29,52190.29,52173.29,52178.29,970
2026-07-22T06:30:00+00:00,52178.29,52187.29,52165.29,52183.29,1024
2026-07-22T06:35:00+00:00,52183.29,52206.29,52183.29,52186.29,670
2026-07-22T06:40:00+00:00,52186.29,52188.29,52166.79,52173.29,490
2026-07-22T06:45:00+00:00,52173.29,52173.29,52134.79,52149.29,933
2026-07-22T06:50:00+00:00,52149.29,52177.29,52149.29,52169.29,740
2026-07-22T06:55:00+00:00,52169.29,52170.29,52145.79,52146.29,661
2026-07-22T07:00:00+00:00,52146.29,52154.29,52109.29,52116.29,1607
2026-07-22T07:05:00+00:00,52116.29,52121.29,52097.29,52116.29,1199
2026-07-22T07:10:00+00:00,52116.29,52146.79,52111.29,52146.79,1261
2026-07-22T07:15:00+00:00,52146.79,52173.29,52145.29,52162.29,1142
2026-07-22T07:20:00+00:00,52162.29,52172.29,52154.29,52158.29,1113
2026-07-22T07:25:00+00:00,52158.29,52198.29,52156.79,52181.29,1077
2026-07-22T07:30:00+00:00,52181.29,52193.29,52148.29,52149.29,1666
2026-07-22T07:35:00+00:00,52149.29,52150.29,52112.29,52113.29,1423
2026-07-22T07:40:00+00:00,52113.29,52118.29,52092.29,52115.29,1604
2026-07-22T07:45:00+00:00,52115.29,52131.29,52098.79,52102.29,1542
2026-07-22T07:50:00+00:00,52102.29,52123.29,52097.29,52122.29,1109
2026-07-22T07:55:00+00:00,52122.29,52134.29,52120.79,52134.29,1023
2026-07-22T08:00:00+00:00,52134.29,52215.29,52134.29,52213.29,2082
2026-07-22T08:05:00+00:00,52213.29,52219.29,52186.79,52190.29,1696
2026-07-22T08:10:00+00:00,52190.29,52193.29,52160.29,52170.29,1447
2026-07-22T08:15:00+00:00,52170.29,52198.29,52167.29,52191.29,1371
2026-07-22T08:20:00+00:00,52191.29,52211.79,52187.29,52205.29,1296
2026-07-22T08:25:00+00:00,52205.29,52238.29,52200.79,52237.79,1808
2026-07-22T08:30:00+00:00,52237.79,52260.79,52234.29,52252.79,1496
2026-07-22T08:35:00+00:00,52252.79,52260.29,52232.79,52235.29,969
2026-07-22T08:40:00+00:00,52235.29,52240.29,52229.29,52239.29,919
2026-07-22T08:45:00+00:00,52239.29,52260.29,52231.29,52243.29,991
2026-07-22T08:50:00+00:00,52243.29,52256.29,52232.29,52243.29,941
2026-07-22T08:55:00+00:00,52243.29,52243.79,52216.29,52232.79,1071
2026-07-22T09:00:00+00:00,52232.79,52263.29,52229.29,52259.29,1167
2026-07-22T09:05:00+00:00,52259.29,52270.29,52242.29,52247.29,1178
2026-07-22T09:10:00+00:00,52247.29,52250.29,52236.29,52240.29,925
2026-07-22T09:15:00+00:00,52240.29,52266.29,52234.79,52262.29,788
2026-07-22T09:20:00+00:00,52262.29,52268.29,52250.29,52263.29,974
2026-07-22T09:25:00+00:00,52263.29,52264.79,52236.29,52238.29,627
2026-07-22T09:30:00+00:00,52238.29,52238.29,52204.29,52205.29,975
2026-07-22T09:35:00+00:00,52205.29,52236.79,52205.29,52224.29,1032
2026-07-22T09:40:00+00:00,52224.29,52233.29,52209.29,52225.29,943
2026-07-22T09:45:00+00:00,52225.29,52229.29,52212.29,52221.29,700
2026-07-22T09:50:00+00:00,52221.29,52221.29,52189.29,52203.29,1031
2026-07-22T09:55:00+00:00,52203.29,52229.79,52202.29,52229.29,998
2026-07-22T10:00:00+00:00,52229.29,52250.79,52227.79,52241.79,940
2026-07-22T10:05:00+00:00,52241.79,52248.29,52229.29,52233.29,664
2026-07-22T10:10:00+00:00,52233.29,52240.29,52214.29,52218.29,748
2026-07-22T10:15:00+00:00,52218.29,52240.29,52218.29,52232.29,698
2026-07-22T10:20:00+00:00,52232.29,52303.29,52232.29,52293.29,2365
2026-07-22T10:25:00+00:00,52293.29,52303.29,52275.29,52296.29,1283
2026-07-22T10:30:00+00:00,52296.29,52298.29,52278.29,52286.79,1305
2026-07-22T10:35:00+00:00,52286.79,52288.29,52253.29,52259.29,1306
2026-07-22T10:40:00+00:00,52259.29,52262.29,52220.29,52221.29,1239
2026-07-22T10:45:00+00:00,52221.29,52251.29,52218.29,52251.29,1046
2026-07-22T10:50:00+00:00,52251.29,52259.29,52241.29,52248.29,766
2026-07-22T10:55:00+00:00,52248.29,52255.29,52241.29,52242.29,710
2026-07-22T11:00:00+00:00,52242.29,52243.29,52214.29,52230.29,1337
2026-07-22T11:05:00+00:00,52230.29,52236.29,52187.29,52231.29,1439
2026-07-22T11:10:00+00:00,52231.29,52246.29,52194.29,52202.79,893
2026-07-22T11:15:00+00:00,52202.79,52204.79,52189.79,52193.79,762
2026-07-22T11:20:00+00:00,52193.79,52206.79,52186.29,52196.79,663
2026-07-22T11:25:00+00:00,52196.79,52196.79,52182.29,52186.79,549
2026-07-22T11:30:00+00:00,52186.79,52200.79,52179.29,52199.79,494
2026-07-22T11:35:00+00:00,52199.79,52212.79,52196.79,52200.79,583
2026-07-22T11:40:00+00:00,52200.79,52201.79,52107.29,52146.29,2334
2026-07-22T11:45:00+00:00,52146.29,52191.79,52138.29,52186.79,1343
2026-07-22T11:50:00+00:00,52186.79,52187.29,52152.29,52152.29,995
2026-07-22T11:55:00+00:00,52152.29,52161.79,52127.29,52129.29,755
2026-07-22T12:00:00+00:00,52129.29,52154.79,52126.79,52141.29,1127
2026-07-22T12:05:00+00:00,52141.29,52165.29,52139.29,52152.79,960
2026-07-22T12:10:00+00:00,52152.79,52180.29,52148.29,52173.29,776
2026-07-22T12:15:00+00:00,52173.29,52179.29,52155.79,52162.79,681
2026-07-22T12:20:00+00:00,52162.79,52166.29,52139.29,52149.29,796
2026-07-22T12:25:00+00:00,52149.29,52174.79,52141.29,52173.79,794
2026-07-22T12:30:00+00:00,52173.79,52218.79,52161.79,52210.79,1183
2026-07-22T12:35:00+00:00,52210.79,52224.29,52206.29,52214.79,866
2026-07-22T12:40:00+00:00,52214.79,52217.29,52197.29,52207.29,617
2026-07-22T12:45:00+00:00,52207.29,52208.79,52170.29,52170.29,721
2026-07-22T12:50:00+00:00,52170.29,52197.29,52164.79,52197.29,553
2026-07-22T12:55:00+00:00,52197.29,52197.29,52095.29,52165.79,1962
2026-07-22T13:00:00+00:00,52165.79,52195.79,52162.29,52194.29,1346
2026-07-22T13:05:00+00:00,52194.29,52194.29,52170.79,52189.79,1041
2026-07-22T13:10:00+00:00,52189.79,52189.79,52172.29,52179.79,782
2026-07-22T13:15:00+00:00,52179.79,52230.79,52176.79,52229.29,927
2026-07-22T13:20:00+00:00,52229.29,52243.29,52214.79,52241.79,858
2026-07-22T13:25:00+00:00,52241.79,52284.29,52214.29,52261.79,1264
2026-07-22T13:30:00+00:00,52261.79,52375.64,52201.14,52345.14,10533
2026-07-22T13:35:00+00:00,52345.14,52387.64,52315.64,52344.64,7493
2026-07-22T13:40:00+00:00,52344.64,52364.64,52271.64,52355.14,6170
2026-07-22T13:45:00+00:00,52355.14,52422.14,52343.64,52402.14,5278
2026-07-22T13:50:00+00:00,52402.14,52440.14,52379.64,52426.14,4732
2026-07-22T13:55:00+00:00,52426.14,52517.64,52411.14,52471.64,4725
2026-07-22T14:00:00+00:00,52471.64,52522.64,52453.64,52515.64,4290
2026-07-22T14:05:00+00:00,52515.64,52546.64,52478.64,52500.14,3383
2026-07-22T14:10:00+00:00,52500.14,52510.64,52436.64,52439.14,3239
2026-07-22T14:15:00+00:00,52439.14,52449.64,52411.64,52418.64,3697
2026-07-22T14:20:00+00:00,52418.64,52433.64,52373.64,52383.64,5616
2026-07-22T14:25:00+00:00,52383.64,52393.14,52337.14,52342.64,5328
2026-07-22T14:30:00+00:00,52342.64,52377.64,52327.64,52335.64,4349
2026-07-22T14:35:00+00:00,52335.64,52341.64,52307.64,52337.64,3797
2026-07-22T14:40:00+00:00,52337.64,52345.64,52301.64,52304.64,4062
2026-07-22T14:45:00+00:00,52304.64,52343.64,52304.64,52329.14,3639
2026-07-22T14:50:00+00:00,52329.14,52337.64,52302.14,52323.64,2612
2026-07-22T14:55:00+00:00,52323.64,52325.64,52297.64,52317.14,1950
2026-07-22T15:00:00+00:00,52317.14,52353.64,52300.64,52339.64,2035
2026-07-22T15:05:00+00:00,52339.64,52339.64,52309.64,52329.64,2093
2026-07-22T15:10:00+00:00,52329.64,52362.64,52325.64,52335.64,2295
2026-07-22T15:15:00+00:00,52335.64,52344.14,52305.64,52341.64,2364
2026-07-22T15:20:00+00:00,52341.64,52395.64,52341.64,52391.64,2299
2026-07-22T15:25:00+00:00,52391.64,52426.64,52391.64,52399.14,2522
2026-07-22T15:30:00+00:00,52399.14,52409.64,52376.64,52376.64,2017
2026-07-22T15:35:00+00:00,52376.64,52411.64,52371.64,52409.14,1725
2026-07-22T15:40:00+00:00,52409.14,52423.64,52376.64,52391.14,1585
2026-07-22T15:45:00+00:00,52391.14,52436.64,52391.14,52431.64,1395
2026-07-22T15:50:00+00:00,52431.64,52439.64,52416.64,52423.64,1249
2026-07-22T15:55:00+00:00,52423.64,52445.64,52414.64,52445.64,1110
2026-07-22T16:00:00+00:00,52445.64,52450.64,52422.64,52450.64,1182
2026-07-22T16:05:00+00:00,52450.64,52470.64,52437.64,52457.64,1060
2026-07-22T16:10:00+00:00,52457.64,52462.64,52434.14,52436.64,981
2026-07-22T16:15:00+00:00,52436.64,52459.14,52421.64,52457.64,1053
2026-07-22T16:20:00+00:00,52457.64,52457.64,52433.64,52447.64,1076
2026-07-22T16:25:00+00:00,52447.64,52461.64,52442.64,52460.64,1579
2026-07-22T16:30:00+00:00,52460.64,52466.14,52445.64,52463.64,1071
2026-07-22T16:35:00+00:00,52463.64,52476.64,52456.64,52474.64,1247
2026-07-22T16:40:00+00:00,52474.64,52475.64,52463.64,52469.64,1218
2026-07-22T16:45:00+00:00,52469.64,52478.64,52434.64,52443.64,1210
2026-07-22T16:50:00+00:00,52443.64,52445.64,52422.64,52424.64,1042
2026-07-22T16:55:00+00:00,52424.64,52444.64,52420.64,52435.64,1043
2026-07-22T17:00:00+00:00,52435.64,52438.64,52395.64,52399.64,1407
2026-07-22T17:05:00+00:00,52399.64,52412.64,52392.64,52404.64,1187
2026-07-22T17:10:00+00:00,52404.64,52405.64,52375.64,52377.14,1238
2026-07-22T17:15:00+00:00,52377.14,52389.64,52362.14,52364.64,1553
2026-07-22T17:20:00+00:00,52364.64,52366.14,52332.64,52337.14,1554
2026-07-22T17:25:00+00:00,52337.14,52346.64,52323.14,52324.64,1345
2026-07-22T17:30:00+00:00,52324.64,52362.14,52321.14,52337.64,1397
2026-07-22T17:35:00+00:00,52337.64,52351.64,52327.64,52350.64,1246
2026-07-22T17:40:00+00:00,52350.64,52361.14,52336.64,52348.64,1192
2026-07-22T17:45:00+00:00,52348.64,52349.64,52330.64,52345.64,1002
2026-07-22T17:50:00+00:00,52345.64,52362.14,52341.64,52348.64,1053
2026-07-22T17:55:00+00:00,52348.64,52354.64,52331.64,52344.64,1547
2026-07-22T18:00:00+00:00,52344.64,52352.64,52314.64,52324.14,1755
2026-07-22T18:05:00+00:00,52324.14,52340.64,52316.64,52322.64,1306
2026-07-22T18:10:00+00:00,52322.64,52324.64,52301.64,52310.64,1355
2026-07-22T18:15:00+00:00,52310.64,52340.64,52307.64,52325.64,1324
2026-07-22T18:20:00+00:00,52325.64,52344.64,52322.64,52323.64,1050
2026-07-22T18:25:00+00:00,52323.64,52342.64,52321.64,52339.64,904
2026-07-22T18:30:00+00:00,52339.64,52340.64,52311.64,52317.64,1274
2026-07-22T18:35:00+00:00,52317.64,52333.64,52315.64,52327.64,952
2026-07-22T18:40:00+00:00,52327.64,52330.64,52310.64,52318.64,916
2026-07-22T18:45:00+00:00,52318.64,52330.64,52302.14,52304.64,1033
2026-07-22T18:50:00+00:00,52304.64,52328.14,52299.64,52322.64,921
2026-07-22T18:55:00+00:00,52322.64,52327.64,52315.64,52320.14,816
2026-07-22T19:00:00+00:00,52320.14,52322.64,52282.64,52282.64,1252
2026-07-22T19:05:00+00:00,52282.64,52301.64,52279.64,52281.64,995
2026-07-22T19:10:00+00:00,52281.64,52284.64,52265.64,52277.64,1240
2026-07-22T19:15:00+00:00,52277.64,52303.64,52275.64,52300.64,1217
2026-07-22T19:20:00+00:00,52300.64,52301.14,52262.64,52264.14,1048
2026-07-22T19:25:00+00:00,52264.14,52267.64,52253.64,52263.14,979
2026-07-22T19:30:00+00:00,52263.14,52263.14,52240.64,52249.64,1288
2026-07-22T19:35:00+00:00,52249.64,52261.64,52240.64,52241.64,1188
2026-07-22T19:40:00+00:00,52241.64,52275.64,52241.64,52269.64,1239
2026-07-22T19:45:00+00:00,52269.64,52285.64,52262.64,52276.64,1154
2026-07-22T19:50:00+00:00,52276.64,52287.64,52257.64,52265.64,1879
2026-07-22T19:55:00+00:00,52265.64,52306.64,52251.14,52253.14,2834
2026-07-22T20:00:00+00:00,52253.14,52358.79,52253.14,52271.29,1909
2026-07-22T20:05:00+00:00,52271.29,52302.79,52245.54,52288.79,1084
2026-07-22T20:10:00+00:00,52288.79,52360.79,52278.54,52359.79,995
2026-07-22T20:15:00+00:00,52359.79,52369.29,52336.79,52347.29,954
2026-07-22T20:20:00+00:00,52347.29,52358.79,52332.79,52358.29,376
2026-07-22T20:25:00+00:00,52358.29,52361.29,52325.29,52347.29,345
2026-07-22T20:30:00+00:00,52347.29,52351.79,52334.79,52334.79,343
2026-07-22T20:35:00+00:00,52334.79,52340.79,52317.29,52333.79,534
2026-07-22T20:40:00+00:00,52333.79,52335.29,52325.29,52326.79,358
2026-07-22T20:45:00+00:00,52326.79,52335.29,52321.29,52329.29,309
2026-07-22T20:50:00+00:00,52329.29,52355.79,52329.29,52343.79,327
2026-07-22T20:55:00+00:00,52343.79,52345.79,52300.04,52300.04,827
2026-07-22T22:00:00+00:00,52300.04,52300.04,52218.54,52232.54,850
2026-07-22T22:05:00+00:00,52232.54,52254.29,52232.54,52248.29,409
2026-07-22T22:10:00+00:00,52248.29,52254.29,52240.79,52246.79,305
2026-07-22T22:15:00+00:00,52246.79,52258.29,52230.79,52240.29,533
2026-07-22T22:20:00+00:00,52240.29,52251.79,52237.29,52242.79,381
2026-07-22T22:25:00+00:00,52242.79,52242.79,52216.29,52220.29,358
2026-07-22T22:30:00+00:00,52220.29,52229.29,52210.29,52212.29,311
2026-07-22T22:35:00+00:00,52212.29,52217.29,52191.29,52192.79,521
2026-07-22T22:40:00+00:00,52192.79,52196.79,52188.29,52194.79,301
2026-07-22T22:45:00+00:00,52194.79,52209.79,52190.79,52209.79,330
2026-07-22T22:50:00+00:00,52209.79,52226.79,52206.79,52224.79,269
2026-07-22T22:55:00+00:00,52224.79,52231.29,52220.29,52223.29,191
2026-07-22T23:00:00+00:00,52223.29,52224.79,52204.79,52208.29,359
2026-07-22T23:05:00+00:00,52208.29,52212.79,52206.29,52207.29,184
2026-07-22T23:10:00+00:00,52207.29,52221.79,52207.29,52221.79,206
2026-07-22T23:15:00+00:00,52221.79,52221.79,52206.79,52207.29,143
2026-07-22T23:20:00+00:00,52207.29,52213.79,52207.29,52210.29,109
2026-07-22T23:25:00+00:00,52210.29,52212.29,52206.79,52209.79,117
2026-07-22T23:30:00+00:00,52209.79,52220.79,52208.79,52217.29,182
2026-07-22T23:35:00+00:00,52217.29,52223.79,52215.29,52221.79,112
2026-07-22T23:40:00+00:00,52221.79,52225.79,52216.29,52222.79,194
2026-07-22T23:45:00+00:00,52222.79,52241.29,52218.29,52234.29,524
2026-07-22T23:50:00+00:00,52234.29,52239.79,52229.29,52237.29,358
2026-07-22T23:55:00+00:00,52237.29,52261.29,52233.79,52260.79,239
2026-07-23T00:00:00+00:00,52260.79,52264.79,52239.29,52255.29,1092
2026-07-23T00:05:00+00:00,52255.29,52269.29,52247.29,52262.29,563
2026-07-23T00:10:00+00:00,52262.29,52266.29,52250.79,52258.29,519
2026-07-23T00:15:00+00:00,52258.29,52276.29,52245.29,52271.29,860
2026-07-23T00:20:00+00:00,52271.29,52299.29,52269.29,52298.79,751
2026-07-23T00:25:00+00:00,52298.79,52313.79,52291.29,52291.29,645
2026-07-23T00:30:00+00:00,52291.29,52307.29,52288.79,52306.79,804
2026-07-23T00:35:00+00:00,52306.79,52317.29,52302.29,52311.29,644
2026-07-23T00:40:00+00:00,52311.29,52327.29,52309.79,52323.79,606
2026-07-23T00:45:00+00:00,52323.79,52331.79,52318.29,52318.79,442
2026-07-23T00:50:00+00:00,52318.79,52335.29,52315.79,52331.29,520
2026-07-23T00:55:00+00:00,52331.29,52337.29,52322.79,52328.79,400
2026-07-23T01:00:00+00:00,52328.79,52351.29,52324.29,52345.29,757
2026-07-23T01:05:00+00:00,52345.29,52348.29,52328.29,52329.29,519
2026-07-23T01:10:00+00:00,52329.29,52335.29,52322.79,52324.29,338
2026-07-23T01:15:00+00:00,52324.29,52325.29,52314.79,52316.79,471
2026-07-23T01:20:00+00:00,52316.79,52331.79,52316.29,52316.29,532
2026-07-23T01:25:00+00:00,52316.29,52329.79,52313.29,52315.79,335
2026-07-23T01:30:00+00:00,52315.79,52330.29,52300.29,52329.29,823
2026-07-23T01:35:00+00:00,52329.29,52330.29,52310.79,52310.79,590
2026-07-23T01:40:00+00:00,52310.79,52324.29,52308.29,52314.29,584
2026-07-23T01:45:00+00:00,52314.29,52321.29,52310.29,52320.29,377
2026-07-23T01:50:00+00:00,52320.29,52330.29,52317.29,52322.29,411
2026-07-23T01:55:00+00:00,52322.29,52325.79,52309.79,52310.79,374
2026-07-23T02:00:00+00:00,52310.79,52321.29,52304.29,52320.79,494
2026-07-23T02:05:00+00:00,52320.79,52324.29,52309.29,52309.79,451
2026-07-23T02:10:00+00:00,52309.79,52310.79,52297.29,52298.29,390
2026-07-23T02:15:00+00:00,52298.29,52304.29,52283.29,52284.29,533
2026-07-23T02:20:00+00:00,52284.29,52285.29,52274.79,52275.29,596
2026-07-23T02:25:00+00:00,52275.29,52279.29,52268.29,52272.29,422
2026-07-23T02:30:00+00:00,52272.29,52294.79,52269.79,52293.79,575
2026-07-23T02:35:00+00:00,52293.79,52295.79,52266.79,52273.79,490
2026-07-23T02:40:00+00:00,52273.79,52289.79,52272.29,52288.29,444
2026-07-23T02:45:00+00:00,52288.29,52290.79,52280.79,52280.79,423
2026-07-23T02:50:00+00:00,52280.79,52294.79,52275.79,52293.79,328
2026-07-23T02:55:00+00:00,52293.79,52293.79,52283.79,52286.79,256
2026-07-23T03:00:00+00:00,52286.79,52289.29,52268.79,52268.79,226
2026-07-23T03:05:00+00:00,52268.79,52273.29,52251.29,52256.29,345
2026-07-23T03:10:00+00:00,52256.29,52257.29,52227.29,52230.29,415
2026-07-23T03:15:00+00:00,52230.29,52234.29,52217.29,52225.79,462
2026-07-23T03:20:00+00:00,52225.79,52234.29,52219.79,52224.29,425
2026-07-23T03:25:00+00:00,52224.29,52232.29,52211.79,52229.79,522
2026-07-23T03:30:00+00:00,52229.79,52240.79,52218.29,52223.79,794
2026-07-23T03:35:00+00:00,52223.79,52238.79,52222.79,52238.79,523
2026-07-23T03:40:00+00:00,52238.79,52248.29,52236.29,52248.29,435
2026-07-23T03:45:00+00:00,52248.29,52250.29,52235.29,52244.29,406
2026-07-23T03:50:00+00:00,52244.29,52245.79,52236.29,52236.79,337
2026-07-23T03:55:00+00:00,52236.79,52238.79,52220.79,52226.29,299
2026-07-23T04:00:00+00:00,52226.29,52226.29,52206.29,52210.29,292
2026-07-23T04:05:00+00:00,52210.29,52215.29,52186.79,52206.29,484
2026-07-23T04:10:00+00:00,52206.29,52222.79,52204.29,52222.79,418
2026-07-23T04:15:00+00:00,52222.79,52227.29,52216.29,52219.29,420
2026-07-23T04:20:00+00:00,52219.29,52237.29,52218.79,52234.79,323
2026-07-23T04:25:00+00:00,52234.79,52250.29,52230.29,52240.79,438
2026-07-23T04:30:00+00:00,52240.79,52243.79,52225.79,52239.79,471
2026-07-23T04:35:00+00:00,52239.79,52243.79,52232.79,52240.79,431
2026-07-23T04:40:00+00:00,52240.79,52243.79,52227.79,52227.79,284
2026-07-23T04:45:00+00:00,52227.79,52235.79,52216.79,52216.79,406
2026-07-23T04:50:00+00:00,52216.79,52217.29,52205.29,52211.79,335
2026-07-23T04:55:00+00:00,52211.79,52216.29,52205.29,52213.79,309
2026-07-23T05:00:00+00:00,52213.79,52218.79,52203.79,52207.79,535
2026-07-23T05:05:00+00:00,52207.79,52210.79,52204.79,52208.29,447
2026-07-23T05:10:00+00:00,52208.29,52217.79,52196.79,52217.79,420
2026-07-23T05:15:00+00:00,52217.79,52217.79,52208.79,52214.29,367
2026-07-23T05:20:00+00:00,52214.29,52219.79,52198.29,52211.79,501
2026-07-23T05:25:00+00:00,52211.79,52238.79,52210.79,52238.79,408
2026-07-23T05:30:00+00:00,52238.79,52254.29,52235.29,52237.29,644
2026-07-23T05:35:00+00:00,52237.29,52238.29,52218.29,52220.79,476
2026-07-23T05:40:00+00:00,52220.79,52228.29,52209.79,52215.29,439
2026-07-23T05:45:00+00:00,52215.29,52216.79,52202.79,52203.29,398
2026-07-23T05:50:00+00:00,52203.29,52203.79,52173.79,52173.79,659
2026-07-23T05:55:00+00:00,52173.79,52189.79,52172.29,52174.29,464
2026-07-23T06:00:00+00:00,52174.29,52198.29,52174.29,52185.29,743
2026-07-23T06:05:00+00:00,52185.29,52192.29,52172.79,52175.79,594
2026-07-23T06:10:00+00:00,52175.79,52195.79,52175.79,52193.29,465
2026-07-23T06:15:00+00:00,52193.29,52203.29,52186.79,52203.29,519
2026-07-23T06:20:00+00:00,52203.29,52207.29,52180.79,52189.29,516
2026-07-23T06:25:00+00:00,52189.29,52197.79,52185.79,52194.29,513
2026-07-23T06:30:00+00:00,52194.29,52196.79,52161.29,52168.79,634
2026-07-23T06:35:00+00:00,52168.79,52171.79,52157.29,52158.79,426
2026-07-23T06:40:00+00:00,52158.79,52159.79,52146.79,52146.79,420
2026-07-23T06:45:00+00:00,52146.79,52174.29,52145.79,52160.79,382
2026-07-23T06:50:00+00:00,52160.79,52162.79,52141.79,52150.29,465
2026-07-23T06:55:00+00:00,52150.29,52150.29,52135.29,52137.79,486
2026-07-23T07:00:00+00:00,52137.79,52140.79,52082.79,52099.29,1689
2026-07-23T07:05:00+00:00,52099.29,52115.79,52068.79,52072.29,1297
2026-07-23T07:10:00+00:00,52072.29,52074.29,51968.79,52023.79,2631
2026-07-23T07:15:00+00:00,52023.79,52055.79,52023.79,52044.79,1669
2026-07-23T07:20:00+00:00,52044.79,52060.29,52035.29,52037.79,1482
2026-07-23T07:25:00+00:00,52037.79,52084.29,52036.79,52045.79,1515
2026-07-23T07:30:00+00:00,52045.79,52050.79,51988.29,51995.79,1686
2026-07-23T07:35:00+00:00,51995.79,52018.79,51989.79,52012.29,1294
2026-07-23T07:40:00+00:00,52012.29,52015.29,51980.79,51997.79,1529
2026-07-23T07:45:00+00:00,51997.79,51997.79,51974.79,51992.79,1527
2026-07-23T07:50:00+00:00,51992.79,52018.29,51980.79,52013.29,1552
2026-07-23T07:55:00+00:00,52013.29,52040.29,52013.29,52039.79,1655
2026-07-23T08:00:00+00:00,52039.79,52045.29,52008.79,52025.79,1973
2026-07-23T08:05:00+00:00,52025.79,52101.79,52024.79,52101.79,1372
2026-07-23T08:10:00+00:00,52101.79,52103.29,52077.79,52080.79,1320
2026-07-23T08:15:00+00:00,52080.79,52108.79,52066.29,52098.79,1095
2026-07-23T08:20:00+00:00,52098.79,52106.79,52072.29,52082.79,945
2026-07-23T08:25:00+00:00,52082.79,52105.29,52080.29,52100.79,1020
2026-07-23T08:30:00+00:00,52100.79,52100.79,52072.79,52086.79,1036
2026-07-23T08:35:00+00:00,52086.79,52088.79,52069.79,52075.79,719
2026-07-23T08:40:00+00:00,52075.79,52083.79,52056.79,52059.29,816
2026-07-23T08:45:00+00:00,52059.29,52069.79,52056.29,52065.79,844
2026-07-23T08:50:00+00:00,52065.79,52103.79,52062.79,52102.29,808
2026-07-23T08:55:00+00:00,52102.29,52131.79,52094.79,52129.79,807
2026-07-23T09:00:00+00:00,52129.79,52167.79,52112.79,52153.79,1731
2026-07-23T09:05:00+00:00,52153.79,52154.79,52103.29,52103.29,1102
2026-07-23T09:10:00+00:00,52103.29,52122.29,52090.79,52090.79,941
2026-07-23T09:15:00+00:00,52090.79,52104.29,52080.29,52081.79,732
2026-07-23T09:20:00+00:00,52081.79,52082.79,52065.29,52067.79,740
2026-07-23T09:25:00+00:00,52067.79,52074.79,52052.29,52058.79,624
2026-07-23T09:30:00+00:00,52058.79,52066.79,52048.29,52056.79,839
2026-07-23T09:35:00+00:00,52056.79,52070.29,52051.79,52069.79,640
2026-07-23T09:40:00+00:00,52069.79,52085.29,52065.29,52080.79,768
2026-07-23T09:45:00+00:00,52080.79,52092.29,52077.79,52081.79,587
2026-07-23T09:50:00+00:00,52081.79,52087.29,52059.79,52080.79,685
2026-07-23T09:55:00+00:00,52080.79,52081.29,52050.79,52062.29,775
2026-07-23T10:00:00+00:00,52062.29,52090.79,52057.79,52074.79,1151
2026-07-23T10:05:00+00:00,52074.79,52082.29,52052.29,52055.29,755
2026-07-23T10:10:00+00:00,52055.29,52056.29,52038.79,52044.79,541
2026-07-23T10:15:00+00:00,52044.79,52061.79,52043.29,52055.79,629
2026-07-23T10:20:00+00:00,52055.79,52074.29,52049.79,52070.79,707
2026-07-23T10:25:00+00:00,52070.79,52081.79,52066.79,52068.79,619
2026-07-23T10:30:00+00:00,52068.79,52120.79,52064.29,52109.29,1559
2026-07-23T10:35:00+00:00,52109.29,52136.79,52107.29,52126.79,1252
2026-07-23T10:40:00+00:00,52126.79,52144.79,52124.79,52130.29,1020
2026-07-23T10:45:00+00:00,52130.29,52149.29,52128.79,52146.79,920
2026-07-23T10:50:00+00:00,52146.79,52156.79,52141.79,52148.79,660
2026-07-23T10:55:00+00:00,52148.79,52151.29,52132.79,52133.79,687
2026-07-23T11:00:00+00:00,52133.79,52150.29,52099.79,52117.29,1261
2026-07-23T11:05:00+00:00,52117.29,52117.29,52081.29,52082.29,809
2026-07-23T11:10:00+00:00,52082.29,52098.79,52077.79,52097.29,672
2026-07-23T11:15:00+00:00,52097.29,52108.79,52078.79,52084.29,748
2026-07-23T11:20:00+00:00,52084.29,52084.29,52033.29,52039.79,961
2026-07-23T11:25:00+00:00,52039.79,52052.79,52026.79,52037.79,874
2026-07-23T11:30:00+00:00,52037.79,52049.29,51999.29,52019.29,1296
2026-07-23T11:35:00+00:00,52019.29,52019.29,51938.79,51956.29,2724
2026-07-23T11:40:00+00:00,51956.29,51972.29,51932.79,51951.79,1926
2026-07-23T11:45:00+00:00,51951.79,51967.79,51934.29,51958.79,1500
2026-07-23T11:50:00+00:00,51958.79,52024.29,51958.79,51992.29,1773
2026-07-23T11:55:00+00:00,51992.29,51999.29,51977.79,51986.79,1385
2026-07-23T12:00:00+00:00,51986.79,51987.79,51949.29,51960.79,1564
2026-07-23T12:05:00+00:00,51960.79,51966.79,51919.29,51923.79,1186
2026-07-23T12:10:00+00:00,51923.79,51934.29,51905.79,51905.79,767
2026-07-23T12:15:00+00:00,51905.79,51936.79,51867.29,51879.29,2075
2026-07-23T12:20:00+00:00,51879.29,51879.29,51818.29,51825.79,2515
2026-07-23T12:25:00+00:00,51825.79,51840.29,51813.79,51818.54,1839
2026-07-23T12:30:00+00:00,51818.54,51832.29,51798.54,51827.29,2393
2026-07-23T12:35:00+00:00,51827.29,51828.29,51773.79,51803.79,2506
2026-07-23T12:40:00+00:00,51803.79,51806.79,51737.29,51773.79,3008
2026-07-23T12:45:00+00:00,51773.79,51791.29,51735.79,51764.79,3266
2026-07-23T12:50:00+00:00,51764.79,51771.29,51731.79,51738.29,2244
2026-07-23T12:55:00+00:00,51738.29,51750.79,51711.79,51729.79,1913
2026-07-23T13:00:00+00:00,51729.79,51734.29,51681.29,51690.29,2562
2026-07-23T13:05:00+00:00,51690.29,51702.79,51657.29,51667.29,3558
2026-07-23T13:10:00+00:00,51667.29,51671.79,51632.29,51652.79,2970
2026-07-23T13:15:00+00:00,51652.79,51664.79,51632.79,51659.29,2581
2026-07-23T13:20:00+00:00,51659.29,51659.29,51615.29,51615.29,1590
2026-07-23T13:25:00+00:00,51615.29,51638.79,51580.54,51603.29,1904
2026-07-23T13:30:00+00:00,51603.29,51884.14,51576.14,51873.14,11705
2026-07-23T13:35:00+00:00,51873.14,51910.64,51815.64,51876.64,12384
2026-07-23T13:40:00+00:00,51876.64,51920.64,51849.64,51856.14,9914
2026-07-23T13:45:00+00:00,51856.14,51861.14,51734.64,51758.64,9875
2026-07-23T13:50:00+00:00,51758.64,51771.14,51713.64,51771.14,9086
2026-07-23T13:55:00+00:00,51771.14,51800.14,51671.64,51713.64,8360
2026-07-23T14:00:00+00:00,51713.64,51770.64,51713.64,51754.64,10639
2026-07-23T14:05:00+00:00,51754.64,51767.14,51653.64,51684.14,9810
2026-07-23T14:10:00+00:00,51684.14,51796.64,51679.64,51744.64,10427
2026-07-23T14:15:00+00:00,51744.64,51789.14,51727.14,51743.64,9338
2026-07-23T14:20:00+00:00,51743.64,51763.64,51694.64,51714.64,8098
2026-07-23T14:25:00+00:00,51714.64,51752.64,51686.64,51747.14,6646
2026-07-23T14:30:00+00:00,51747.14,51755.64,51685.64,51696.64,6444
2026-07-23T14:35:00+00:00,51696.64,51778.64,51666.64,51773.64,6519
2026-07-23T14:40:00+00:00,51773.64,51804.64,51717.14,51726.64,6550
2026-07-23T14:45:00+00:00,51726.64,51788.14,51712.14,51755.64,6208
2026-07-23T14:50:00+00:00,51755.64,51771.64,51695.64,51738.64,5234
2026-07-23T14:55:00+00:00,51738.64,51769.64,51733.64,51762.64,5044
2026-07-23T15:00:00+00:00,51762.64,51778.64,51696.64,51712.64,4730
2026-07-23T15:05:00+00:00,51712.64,51712.64,51647.64,51690.64,5929
2026-07-23T15:10:00+00:00,51690.64,51695.64,51643.64,51661.14,5099
2026-07-23T15:15:00+00:00,51661.14,51690.64,51653.64,51668.64,5924
2026-07-23T15:20:00+00:00,51668.64,51684.64,51604.14,51649.64,6030
2026-07-23T15:25:00+00:00,51649.64,51651.64,51607.64,51618.64,4775
2026-07-23T15:30:00+00:00,51618.64,51644.64,51567.64,51644.64,5258
2026-07-23T15:35:00+00:00,51644.64,51741.14,51639.14,51734.64,5170
2026-07-23T15:40:00+00:00,51734.64,51767.14,51690.64,51696.14,3663
2026-07-23T15:45:00+00:00,51696.14,51704.64,51671.64,51698.14,3321
2026-07-23T15:50:00+00:00,51698.14,51710.64,51676.64,51710.14,3511
2026-07-23T15:55:00+00:00,51710.14,51735.14,51687.64,51731.14,3035
2026-07-23T16:00:00+00:00,51731.14,51755.64,51714.64,51729.14,3378
2026-07-23T16:05:00+00:00,51729.14,51771.64,51704.14,51771.14,3134
2026-07-23T16:10:00+00:00,51771.14,51799.64,51765.14,51796.64,2954
2026-07-23T16:15:00+00:00,51796.64,51820.64,51769.64,51787.14,2434
2026-07-23T16:20:00+00:00,51787.14,51853.64,51785.64,51834.64,2553
2026-07-23T16:25:00+00:00,51834.64,51843.64,51809.14,51820.14,2329
2026-07-23T16:30:00+00:00,51820.14,51834.14,51787.64,51791.64,2295
2026-07-23T16:35:00+00:00,51791.64,51808.64,51772.64,51808.14,2425
2026-07-23T16:40:00+00:00,51808.14,51809.64,51764.64,51772.64,2131
2026-07-23T16:45:00+00:00,51772.64,51772.64,51714.14,51714.64,2731
2026-07-23T16:50:00+00:00,51714.64,51747.64,51703.64,51734.64,3155
2026-07-23T16:55:00+00:00,51734.64,51777.64,51732.64,51775.64,3104
2026-07-23T17:00:00+00:00,51775.64,51794.64,51758.64,51760.64,3080
2026-07-23T17:05:00+00:00,51760.64,51768.64,51737.64,51767.64,3447
2026-07-23T17:10:00+00:00,51767.64,51792.64,51749.64,51752.64,3357
2026-07-23T17:15:00+00:00,51752.64,51778.64,51738.64,51754.64,3478
2026-07-23T17:20:00+00:00,51754.64,51784.64,51754.64,51783.64,3416
2026-07-23T17:25:00+00:00,51783.64,51790.64,51753.64,51753.64,2812
2026-07-23T17:30:00+00:00,51753.64,51754.64,51695.64,51697.64,3823
2026-07-23T17:35:00+00:00,51697.64,51701.64,51667.64,51677.14,3563
2026-07-23T17:40:00+00:00,51677.14,51684.64,51653.64,51668.64,3320
2026-07-23T17:45:00+00:00,51668.64,51698.64,51656.64,51687.14,3451
2026-07-23T17:50:00+00:00,51687.14,51689.14,51657.14,51657.64,3048
2026-07-23T17:55:00+00:00,51657.64,51660.64,51626.14,51626.64,2524
2026-07-23T18:00:00+00:00,51626.64,51639.64,51619.64,51621.14,3308
2026-07-23T18:05:00+00:00,51621.14,51650.14,51612.14,51637.64,2750
2026-07-23T18:10:00+00:00,51637.64,51657.64,51628.64,51630.64,2605
2026-07-23T18:15:00+00:00,51630.64,51658.64,51629.14,51646.64,2505
2026-07-23T18:20:00+00:00,51646.64,51669.64,51643.64,51661.14,2434
2026-07-23T18:25:00+00:00,51661.14,51676.64,51642.64,51676.64,2445
2026-07-23T18:30:00+00:00,51676.64,51688.64,51667.64,51677.64,2634
2026-07-23T18:35:00+00:00,51677.64,51682.64,51647.64,51653.64,2295
2026-07-23T18:40:00+00:00,51653.64,51669.64,51639.64,51667.64,2116
2026-07-23T18:45:00+00:00,51667.64,51719.64,51667.14,51716.14,2204
2026-07-23T18:50:00+00:00,51716.14,51718.64,51675.14,51675.64,1982
2026-07-23T18:55:00+00:00,51675.64,51695.64,51671.64,51694.64,2127
2026-07-23T19:00:00+00:00,51694.64,51720.14,51693.64,51700.64,2267
2026-07-23T19:05:00+00:00,51700.64,51719.14,51685.64,51692.64,1850
2026-07-23T19:10:00+00:00,51692.64,51701.64,51677.64,51692.64,1717
2026-07-23T19:15:00+00:00,51692.64,51715.64,51692.14,51713.64,2024
2026-07-23T19:20:00+00:00,51713.64,51749.64,51713.64,51749.14,2685
2026-07-23T19:25:00+00:00,51749.14,51759.64,51725.64,51729.14,2487
2026-07-23T19:30:00+00:00,51729.14,51744.64,51691.64,51706.64,3532
2026-07-23T19:35:00+00:00,51706.64,51708.64,51674.14,51684.14,2592
2026-07-23T19:40:00+00:00,51684.14,51688.64,51663.64,51664.64,2486
2026-07-23T19:45:00+00:00,51664.64,51669.64,51623.64,51629.64,3221
2026-07-23T19:50:00+00:00,51629.64,51686.64,51624.14,51671.14,4883
2026-07-23T19:55:00+00:00,51671.14,51756.64,51671.14,51725.14,5242
2026-07-23T20:00:00+00:00,51725.14,51752.79,51714.79,51718.79,2720
2026-07-23T20:05:00+00:00,51718.79,51731.79,51702.79,51715.29,660
2026-07-23T20:10:00+00:00,51715.29,51735.29,51715.29,51728.79,712
2026-07-23T20:15:00+00:00,51728.79,51737.79,51723.79,51727.29,565
2026-07-23T20:20:00+00:00,51727.29,51741.29,51722.79,51739.79,388
2026-07-23T20:25:00+00:00,51739.79,51743.79,51727.79,51733.29,359
2026-07-23T20:30:00+00:00,51733.29,51748.29,51729.29,51746.79,573
2026-07-23T20:35:00+00:00,51746.79,51750.29,51737.29,51737.29,397
2026-07-23T20:40:00+00:00,51737.29,51737.29,51723.29,51727.79,338
2026-07-23T20:45:00+00:00,51727.79,51735.79,51724.29,51730.29,339
2026-07-23T20:50:00+00:00,51730.29,51737.29,51725.29,51735.79,322
2026-07-23T20:55:00+00:00,51735.79,51758.29,51735.29,51756.54,506
2026-07-23T22:00:00+00:00,51756.54,51759.82,51721.82,51723.82,1131
2026-07-23T22:05:00+00:00,51723.82,51735.82,51722.32,51727.32,731
2026-07-23T22:10:00+00:00,51727.32,51727.32,51713.32,51721.82,724
2026-07-23T22:15:00+00:00,51721.82,51726.32,51713.32,51715.82,788
2026-07-23T22:20:00+00:00,51715.82,51733.82,51715.32,51729.32,688
2026-07-23T22:25:00+00:00,51729.32,51729.82,51717.82,51718.82,325
2026-07-23T22:30:00+00:00,51718.82,51727.32,51717.82,51718.32,358
2026-07-23T22:35:00+00:00,51718.32,51721.82,51710.82,51713.32,242
2026-07-23T22:40:00+00:00,51713.32,51720.32,51710.82,51717.32,255
2026-07-23T22:45:00+00:00,51717.32,51730.32,51716.82,51723.32,268
2026-07-23T22:50:00+00:00,51723.32,51727.32,51720.82,51725.82,203
2026-07-23T22:55:00+00:00,51725.82,51734.82,51724.82,51732.32,226
2026-07-23T23:00:00+00:00,51732.32,51735.32,51717.32,51718.32,326
2026-07-23T23:05:00+00:00,51718.32,51722.82,51714.32,51714.32,187
2026-07-23T23:10:00+00:00,51714.32,51716.32,51710.32,51716.32,130
2026-07-23T23:15:00+00:00,51716.32,51719.32,51712.32,51713.82,131
2026-07-23T23:20:00+00:00,51713.82,51715.32,51710.32,51710.32,116
2026-07-23T23:25:00+00:00,51710.32,51721.32,51708.82,51718.32,124
2026-07-23T23:30:00+00:00,51718.32,51724.32,51713.82,51722.32,134
2026-07-23T23:35:00+00:00,51722.32,51725.32,51714.32,51715.32,94
2026-07-23T23:40:00+00:00,51715.32,51723.82,51694.32,51717.32,622
2026-07-23T23:45:00+00:00,51717.32,51735.32,51713.32,51719.32,1375
2026-07-23T23:50:00+00:00,51719.32,51725.32,51702.82,51706.32,743
2026-07-23T23:55:00+00:00,51706.32,51730.32,51705.82,51724.32,744
2026-07-24T00:00:00+00:00,51724.32,51761.32,51724.32,51734.32,2453
2026-07-24T00:05:00+00:00,51734.32,51748.32,51721.82,51731.32,1527
2026-07-24T00:10:00+00:00,51731.32,51737.32,51713.32,51729.82,1055
2026-07-24T00:15:00+00:00,51729.82,51749.82,51715.82,51735.82,1668
2026-07-24T00:20:00+00:00,51735.82,51775.82,51732.32,51763.82,1591
2026-07-24T00:25:00+00:00,51763.82,51767.32,51753.82,51759.82,818
2026-07-24T00:30:00+00:00,51759.82,51762.32,51740.82,51753.32,1021
2026-07-24T00:35:00+00:00,51753.32,51767.82,51748.82,51763.32,784
2026-07-24T00:40:00+00:00,51763.32,51793.32,51762.32,51792.32,707
2026-07-24T00:45:00+00:00,51792.32,51804.82,51786.32,51791.32,848
2026-07-24T00:50:00+00:00,51791.32,51794.32,51766.82,51766.82,636
2026-07-24T00:55:00+00:00,51766.82,51790.82,51760.82,51788.32,871
2026-07-24T01:00:00+00:00,51788.32,51803.82,51777.82,51786.82,1230
2026-07-24T01:05:00+00:00,51786.82,51789.82,51780.82,51780.82,769
2026-07-24T01:10:00+00:00,51780.82,51789.82,51772.82,51777.82,638
2026-07-24T01:15:00+00:00,51777.82,51787.82,51773.32,51780.82,622
2026-07-24T01:20:00+00:00,51780.82,51781.82,51769.82,51778.82,571
2026-07-24T01:25:00+00:00,51778.82,51796.32,51778.32,51778.32,608
2026-07-24T01:30:00+00:00,51778.32,51794.82,51770.32,51792.32,970
2026-07-24T01:35:00+00:00,51792.32,51798.82,51785.32,51790.32,679
2026-07-24T01:40:00+00:00,51790.32,51816.32,51788.82,51809.32,667
2026-07-24T01:45:00+00:00,51809.32,51809.32,51789.82,51789.82,565
2026-07-24T01:50:00+00:00,51789.82,51796.82,51776.82,51795.32,706
2026-07-24T01:55:00+00:00,51795.32,51801.82,51789.82,51792.32,450
2026-07-24T02:00:00+00:00,51792.32,51794.82,51784.82,51785.82,604
2026-07-24T02:05:00+00:00,51785.82,51794.32,51781.32,51794.32,472
2026-07-24T02:10:00+00:00,51794.32,51806.82,51794.32,51799.32,581
2026-07-24T02:15:00+00:00,51799.32,51803.32,51792.32,51795.32,475
2026-07-24T02:20:00+00:00,51795.32,51802.82,51787.82,51801.32,458
2026-07-24T02:25:00+00:00,51801.32,51804.82,51794.82,51798.82,530
2026-07-24T02:30:00+00:00,51798.82,51798.82,51770.32,51776.82,568
2026-07-24T02:35:00+00:00,51776.82,51779.82,51762.82,51763.82,447
2026-07-24T02:40:00+00:00,51763.82,51769.32,51761.82,51762.32,424
2026-07-24T02:45:00+00:00,51762.32,51764.82,51747.82,51750.82,571
2026-07-24T02:50:00+00:00,51750.82,51760.32,51748.82,51751.32,431
2026-07-24T02:55:00+00:00,51751.32,51763.32,51751.32,51755.32,440
2026-07-24T03:00:00+00:00,51755.32,51759.82,51742.82,51755.32,475
2026-07-24T03:05:00+00:00,51755.32,51759.82,51746.32,51749.32,354
2026-07-24T03:10:00+00:00,51749.32,51761.32,51745.32,51754.82,470
2026-07-24T03:15:00+00:00,51754.82,51762.82,51748.82,51750.32,535
2026-07-24T03:20:00+00:00,51750.32,51761.82,51746.32,51755.32,481
2026-07-24T03:25:00+00:00,51755.32,51766.82,51749.32,51750.82,509
2026-07-24T03:30:00+00:00,51750.82,51752.32,51723.32,51735.82,698
2026-07-24T03:35:00+00:00,51735.82,51748.82,51732.32,51742.32,632
2026-07-24T03:40:00+00:00,51742.32,51746.32,51739.32,51742.82,499
2026-07-24T03:45:00+00:00,51742.82,51755.82,51737.32,51751.82,528
2026-07-24T03:50:00+00:00,51751.82,51755.82,51742.32,51742.82,424
2026-07-24T03:55:00+00:00,51742.82,51742.82,51735.82,51739.32,272
2026-07-24T04:00:00+00:00,51739.32,51741.82,51725.82,51732.82,358
2026-07-24T04:05:00+00:00,51732.82,51757.82,51731.82,51756.32,693
2026-07-24T04:10:00+00:00,51756.32,51757.82,51731.82,51732.82,441
2026-07-24T04:15:00+00:00,51732.82,51746.82,51730.82,51736.82,405
2026-07-24T04:20:00+00:00,51736.82,51749.82,51723.82,51744.82,467
2026-07-24T04:25:00+00:00,51744.82,51757.32,51741.82,51754.32,474
2026-07-24T04:30:00+00:00,51754.32,51757.32,51739.82,51744.82,437
2026-07-24T04:35:00+00:00,51744.82,51748.82,51736.32,51737.32,342
2026-07-24T04:40:00+00:00,51737.32,51740.82,51719.32,51737.32,438
2026-07-24T04:45:00+00:00,51737.32,51744.82,51731.82,51738.32,496
2026-07-24T04:50:00+00:00,51738.32,51759.32,51736.32,51752.32,642
2026-07-24T04:55:00+00:00,51752.32,51755.82,51749.32,51753.82,399
2026-07-24T05:00:00+00:00,51753.82,51767.32,51749.82,51764.32,575
2026-07-24T05:05:00+00:00,51764.32,51785.32,51761.82,51773.82,639
2026-07-24T05:10:00+00:00,51773.82,51781.32,51765.82,51772.82,454
2026-07-24T05:15:00+00:00,51772.82,51784.32,51764.82,51784.32,609
2026-07-24T05:20:00+00:00,51784.32,51791.82,51778.82,51789.82,541
2026-07-24T05:25:00+00:00,51789.82,51801.82,51786.82,51791.82,587
2026-07-24T05:30:00+00:00,51791.82,51798.32,51778.32,51785.32,810
2026-07-24T05:35:00+00:00,51785.32,51785.82,51770.82,51782.32,528
2026-07-24T05:40:00+00:00,51782.32,51788.32,51776.32,51787.82,541
2026-07-24T05:45:00+00:00,51787.82,51802.32,51783.32,51789.32,466
2026-07-24T05:50:00+00:00,51789.32,51792.32,51771.82,51773.82,458
2026-07-24T05:55:00+00:00,51773.82,51782.82,51767.82,51772.32,493
2026-07-24T06:00:00+00:00,51772.32,51774.82,51751.82,51755.32,642
2026-07-24T06:05:00+00:00,51755.32,51760.82,51748.32,51754.82,622
2026-07-24T06:10:00+00:00,51754.82,51767.82,51753.32,51759.32,495
2026-07-24T06:15:00+00:00,51759.32,51791.32,51750.32,51789.32,772
2026-07-24T06:20:00+00:00,51789.32,51802.82,51788.32,51794.32,890
2026-07-24T06:25:00+00:00,51794.32,51806.32,51769.82,51779.32,976
2026-07-24T06:30:00+00:00,51779.32,51782.32,51766.82,51782.32,964
2026-07-24T06:35:00+00:00,51782.32,51796.32,51776.32,51780.82,755
2026-07-24T06:40:00+00:00,51780.82,51784.32,51759.82,51760.32,412
2026-07-24T06:45:00+00:00,51760.32,51768.82,51743.82,51751.32,559
2026-07-24T06:50:00+00:00,51751.32,51774.82,51749.32,51770.82,706
2026-07-24T06:55:00+00:00,51770.82,51796.32,51764.82,51790.82,999
2026-07-24T07:00:00+00:00,51790.82,51845.32,51783.32,51831.82,2082
2026-07-24T07:05:00+00:00,51831.82,51876.82,51828.82,51874.82,1084
2026-07-24T07:10:00+00:00,51874.82,51884.82,51869.32,51882.32,1058
2026-07-24T07:15:00+00:00,51882.32,51918.82,51873.32,51911.32,1448
2026-07-24T07:20:00+00:00,51911.32,51922.32,51908.32,51914.32,1005
2026-07-24T07:25:00+00:00,51914.32,51947.82,51912.82,51946.82,970
2026-07-24T07:30:00+00:00,51946.82,51955.82,51920.32,51932.82,1202
2026-07-24T07:35:00+00:00,51932.82,51943.82,51915.32,51919.32,928
2026-07-24T07:40:00+00:00,51919.32,51923.82,51898.82,51912.32,850
2026-07-24T07:45:00+00:00,51912.32,51919.82,51903.32,51917.82,966
2026-07-24T07:50:00+00:00,51917.82,51925.32,51906.32,51917.32,832
2026-07-24T07:55:00+00:00,51917.32,51926.82,51911.32,51914.32,805
2026-07-24T08:00:00+00:00,51914.32,51914.32,51888.32,51906.32,1668
2026-07-24T08:05:00+00:00,51906.32,51919.82,51883.32,51911.32,1407
2026-07-24T08:10:00+00:00,51911.32,51917.82,51891.82,51902.32,1325
2026-07-24T08:15:00+00:00,51902.32,51923.82,51890.82,51903.82,1292
2026-07-24T08:20:00+00:00,51903.82,51912.82,51895.32,51908.32,1121
2026-07-24T08:25:00+00:00,51908.32,51950.32,51895.32,51946.82,1349
2026-07-24T08:30:00+00:00,51946.82,51969.32,51937.32,51954.32,1350
2026-07-24T08:35:00+00:00,51954.32,51976.82,51946.32,51961.32,987
2026-07-24T08:40:00+00:00,51961.32,51965.32,51945.32,51964.32,844
2026-07-24T08:45:00+00:00,51964.32,51968.82,51940.82,51954.32,958
2026-07-24T08:50:00+00:00,51954.32,51958.82,51928.82,51932.82,874
2026-07-24T08:55:00+00:00,51932.82,51949.32,51928.82,51946.82,818
2026-07-24T09:00:00+00:00,51946.82,51966.32,51942.32,51952.32,1086
2026-07-24T09:05:00+00:00,51952.32,51992.32,51950.32,51991.82,1028
2026-07-24T09:10:00+00:00,51991.82,51994.32,51954.32,51961.82,905
2026-07-24T09:15:00+00:00,51961.82,51978.32,51952.82,51969.32,952
2026-07-24T09:20:00+00:00,51969.32,52001.32,51968.32,51994.32,956
2026-07-24T09:25:00+00:00,51994.32,52004.32,51985.32,51990.32,1073
2026-07-24T09:30:00+00:00,51990.32,52009.32,51979.32,52006.32,927
2026-07-24T09:35:00+00:00,52006.32,52015.82,51997.82,52003.32,712
2026-07-24T09:40:00+00:00,52003.32,52015.82,51999.82,52008.82,578
2026-07-24T09:45:00+00:00,52008.82,52016.32,51999.32,52001.82,574
2026-07-24T09:50:00+00:00,52001.82,52016.32,52001.82,52007.32,578
2026-07-24T09:55:00+00:00,52007.32,52023.82,52005.32,52019.82,608
2026-07-24T10:00:00+00:00,52019.82,52035.82,52016.32,52021.32,734
2026-07-24T10:05:00+00:00,52021.32,52029.82,51999.82,52006.32,640
2026-07-24T10:10:00+00:00,52006.32,52010.82,51992.32,52006.32,636
2026-07-24T10:15:00+00:00,52006.32,52008.32,51997.32,52004.32,377
2026-07-24T10:20:00+00:00,52004.32,52006.32,51987.82,51998.32,693
2026-07-24T10:25:00+00:00,51998.32,52011.32,51990.82,52007.32,614
2026-07-24T10:30:00+00:00,52007.32,52021.82,52001.32,52003.32,657
2026-07-24T10:35:00+00:00,52003.32,52011.82,51991.32,52003.32,584
2026-07-24T10:40:00+00:00,52003.32,52008.82,51999.32,52007.32,455
2026-07-24T10:45:00+00:00,52007.32,52015.32,52001.82,52010.32,429
2026-07-24T10:50:00+00:00,52010.32,52018.32,51989.32,51990.82,675
2026-07-24T10:55:00+00:00,51990.82,52021.82,51987.82,51992.32,771
2026-07-24T11:00:00+00:00,51992.32,52021.32,51928.32,51965.32,2274
2026-07-24T11:05:00+00:00,51965.32,51973.82,51949.32,51969.32,964
2026-07-24T11:10:00+00:00,51969.32,51978.32,51936.32,51940.32,760
2026-07-24T11:15:00+00:00,51940.32,51968.32,51935.32,51937.32,810
2026-07-24T11:20:00+00:00,51937.32,51951.32,51933.32,51935.82,837
2026-07-24T11:25:00+00:00,51935.82,51948.82,51924.82,51931.32,799
2026-07-24T11:30:00+00:00,51931.32,51938.32,51923.82,51933.82,843
2026-07-24T11:35:00+00:00,51933.82,51956.32,51922.82,51934.32,1051
2026-07-24T11:40:00+00:00,51934.32,51934.32,51911.82,51911.82,1080
2026-07-24T11:45:00+00:00,51911.82,51934.82,51905.32,51934.82,990
2026-07-24T11:50:00+00:00,51934.82,51938.32,51920.82,51921.32,690
2026-07-24T11:55:00+00:00,51921.32,51990.82,51893.82,51961.32,2981
2026-07-24T12:00:00+00:00,51961.32,51965.82,51924.32,51941.32,2294
2026-07-24T12:05:00+00:00,51941.32,51955.32,51920.32,51946.82,1476
2026-07-24T12:10:00+00:00,51946.82,51952.82,51928.32,51941.32,1293
2026-07-24T12:15:00+00:00,51941.32,51960.32,51937.82,51944.32,1227
2026-07-24T12:20:00+00:00,51944.32,51965.32,51927.32,51965.32,1104
2026-07-24T12:25:00+00:00,51965.32,51966.32,51928.32,51946.32,1338
2026-07-24T12:30:00+00:00,51946.32,51963.32,51936.32,51937.32,1282
2026-07-24T12:35:00+00:00,51937.32,51958.32,51932.82,51949.82,1160
2026-07-24T12:40:00+00:00,51949.82,51956.32,51918.32,51921.32,1063
2026-07-24T12:45:00+00:00,51921.32,51924.82,51903.32,51913.32,924
2026-07-24T12:50:00+00:00,51913.32,51917.32,51881.32,51886.32,849
2026-07-24T12:55:00+00:00,51886.32,51887.32,51851.82,51861.82,1262
2026-07-24T13:00:00+00:00,51861.82,51885.32,51859.82,51865.32,1537
2026-07-24T13:05:00+00:00,51865.32,51867.32,51847.82,51854.82,1036
2026-07-24T13:10:00+00:00,51854.82,51888.32,51854.82,51874.82,1021
2026-07-24T13:15:00+00:00,51874.82,51891.32,51863.82,51881.82,1037
2026-07-24T13:20:00+00:00,51881.82,51883.82,51853.32,51870.32,943
2026-07-24T13:25:00+00:00,51870.32,51895.82,51823.07,51823.32,2754
2026-07-24T13:30:00+00:00,51823.32,51887.67,51746.17,51750.17,10820
2026-07-24T13:35:00+00:00,51750.17,51862.17,51746.17,51813.67,10135
2026-07-24T13:40:00+00:00,51813.67,51873.67,51799.67,51804.67,6178
2026-07-24T13:45:00+00:00,51804.67,51921.67,51779.07,51881.17,7315
2026-07-24T13:50:00+00:00,51881.17,51895.17,51776.17,51824.67,8257
2026-07-24T13:55:00+00:00,51824.67,51855.67,51787.17,51826.17,5932
2026-07-24T14:00:00+00:00,51826.17,51869.17,51809.67,51812.17,7265
2026-07-24T14:05:00+00:00,51812.17,51915.17,51801.67,51900.17,6802
2026-07-24T14:10:00+00:00,51900.17,51932.17,51864.17,51905.17,6698
2026-07-24T14:15:00+00:00,51905.17,51928.17,51834.17,51857.17,7261
2026-07-24T14:20:00+00:00,51857.17,51904.17,51832.67,51874.67,6795
2026-07-24T14:25:00+00:00,51874.67,51881.17,51827.67,51827.67,5629
2026-07-24T14:30:00+00:00,51827.67,51842.17,51794.17,51794.17,5720
2026-07-24T14:35:00+00:00,51794.17,51817.67,51779.67,51780.17,5201
2026-07-24T14:40:00+00:00,51780.17,51812.67,51718.67,51719.17,5781
2026-07-24T14:45:00+00:00,51719.17,51786.17,51716.17,51784.67,5741
2026-07-24T14:50:00+00:00,51784.67,51833.17,51784.67,51808.17,4875
2026-07-24T14:55:00+00:00,51808.17,51906.17,51805.67,51902.17,4628
2026-07-24T15:00:00+00:00,51902.17,51912.17,51874.67,51889.67,4869
2026-07-24T15:05:00+00:00,51889.67,51919.17,51870.17,51874.17,4163
2026-07-24T15:10:00+00:00,51874.17,52045.17,51866.17,52026.17,10413
2026-07-24T15:15:00+00:00,52026.17,52095.67,51992.67,52004.17,8661
2026-07-24T15:20:00+00:00,52004.17,52091.67,51995.67,52073.67,5748
2026-07-24T15:25:00+00:00,52073.67,52130.67,52069.17,52112.67,4581
2026-07-24T15:30:00+00:00,52112.67,52122.17,52076.17,52076.17,4582
2026-07-24T15:35:00+00:00,52076.17,52144.17,52073.17,52141.67,3956
2026-07-24T15:40:00+00:00,52141.67,52145.17,52092.67,52099.67,4110
2026-07-24T15:45:00+00:00,52099.67,52121.17,52082.17,52096.17,3197
2026-07-24T15:50:00+00:00,52096.17,52125.17,52080.17,52097.17,2951
2026-07-24T15:55:00+00:00,52097.17,52112.17,52086.17,52111.17,2725
2026-07-24T16:00:00+00:00,52111.17,52115.17,52085.17,52104.67,2776
2026-07-24T16:05:00+00:00,52104.67,52114.67,52080.67,52092.17,2473
2026-07-24T16:10:00+00:00,52092.17,52114.17,52079.17,52101.17,2486
2026-07-24T16:15:00+00:00,52101.17,52140.17,52092.17,52134.17,2007
2026-07-24T16:20:00+00:00,52134.17,52148.67,52130.17,52136.17,1740
2026-07-24T16:25:00+00:00,52136.17,52153.17,52130.17,52133.17,2090
2026-07-24T16:30:00+00:00,52133.17,52136.17,52088.17,52091.17,2937
2026-07-24T16:35:00+00:00,52091.17,52103.67,52075.17,52077.17,2377
2026-07-24T16:40:00+00:00,52077.17,52077.17,52037.17,52039.67,3062
2026-07-24T16:45:00+00:00,52039.67,52049.17,52000.17,52014.17,3435
2026-07-24T16:50:00+00:00,52014.17,52020.17,51981.17,51993.17,3412
2026-07-24T16:55:00+00:00,51993.17,52048.17,51984.17,52024.17,2855
2026-07-24T17:00:00+00:00,52024.17,52030.17,51996.17,52003.17,2939
2026-07-24T17:05:00+00:00,52003.17,52018.17,51947.67,51954.67,4535
2026-07-24T17:10:00+00:00,51954.67,52005.17,51944.17,51997.17,3355
2026-07-24T17:15:00+00:00,51997.17,52024.17,51981.17,52021.17,3104
2026-07-24T17:20:00+00:00,52021.17,52027.17,51985.67,52007.17,2990
2026-07-24T17:25:00+00:00,52007.17,52049.17,51993.17,52047.17,2507
2026-07-24T17:30:00+00:00,52047.17,52057.67,52024.17,52056.17,2361
2026-07-24T17:35:00+00:00,52056.17,52061.17,52028.17,52035.17,2244
2026-07-24T17:40:00+00:00,52035.17,52038.17,52013.17,52015.67,2448
2026-07-24T17:45:00+00:00,52015.67,52027.17,52002.17,52016.17,2132
2026-07-24T17:50:00+00:00,52016.17,52025.17,51995.17,52013.17,2193
2026-07-24T17:55:00+00:00,52013.17,52030.17,52008.67,52008.67,1825
2026-07-24T18:00:00+00:00,52008.67,52020.17,51994.67,52009.17,1988
2026-07-24T18:05:00+00:00,52009.17,52039.17,52001.17,52032.17,1945
2026-07-24T18:10:00+00:00,52032.17,52035.67,52006.17,52006.17,1800
2026-07-24T18:15:00+00:00,52006.17,52014.17,51982.17,51985.17,2174
2026-07-24T18:20:00+00:00,51985.17,51985.17,51962.17,51979.17,2642
2026-07-24T18:25:00+00:00,51979.17,51983.17,51929.67,51931.17,2880
2026-07-24T18:30:00+00:00,51931.17,51936.17,51866.67,51871.17,4135
2026-07-24T18:35:00+00:00,51871.17,51909.17,51853.17,51898.67,4375
2026-07-24T18:40:00+00:00,51898.67,51898.67,51859.17,51883.17,3680
2026-07-24T18:45:00+00:00,51883.17,51924.17,51881.17,51901.17,3230
2026-07-24T18:50:00+00:00,51901.17,51916.17,51890.17,51905.17,2552
2026-07-24T18:55:00+00:00,51905.17,51933.17,51901.67,51920.17,2627
2026-07-24T19:00:00+00:00,51920.17,51940.17,51904.17,51919.17,3249
2026-07-24T19:05:00+00:00,51919.17,51935.17,51904.17,51907.17,2997
2026-07-24T19:10:00+00:00,51907.17,51943.17,51899.17,51910.17,2900
2026-07-24T19:15:00+00:00,51910.17,51927.67,51899.17,51927.67,2804
2026-07-24T19:20:00+00:00,51927.67,51935.17,51880.17,51888.17,2956
2026-07-24T19:25:00+00:00,51888.17,51911.17,51880.17,51899.17,2780
2026-07-24T19:30:00+00:00,51899.17,51940.67,51899.17,51917.17,3624
2026-07-24T19:35:00+00:00,51917.17,51968.17,51914.67,51941.17,4078
2026-07-24T19:40:00+00:00,51941.17,51955.17,51929.17,51950.17,2541
2026-07-24T19:45:00+00:00,51950.17,51972.17,51931.17,51970.67,2758
2026-07-24T19:50:00+00:00,51970.67,51982.17,51931.67,51976.67,3303
2026-07-24T19:55:00+00:00,51976.67,51976.67,51933.17,51968.17,3557
2026-07-24T20:00:00+00:00,51968.17,51982.32,51944.32,51948.82,2156
2026-07-24T20:05:00+00:00,51948.82,51948.82,51929.32,51940.82,1109
2026-07-24T20:10:00+00:00,51940.82,51952.32,51930.32,51937.32,960
2026-07-24T20:15:00+00:00,51937.32,51952.82,51936.43,51936.43,947
2026-07-24T20:20:00+00:00,51936.43,51955.93,51934.43,51934.93,532
2026-07-24T20:25:00+00:00,51934.93,51939.93,51912.93,51914.93,679
2026-07-24T20:30:00+00:00,51914.93,51918.93,51890.43,51896.43,1112
2026-07-24T20:35:00+00:00,51896.43,51910.93,51896.43,51906.93,880
2026-07-24T20:40:00+00:00,51906.93,51918.18,51902.93,51917.68,376
2026-07-26T22:00:00+00:00,51917.68,52309.41,51917.68,52232.91,701
2026-07-26T22:05:00+00:00,52232.91,52260.91,52207.16,52222.41,231
2026-07-26T22:10:00+00:00,52222.41,52222.91,52197.16,52210.91,240
2026-07-26T22:15:00+00:00,52210.91,52216.91,52192.91,52209.41,495
2026-07-26T22:20:00+00:00,52209.41,52215.41,52197.91,52207.91,501
2026-07-26T22:25:00+00:00,52207.91,52213.41,52197.91,52204.91,572
2026-07-26T22:30:00+00:00,52204.91,52209.91,52191.41,52208.41,730
2026-07-26T22:35:00+00:00,52208.41,52218.41,52204.91,52205.91,455
2026-07-26T22:40:00+00:00,52205.91,52205.91,52191.41,52196.91,305
2026-07-26T22:45:00+00:00,52196.91,52197.91,52180.16,52189.91,508
2026-07-26T22:50:00+00:00,52189.91,52199.91,52180.16,52187.41,340
2026-07-26T22:55:00+00:00,52187.41,52194.41,52169.16,52179.91,369
2026-07-26T23:00:00+00:00,52179.91,52195.41,52179.91,52191.91,407
2026-07-26T23:05:00+00:00,52191.91,52207.41,52187.91,52207.41,474
2026-07-26T23:10:00+00:00,52207.41,52216.41,52206.41,52214.91,197
2026-07-26T23:15:00+00:00,52214.91,52235.41,52214.91,52229.41,395
2026-07-26T23:20:00+00:00,52229.41,52229.41,52212.41,52215.41,193
2026-07-26T23:25:00+00:00,52215.41,52225.91,52215.41,52221.41,177
2026-07-26T23:30:00+00:00,52221.41,52249.91,52219.91,52247.41,366
2026-07-26T23:35:00+00:00,52247.41,52258.91,52246.41,52248.91,187
2026-07-26T23:40:00+00:00,52248.91,52269.91,52248.91,52265.41,367
2026-07-26T23:45:00+00:00,52265.41,52291.41,52252.91,52289.41,988
2026-07-26T23:50:00+00:00,52289.41,52293.41,52280.41,52283.41,641
2026-07-26T23:55:00+00:00,52283.41,52296.41,52270.91,52288.41,731
2026-07-27T00:00:00+00:00,52288.41,52315.91,52262.41,52264.91,1824
2026-07-27T00:05:00+00:00,52264.91,52289.41,52260.91,52283.91,1210
2026-07-27T00:10:00+00:00,52283.91,52313.41,52276.91,52304.41,1269
2026-07-27T00:15:00+00:00,52304.41,52317.91,52248.91,52255.91,1720
2026-07-27T00:20:00+00:00,52255.91,52257.41,52235.91,52255.91,1572
2026-07-27T00:25:00+00:00,52255.91,52267.41,52240.41,52253.91,1348
2026-07-27T00:30:00+00:00,52253.91,52264.41,52241.91,52248.41,1279
2026-07-27T00:35:00+00:00,52248.41,52252.41,52222.91,52223.41,832
2026-07-27T00:40:00+00:00,52223.41,52230.91,52215.91,52223.91,817
2026-07-27T00:45:00+00:00,52223.91,52226.41,52210.91,52213.41,710
2026-07-27T00:50:00+00:00,52213.41,52232.41,52207.41,52220.41,791
2026-07-27T00:55:00+00:00,52220.41,52220.41,52204.41,52206.41,804
2026-07-27T01:00:00+00:00,52206.41,52229.91,52196.91,52197.91,1187
2026-07-27T01:05:00+00:00,52197.91,52214.91,52195.91,52209.91,858
2026-07-27T01:10:00+00:00,52209.91,52212.91,52194.41,52203.91,473
2026-07-27T01:15:00+00:00,52203.91,52214.91,52194.41,52195.91,714
2026-07-27T01:20:00+00:00,52195.91,52195.91,52174.91,52193.91,678
2026-07-27T01:25:00+00:00,52193.91,52201.41,52181.91,52199.91,611
2026-07-27T01:30:00+00:00,52199.91,52227.91,52199.91,52217.41,1025
2026-07-27T01:35:00+00:00,52217.41,52232.91,52206.91,52228.91,1019
2026-07-27T01:40:00+00:00,52228.91,52245.41,52226.91,52231.41,1033
2026-07-27T01:45:00+00:00,52231.41,52246.41,52225.91,52239.41,925
2026-07-27T01:50:00+00:00,52239.41,52242.41,52217.91,52231.41,909
2026-07-27T01:55:00+00:00,52231.41,52247.41,52229.41,52245.91,663
2026-07-27T02:00:00+00:00,52245.91,52257.91,52240.91,52242.91,796
2026-07-27T02:05:00+00:00,52242.91,52253.91,52233.91,52253.41,754
2026-07-27T02:10:00+00:00,52253.41,52255.41,52241.91,52248.41,675
2026-07-27T02:15:00+00:00,52248.41,52260.41,52245.91,52254.41,685
2026-07-27T02:20:00+00:00,52254.41,52254.91,52237.91,52245.91,630
2026-07-27T02:25:00+00:00,52245.91,52255.41,52239.91,52242.41,367
2026-07-27T02:30:00+00:00,52242.41,52243.91,52221.91,52228.41,494
2026-07-27T02:35:00+00:00,52228.41,52251.91,52227.41,52246.41,519
2026-07-27T02:40:00+00:00,52246.41,52248.91,52241.41,52245.41,360
2026-07-27T02:45:00+00:00,52245.41,52249.91,52235.91,52238.91,376
2026-07-27T02:50:00+00:00,52238.91,52244.91,52234.41,52242.41,287
2026-07-27T02:55:00+00:00,52242.41,52245.91,52237.91,52241.91,390
2026-07-27T03:00:00+00:00,52241.91,52262.91,52240.91,52249.41,445
2026-07-27T03:05:00+00:00,52249.41,52259.41,52249.41,52254.91,326
2026-07-27T03:10:00+00:00,52254.91,52265.41,52251.91,52263.91,345
2026-07-27T03:15:00+00:00,52263.91,52269.91,52262.41,52269.91,300
2026-07-27T03:20:00+00:00,52269.91,52272.41,52265.41,52266.91,271
2026-07-27T03:25:00+00:00,52266.91,52269.91,52260.41,52263.91,211
2026-07-27T03:30:00+00:00,52263.91,52264.91,52250.91,52261.41,384
2026-07-27T03:35:00+00:00,52261.41,52261.41,52254.91,52255.41,301
2026-07-27T03:40:00+00:00,52255.41,52269.91,52252.41,52260.91,364
2026-07-27T03:45:00+00:00,52260.91,52264.91,52252.41,52254.41,345
2026-07-27T03:50:00+00:00,52254.41,52259.91,52251.91,52258.41,330
2026-07-27T03:55:00+00:00,52258.41,52265.91,52251.41,52260.41,425
2026-07-27T04:00:00+00:00,52260.41,52272.41,52260.41,52266.41,517
2026-07-27T04:05:00+00:00,52266.41,52272.41,52257.91,52266.41,408
2026-07-27T04:10:00+00:00,52266.41,52273.91,52261.91,52273.41,380
2026-07-27T04:15:00+00:00,52273.41,52279.91,52266.41,52275.91,450
2026-07-27T04:20:00+00:00,52275.91,52279.41,52270.41,52271.41,334
2026-07-27T04:25:00+00:00,52271.41,52275.91,52260.91,52271.91,414
2026-07-27T04:30:00+00:00,52271.91,52282.91,52265.91,52281.91,370
2026-07-27T04:35:00+00:00,52281.91,52295.41,52279.91,52290.91,325
2026-07-27T04:40:00+00:00,52290.91,52305.91,52290.41,52303.91,307
2026-07-27T04:45:00+00:00,52303.91,52304.41,52297.91,52299.41,263
2026-07-27T04:50:00+00:00,52299.41,52310.91,52297.41,52310.91,225
2026-07-27T04:55:00+00:00,52310.91,52312.91,52300.41,52301.41,277
2026-07-27T05:00:00+00:00,52301.41,52308.91,52297.91,52305.41,449
2026-07-27T05:05:00+00:00,52305.41,52313.41,52302.41,52310.91,318
2026-07-27T05:10:00+00:00,52310.91,52329.91,52310.91,52324.91,351
2026-07-27T05:15:00+00:00,52324.91,52327.91,52317.91,52321.91,333
2026-07-27T05:20:00+00:00,52321.91,52329.91,52318.91,52324.91,267
2026-07-27T05:25:00+00:00,52324.91,52328.91,52322.91,52328.91,241
2026-07-27T05:30:00+00:00,52328.91,52339.91,52323.41,52334.41,411
2026-07-27T05:35:00+00:00,52334.41,52354.91,52330.91,52352.41,362
2026-07-27T05:40:00+00:00,52352.41,52355.41,52337.91,52351.41,482
2026-07-27T05:45:00+00:00,52351.41,52365.91,52350.41,52364.41,528
2026-07-27T05:50:00+00:00,52364.41,52368.41,52357.91,52366.91,258
2026-07-27T05:55:00+00:00,52366.91,52367.41,52352.91,52357.41,263
2026-07-27T06:00:00+00:00,52357.41,52387.41,52357.41,52374.91,834
2026-07-27T06:05:00+00:00,52374.91,52387.91,52368.91,52384.41,561
2026-07-27T06:10:00+00:00,52384.41,52392.91,52364.91,52370.41,584
2026-07-27T06:15:00+00:00,52370.41,52386.41,52365.41,52381.41,474
2026-07-27T06:20:00+00:00,52381.41,52382.91,52354.91,52358.91,583
2026-07-27T06:25:00+00:00,52358.91,52366.41,52357.91,52366.41,577
2026-07-27T06:30:00+00:00,52366.41,52388.91,52365.41,52384.41,705
2026-07-27T06:35:00+00:00,52384.41,52394.91,52383.41,52384.91,434
2026-07-27T06:40:00+00:00,52384.91,52384.91,52364.91,52372.41,548
2026-07-27T06:45:00+00:00,52372.41,52377.41,52359.41,52376.41,596
2026-07-27T06:50:00+00:00,52376.41,52378.41,52354.91,52360.41,769
2026-07-27T06:55:00+00:00,52360.41,52381.41,52357.41,52369.41,686
2026-07-27T07:00:00+00:00,52369.41,52407.91,52358.41,52407.41,1446
2026-07-27T07:05:00+00:00,52407.41,52410.91,52386.91,52399.91,1064
2026-07-27T07:10:00+00:00,52399.91,52420.41,52384.91,52418.91,1005
2026-07-27T07:15:00+00:00,52418.91,52435.41,52402.91,52433.91,1057
2026-07-27T07:20:00+00:00,52433.91,52435.91,52417.91,52421.41,829
2026-07-27T07:25:00+00:00,52421.41,52425.41,52396.41,52396.91,817
2026-07-27T07:30:00+00:00,52396.91,52408.91,52376.91,52408.91,856
2026-07-27T07:35:00+00:00,52408.91,52416.41,52383.91,52388.91,738
2026-07-27T07:40:00+00:00,52388.91,52403.41,52380.91,52399.41,621
2026-07-27T07:45:00+00:00,52399.41,52406.41,52383.91,52405.91,979
2026-07-27T07:50:00+00:00,52405.91,52411.91,52390.41,52400.41,872
2026-07-27T07:55:00+00:00,52400.41,52405.41,52351.41,52352.41,1131
2026-07-27T08:00:00+00:00,52352.41,52367.41,52341.91,52347.41,1816
2026-07-27T08:05:00+00:00,52347.41,52380.41,52343.91,52378.41,1289
2026-07-27T08:10:00+00:00,52378.41,52415.91,52372.41,52415.91,1064
2026-07-27T08:15:00+00:00,52415.91,52418.41,52396.41,52409.41,962
2026-07-27T08:20:00+00:00,52409.41,52420.91,52396.41,52397.41,957
2026-07-27T08:25:00+00:00,52397.41,52424.91,52397.41,52417.91,1061
2026-07-27T08:30:00+00:00,52417.91,52433.91,52406.41,52409.41,911
2026-07-27T08:35:00+00:00,52409.41,52425.91,52403.41,52421.91,804
2026-07-27T08:40:00+00:00,52421.91,52462.41,52419.41,52460.91,1101
2026-07-27T08:45:00+00:00,52460.91,52462.91,52442.91,52447.41,869
2026-07-27T08:50:00+00:00,52447.41,52465.41,52443.41,52458.91,824
2026-07-27T08:55:00+00:00,52458.91,52463.91,52438.41,52462.41,718
2026-07-27T09:00:00+00:00,52462.41,52462.41,52440.41,52445.91,669
2026-07-27T09:05:00+00:00,52445.91,52461.91,52442.91,52451.91,544
2026-07-27T09:10:00+00:00,52451.91,52461.41,52447.91,52449.91,433
2026-07-27T09:15:00+00:00,52449.91,52456.91,52446.41,52448.41,434
2026-07-27T09:20:00+00:00,52448.41,52470.41,52447.41,52469.41,481
2026-07-27T09:25:00+00:00,52469.41,52485.41,52464.91,52467.41,933
2026-07-27T09:30:00+00:00,52467.41,52480.41,52461.41,52475.91,678
2026-07-27T09:35:00+00:00,52475.91,52490.91,52467.91,52487.41,691
2026-07-27T09:40:00+00:00,52487.41,52495.41,52475.91,52492.41,600
2026-07-27T09:45:00+00:00,52492.41,52513.91,52486.91,52503.91,706
2026-07-27T09:50:00+00:00,52503.91,52513.91,52499.41,52507.91,689
2026-07-27T09:55:00+00:00,52507.91,52513.41,52496.91,52506.41,611
2026-07-27T10:00:00+00:00,52506.41,52515.91,52498.41,52507.41,564
2026-07-27T10:05:00+00:00,52507.41,52514.41,52491.41,52491.91,522
2026-07-27T10:10:00+00:00,52491.91,52506.91,52470.91,52501.41,1075
2026-07-27T10:15:00+00:00,52501.41,52520.91,52501.41,52517.91,690
2026-07-27T10:20:00+00:00,52517.91,52519.91,52497.91,52498.91,432
2026-07-27T10:25:00+00:00,52498.91,52506.91,52490.91,52504.41,398
2026-07-27T10:30:00+00:00,52504.41,52504.91,52497.41,52502.91,360
2026-07-27T10:35:00+00:00,52502.91,52509.41,52489.41,52508.41,352
2026-07-27T10:40:00+00:00,52508.41,52518.91,52500.41,52516.41,337
2026-07-27T10:45:00+00:00,52516.41,52522.91,52509.91,52522.91,408
2026-07-27T10:50:00+00:00,52522.91,52541.91,52518.91,52536.91,343
2026-07-27T10:55:00+00:00,52536.91,52552.41,52532.91,52536.41,550
2026-07-27T11:00:00+00:00,52536.41,52554.91,52523.41,52528.91,869
2026-07-27T11:05:00+00:00,52528.91,52546.91,52518.91,52545.91,643
2026-07-27T11:10:00+00:00,52545.91,52549.91,52526.91,52538.41,571
2026-07-27T11:15:00+00:00,52538.41,52552.41,52532.41,52532.41,582
2026-07-27T11:20:00+00:00,52532.41,52547.91,52528.91,52539.41,486
2026-07-27T11:25:00+00:00,52539.41,52547.91,52494.41,52494.41,786
2026-07-27T11:30:00+00:00,52494.41,52537.41,52492.41,52524.41,1809
2026-07-27T11:35:00+00:00,52524.41,52550.91,52524.41,52539.91,742
2026-07-27T11:40:00+00:00,52539.91,52541.41,52501.41,52522.91,1338
2026-07-27T11:45:00+00:00,52522.91,52543.41,52522.41,52523.41,983
2026-07-27T11:50:00+00:00,52523.41,52540.91,52523.41,52537.91,689
2026-07-27T11:55:00+00:00,52537.91,52547.91,52530.41,52535.41,882
2026-07-27T12:00:00+00:00,52535.41,52545.41,52528.91,52539.91,944
2026-07-27T12:05:00+00:00,52539.91,52568.91,52527.91,52555.41,1021
2026-07-27T12:10:00+00:00,52555.41,52557.41,52486.91,52488.91,2148
2026-07-27T12:15:00+00:00,52488.91,52512.91,52488.41,52500.91,1176
2026-07-27T12:20:00+00:00,52500.91,52540.41,52499.41,52535.91,1235
2026-07-27T12:25:00+00:00,52535.91,52554.41,52532.41,52532.41,817
2026-07-27T12:30:00+00:00,52532.41,52547.91,52511.41,52545.41,1247
2026-07-27T12:35:00+00:00,52545.41,52552.41,52527.41,52540.91,1119
2026-07-27T12:40:00+00:00,52540.91,52546.41,52527.41,52545.41,972
2026-07-27T12:45:00+00:00,52545.41,52577.41,52542.41,52568.41,1144
2026-07-27T12:50:00+00:00,52568.41,52580.41,52550.41,52568.41,1550
2026-07-27T12:55:00+00:00,52568.41,52585.41,52564.41,52581.91,1043
2026-07-27T13:00:00+00:00,52581.91,52593.41,52571.41,52581.91,1802
2026-07-27T13:05:00+00:00,52581.91,52582.41,52559.41,52580.41,1338
2026-07-27T13:10:00+00:00,52580.41,52609.41,52575.41,52587.41,1046
2026-07-27T13:15:00+00:00,52587.41,52593.91,52542.41,52552.41,1315
2026-07-27T13:20:00+00:00,52552.41,52586.41,52550.41,52568.41,805
2026-07-27T13:25:00+00:00,52568.41,52620.41,52564.91,52565.41,1830
2026-07-27T13:30:00+00:00,52565.41,52616.76,52486.76,52564.76,10424
2026-07-27T13:35:00+00:00,52564.76,52627.26,52546.26,52567.26,9173
2026-07-27T13:40:00+00:00,52567.26,52607.26,52507.26,52510.26,7730
2026-07-27T13:45:00+00:00,52510.26,52554.26,52490.76,52525.76,7732
2026-07-27T13:50:00+00:00,52525.76,52534.26,52491.26,52495.26,6569
2026-07-27T13:55:00+00:00,52495.26,52496.26,52416.26,52416.26,7152
2026-07-27T14:00:00+00:00,52416.26,52490.26,52378.76,52446.26,8219
2026-07-27T14:05:00+00:00,52446.26,52470.26,52386.26,52407.26,7149
2026-07-27T14:10:00+00:00,52407.26,52417.76,52369.26,52411.26,6673
2026-07-27T14:15:00+00:00,52411.26,52433.26,52356.76,52392.26,5831
2026-07-27T14:20:00+00:00,52392.26,52392.26,52319.26,52333.26,6140
2026-07-27T14:25:00+00:00,52333.26,52338.76,52257.26,52258.76,5911
2026-07-27T14:30:00+00:00,52258.76,52271.26,52213.26,52221.26,7769
2026-07-27T14:35:00+00:00,52221.26,52237.26,52171.76,52222.26,8287
2026-07-27T14:40:00+00:00,52222.26,52226.26,52133.26,52162.26,7984
2026-07-27T14:45:00+00:00,52162.26,52194.26,52131.26,52162.76,7475
2026-07-27T14:50:00+00:00,52162.76,52187.26,52135.26,52186.26,6141
2026-07-27T14:55:00+00:00,52186.26,52256.26,52173.26,52250.76,5432
2026-07-27T15:00:00+00:00,52250.76,52272.26,52218.26,52244.26,5391
2026-07-27T15:05:00+00:00,52244.26,52284.76,52214.26,52215.76,4460
2026-07-27T15:10:00+00:00,52215.76,52294.26,52207.26,52263.26,5228
2026-07-27T15:15:00+00:00,52263.26,52266.26,52173.26,52206.76,5987
2026-07-27T15:20:00+00:00,52206.76,52218.26,52155.26,52160.26,6647
2026-07-27T15:25:00+00:00,52160.26,52190.26,52147.76,52184.76,4700
2026-07-27T15:30:00+00:00,52184.76,52184.76,52105.26,52105.26,4389
2026-07-27T15:35:00+00:00,52105.26,52108.26,52023.76,52068.76,5767
2026-07-27T15:40:00+00:00,52068.76,52108.26,52049.26,52104.26,4882
2026-07-27T15:45:00+00:00,52104.26,52109.26,52040.26,52059.26,4704
2026-07-27T15:50:00+00:00,52059.26,52085.26,52053.26,52069.26,4401
2026-07-27T15:55:00+00:00,52069.26,52075.26,52033.26,52060.26,4644
2026-07-27T16:00:00+00:00,52060.26,52079.26,52042.26,52078.26,4524
2026-07-27T16:05:00+00:00,52078.26,52121.26,52066.26,52121.26,4068
2026-07-27T16:10:00+00:00,52121.26,52134.26,52067.26,52079.26,4427
2026-07-27T16:15:00+00:00,52079.26,52081.26,52034.26,52063.26,4608
2026-07-27T16:20:00+00:00,52063.26,52112.26,52055.26,52102.76,4378
2026-07-27T16:25:00+00:00,52102.76,52217.76,52097.26,52163.76,8297
2026-07-27T16:30:00+00:00,52163.76,52211.26,52158.26,52209.26,4860
2026-07-27T16:35:00+00:00,52209.26,52230.26,52171.26,52179.26,4229
2026-07-27T16:40:00+00:00,52179.26,52188.76,52132.26,52146.26,3784
2026-07-27T16:45:00+00:00,52146.26,52181.26,52128.76,52128.76,3353
2026-07-27T16:50:00+00:00,52128.76,52129.26,52076.26,52091.26,3929
2026-07-27T16:55:00+00:00,52091.26,52096.26,52061.26,52084.76,3758
2026-07-27T17:00:00+00:00,52084.76,52086.26,52028.26,52043.26,3640
2026-07-27T17:05:00+00:00,52043.26,52065.26,52036.76,52048.26,3668
2026-07-27T17:10:00+00:00,52048.26,52068.26,52041.26,52053.26,3158
2026-07-27T17:15:00+00:00,52053.26,52062.76,52010.26,52033.26,3026
2026-07-27T17:20:00+00:00,52033.26,52071.26,52024.76,52059.26,3365
2026-07-27T17:25:00+00:00,52059.26,52069.76,52032.26,52032.26,2630
2026-07-27T17:30:00+00:00,52032.26,52089.26,52030.26,52087.26,2836
2026-07-27T17:35:00+00:00,52087.26,52097.26,52054.26,52069.26,2970
2026-07-27T17:40:00+00:00,52069.26,52087.26,52060.26,52087.26,2616
2026-07-27T17:45:00+00:00,52087.26,52099.26,52072.76,52077.26,2441
2026-07-27T17:50:00+00:00,52077.26,52119.26,52074.26,52112.26,2695
2026-07-27T17:55:00+00:00,52112.26,52132.76,52104.26,52126.26,3114
2026-07-27T18:00:00+00:00,52126.26,52134.26,52102.26,52118.26,3525
2026-07-27T18:05:00+00:00,52118.26,52143.26,52116.26,52120.26,2606
2026-07-27T18:10:00+00:00,52120.26,52130.26,52113.26,52121.26,2686
2026-07-27T18:15:00+00:00,52121.26,52123.76,52084.26,52095.26,3087
2026-07-27T18:20:00+00:00,52095.26,52128.26,52088.26,52121.26,2395
2026-07-27T18:25:00+00:00,52121.26,52139.26,52114.26,52133.26,2543
2026-07-27T18:30:00+00:00,52133.26,52134.26,52092.26,52094.26,2442
2026-07-27T18:35:00+00:00,52094.26,52101.26,52082.26,52086.26,2556
2026-07-27T18:40:00+00:00,52086.26,52126.26,52078.26,52107.26,3784
2026-07-27T18:45:00+00:00,52107.26,52116.26,52087.26,52090.26,2477
2026-07-27T18:50:00+00:00,52090.26,52168.26,52090.26,52156.26,3212
2026-07-27T18:55:00+00:00,52156.26,52205.26,52156.26,52200.76,4533
2026-07-27T19:00:00+00:00,52200.76,52211.26,52155.26,52157.26,3287
2026-07-27T19:05:00+00:00,52157.26,52214.26,52152.26,52208.26,2795
2026-07-27T19:10:00+00:00,52208.26,52221.26,52180.26,52200.26,2254
2026-07-27T19:15:00+00:00,52200.26,52224.26,52195.26,52224.26,1826
2026-07-27T19:20:00+00:00,52224.26,52239.26,52214.26,52220.26,1914
2026-07-27T19:25:00+00:00,52220.26,52223.26,52198.26,52219.26,1717
2026-07-27T19:30:00+00:00,52219.26,52243.26,52209.26,52228.26,2178
2026-07-27T19:35:00+00:00,52228.26,52239.26,52215.26,52222.26,2320
2026-07-27T19:40:00+00:00,52222.26,52241.26,52217.76,52231.26,2017
2026-07-27T19:45:00+00:00,52231.26,52238.26,52206.76,52226.76,2646
2026-07-27T19:50:00+00:00,52226.76,52230.76,52196.26,52201.26,2635
2026-07-27T19:55:00+00:00,52201.26,52231.26,52183.76,52218.76,3121
2026-07-27T20:00:00+00:00,52218.76,52240.91,52214.41,52222.91,1398
2026-07-27T20:05:00+00:00,52222.91,52222.91,52190.41,52216.91,593
2026-07-27T20:10:00+00:00,52216.91,52216.91,52195.41,52207.91,778
2026-07-27T20:15:00+00:00,52207.91,52224.41,52206.41,52218.41,481
2026-07-27T20:20:00+00:00,52218.41,52220.91,52206.41,52212.91,242
2026-07-27T20:25:00+00:00,52212.91,52219.91,52212.91,52219.41,266
2026-07-27T20:30:00+00:00,52219.41,52241.91,52213.91,52240.41,379
2026-07-27T20:35:00+00:00,52240.41,52266.41,52238.41,52247.41,621
2026-07-27T20:40:00+00:00,52247.41,52247.41,52235.91,52244.41,226
2026-07-27T20:45:00+00:00,52244.41,52248.41,52240.41,52241.41,247
2026-07-27T20:50:00+00:00,52241.41,52255.91,52240.41,52248.91,331
2026-07-27T20:55:00+00:00,52248.91,52268.66,52244.41,52268.66,358
2026-07-27T22:00:00+00:00,52268.66,52278.57000000001,52259.57000000001,52261.57000000001,954
2026-07-27T22:05:00+00:00,52261.57000000001,52269.57000000001,52255.57000000001,52263.57000000001,530
2026-07-27T22:10:00+00:00,52263.57000000001,52263.57000000001,52252.07000000001,52255.57000000001,163
2026-07-27T22:15:00+00:00,52255.57000000001,52262.57000000001,52250.07000000001,52259.07000000001,252
2026-07-27T22:20:00+00:00,52259.07000000001,52263.07000000001,52254.57000000001,52256.07000000001,282
2026-07-27T22:25:00+00:00,52256.07000000001,52259.07000000001,52246.57000000001,52252.57000000001,331
2026-07-27T22:30:00+00:00,52252.57000000001,52283.07000000001,52250.07000000001,52266.57000000001,422
2026-07-27T22:35:00+00:00,52266.57000000001,52273.07000000001,52259.57000000001,52263.57000000001,224
2026-07-27T22:40:00+00:00,52263.57000000001,52263.57000000001,52253.57000000001,52255.07000000001,219
2026-07-27T22:45:00+00:00,52255.07000000001,52258.57000000001,52242.57000000001,52244.57000000001,261
2026-07-27T22:50:00+00:00,52244.57000000001,52252.07000000001,52242.57000000001,52243.57000000001,165
2026-07-27T22:55:00+00:00,52243.57000000001,52246.57000000001,52240.07000000001,52243.07000000001,130
2026-07-27T23:00:00+00:00,52243.07000000001,52243.07000000001,52217.07000000001,52226.57000000001,374
2026-07-27T23:05:00+00:00,52226.57000000001,52248.57000000001,52225.57000000001,52241.57000000001,339
2026-07-27T23:10:00+00:00,52241.57000000001,52243.57000000001,52235.07000000001,52236.07000000001,154
2026-07-27T23:15:00+00:00,52236.07000000001,52241.57000000001,52227.07000000001,52240.07000000001,212
2026-07-27T23:20:00+00:00,52240.07000000001,52248.57000000001,52236.07000000001,52245.07000000001,170
2026-07-27T23:25:00+00:00,52245.07000000001,52261.57000000001,52243.57000000001,52261.07000000001,185
2026-07-27T23:30:00+00:00,52261.07000000001,52261.07000000001,52252.57000000001,52257.07000000001,162
2026-07-27T23:35:00+00:00,52257.07000000001,52259.07000000001,52250.07000000001,52252.57000000001,182
2026-07-27T23:40:00+00:00,52252.57000000001,52252.57000000001,52245.07000000001,52249.57000000001,241
2026-07-27T23:45:00+00:00,52249.57000000001,52252.07000000001,52227.57000000001,52230.07000000001,1174
2026-07-27T23:50:00+00:00,52230.07000000001,52259.07000000001,52223.57000000001,52256.57000000001,1342
2026-07-27T23:55:00+00:00,52256.57000000001,52260.57000000001,52244.57000000001,52249.07000000001,723
2026-07-28T00:00:00+00:00,52249.07000000001,52258.57000000001,52228.07000000001,52236.57000000001,2363
2026-07-28T00:05:00+00:00,52236.57000000001,52238.07000000001,52196.07000000001,52210.57000000001,1817
2026-07-28T00:10:00+00:00,52210.57000000001,52210.57000000001,52180.57000000001,52208.57000000001,1547
2026-07-28T00:15:00+00:00,52208.57000000001,52215.07000000001,52184.57000000001,52194.07000000001,1691
2026-07-28T00:20:00+00:00,52194.07000000001,52200.07000000001,52169.57000000001,52180.07000000001,1704
2026-07-28T00:25:00+00:00,52180.07000000001,52187.07000000001,52172.57000000001,52182.57000000001,1444
2026-07-28T00:30:00+00:00,52182.57000000001,52191.57000000001,52151.57000000001,52189.07000000001,1584
2026-07-28T00:35:00+00:00,52189.07000000001,52195.07000000001,52183.07000000001,52190.57000000001,1387
2026-07-28T00:40:00+00:00,52190.57000000001,52205.07000000001,52189.57000000001,52199.57000000001,1101
2026-07-28T00:45:00+00:00,52199.57000000001,52202.07000000001,52182.57000000001,52188.57000000001,1059
2026-07-28T00:50:00+00:00,52188.57000000001,52196.07000000001,52184.57000000001,52188.07000000001,625
2026-07-28T00:55:00+00:00,52188.07000000001,52192.57000000001,52176.07000000001,52182.07000000001,633
2026-07-28T01:00:00+00:00,52182.07000000001,52189.07000000001,52166.07000000001,52166.07000000001,1649
2026-07-28T01:05:00+00:00,52166.07000000001,52170.07000000001,52153.07000000001,52156.07000000001,1155
2026-07-28T01:10:00+00:00,52156.07000000001,52157.57000000001,52135.07000000001,52144.57000000001,1073
2026-07-28T01:15:00+00:00,52144.57000000001,52157.57000000001,52136.57000000001,52156.57000000001,1065
2026-07-28T01:20:00+00:00,52156.57000000001,52170.07000000001,52149.07000000001,52169.57000000001,1093
2026-07-28T01:25:00+00:00,52169.57000000001,52212.07000000001,52165.07000000001,52194.57000000001,988
2026-07-28T01:30:00+00:00,52194.57000000001,52214.57000000001,52187.57000000001,52214.07000000001,1044
2026-07-28T01:35:00+00:00,52214.07000000001,52217.07000000001,52195.57000000001,52201.57000000001,792
2026-07-28T01:40:00+00:00,52201.57000000001,52215.57000000001,52186.07000000001,52214.57000000001,1130
2026-07-28T01:45:00+00:00,52214.57000000001,52233.57000000001,52208.57000000001,52221.57000000001,1111
2026-07-28T01:50:00+00:00,52221.57000000001,52221.57000000001,52187.57000000001,52188.57000000001,1057
2026-07-28T01:55:00+00:00,52188.57000000001,52195.57000000001,52182.07000000001,52194.57000000001,871
2026-07-28T02:00:00+00:00,52194.57000000001,52204.07000000001,52190.57000000001,52201.07000000001,942
2026-07-28T02:05:00+00:00,52201.07000000001,52206.07000000001,52182.57000000001,52183.57000000001,914
2026-07-28T02:10:00+00:00,52183.57000000001,52185.57000000001,52168.07000000001,52172.07000000001,656
2026-07-28T02:15:00+00:00,52172.07000000001,52191.07000000001,52165.57000000001,52190.07000000001,847
2026-07-28T02:20:00+00:00,52190.07000000001,52202.07000000001,52184.07000000001,52193.57000000001,786
2026-07-28T02:25:00+00:00,52193.57000000001,52194.07000000001,52171.07000000001,52178.07000000001,581
2026-07-28T02:30:00+00:00,52178.07000000001,52189.07000000001,52173.57000000001,52184.57000000001,724
2026-07-28T02:35:00+00:00,52184.57000000001,52191.57000000001,52180.07000000001,52182.57000000001,600
2026-07-28T02:40:00+00:00,52182.57000000001,52184.57000000001,52165.07000000001,52171.07000000001,707
2026-07-28T02:45:00+00:00,52171.07000000001,52177.57000000001,52164.57000000001,52174.57000000001,617
2026-07-28T02:50:00+00:00,52174.57000000001,52193.57000000001,52168.07000000001,52182.07000000001,819
2026-07-28T02:55:00+00:00,52182.07000000001,52187.57000000001,52179.07000000001,52181.07000000001,656
2026-07-28T03:00:00+00:00,52181.07000000001,52183.07000000001,52164.07000000001,52173.57000000001,617
2026-07-28T03:05:00+00:00,52173.57000000001,52179.57000000001,52167.57000000001,52174.07000000001,487
2026-07-28T03:10:00+00:00,52174.07000000001,52188.57000000001,52164.57000000001,52185.07000000001,629
2026-07-28T03:15:00+00:00,52185.07000000001,52216.57000000001,52180.07000000001,52216.07000000001,770
2026-07-28T03:20:00+00:00,52216.07000000001,52224.57000000001,52214.07000000001,52217.57000000001,822
2026-07-28T03:25:00+00:00,52217.57000000001,52225.57000000001,52186.07000000001,52191.57000000001,714
2026-07-28T03:30:00+00:00,52191.57000000001,52227.07000000001,52179.07000000001,52223.57000000001,1539
2026-07-28T03:35:00+00:00,52223.57000000001,52236.07000000001,52209.07000000001,52233.07000000001,1294
2026-07-28T03:40:00+00:00,52233.07000000001,52253.57000000001,52226.57000000001,52245.57000000001,1338
2026-07-28T03:45:00+00:00,52245.57000000001,52263.57000000001,52240.57000000001,52260.07000000001,985
2026-07-28T03:50:00+00:00,52260.07000000001,52267.57000000001,52251.07000000001,52259.57000000001,747
2026-07-28T03:55:00+00:00,52259.57000000001,52264.07000000001,52246.57000000001,52259.57000000001,717
2026-07-28T04:00:00+00:00,52259.57000000001,52261.57000000001,52251.57000000001,52255.07000000001,1171
2026-07-28T04:05:00+00:00,52255.07000000001,52258.07000000001,52240.57000000001,52240.57000000001,777
2026-07-28T04:10:00+00:00,52240.57000000001,52244.57000000001,52217.07000000001,52219.57000000001,766
2026-07-28T04:15:00+00:00,52219.57000000001,52239.57000000001,52215.07000000001,52238.57000000001,788
2026-07-28T04:20:00+00:00,52238.57000000001,52242.07000000001,52216.07000000001,52219.07000000001,636
2026-07-28T04:25:00+00:00,52219.07000000001,52226.57000000001,52214.57000000001,52221.57000000001,440
2026-07-28T04:30:00+00:00,52221.57000000001,52224.07000000001,52214.57000000001,52222.57000000001,478
2026-07-28T04:35:00+00:00,52222.57000000001,52225.57000000001,52216.07000000001,52219.57000000001,470
2026-07-28T04:40:00+00:00,52219.57000000001,52230.07000000001,52216.57000000001,52226.07000000001,565
2026-07-28T04:45:00+00:00,52226.07000000001,52241.57000000001,52225.07000000001,52230.07000000001,610
2026-07-28T04:50:00+00:00,52230.07000000001,52230.57000000001,52214.57000000001,52220.07000000001,525
2026-07-28T04:55:00+00:00,52220.07000000001,52226.57000000001,52200.07000000001,52204.57000000001,570
2026-07-28T05:00:00+00:00,52204.57000000001,52238.57000000001,52203.07000000001,52235.57000000001,1168
2026-07-28T05:05:00+00:00,52235.57000000001,52242.57000000001,52226.07000000001,52242.57000000001,867
2026-07-28T05:10:00+00:00,52242.57000000001,52243.57000000001,52230.57000000001,52230.57000000001,666
2026-07-28T05:15:00+00:00,52230.57000000001,52243.07000000001,52223.57000000001,52232.57000000001,464
2026-07-28T05:20:00+00:00,52232.57000000001,52241.57000000001,52229.57000000001,52237.57000000001,459
2026-07-28T05:25:00+00:00,52237.57000000001,52237.57000000001,52223.07000000001,52234.57000000001,597
2026-07-28T05:30:00+00:00,52234.57000000001,52236.57000000001,52201.57000000001,52209.07000000001,985
2026-07-28T05:35:00+00:00,52209.07000000001,52227.57000000001,52202.07000000001,52215.57000000001,939
2026-07-28T05:40:00+00:00,52215.57000000001,52215.57000000001,52200.57000000001,52211.57000000001,687
2026-07-28T05:45:00+00:00,52211.57000000001,52216.57000000001,52205.57000000001,52209.07000000001,617
2026-07-28T05:50:00+00:00,52209.07000000001,52235.57000000001,52204.07000000001,52229.07000000001,679
2026-07-28T05:55:00+00:00,52229.07000000001,52233.07000000001,52213.07000000001,52220.57000000001,687
2026-07-28T06:00:00+00:00,52220.57000000001,52243.57000000001,52216.57000000001,52219.07000000001,1344
2026-07-28T06:05:00+00:00,52219.07000000001,52248.07000000001,52216.57000000001,52240.07000000001,966
2026-07-28T06:10:00+00:00,52240.07000000001,52257.07000000001,52230.57000000001,52255.57000000001,816
2026-07-28T06:15:00+00:00,52255.57000000001,52274.07000000001,52255.07000000001,52265.07000000001,832
2026-07-28T06:20:00+00:00,52265.07000000001,52270.07000000001,52223.07000000001,52243.57000000001,1150
2026-07-28T06:25:00+00:00,52243.57000000001,52249.07000000001,52229.57000000001,52242.07000000001,1193
2026-07-28T06:30:00+00:00,52242.07000000001,52254.57000000001,52233.57000000001,52241.07000000001,1106
2026-07-28T06:35:00+00:00,52241.07000000001,52261.07000000001,52236.07000000001,52251.57000000001,878
2026-07-28T06:40:00+00:00,52251.57000000001,52271.07000000001,52250.07000000001,52267.07000000001,692
2026-07-28T06:45:00+00:00,52267.07000000001,52267.57000000001,52246.57000000001,52252.57000000001,730
2026-07-28T06:50:00+00:00,52252.57000000001,52262.57000000001,52244.57000000001,52262.07000000001,686
2026-07-28T06:55:00+00:00,52262.07000000001,52286.07000000001,52261.07000000001,52275.07000000001,835
2026-07-28T07:00:00+00:00,52275.07000000001,52304.57000000001,52268.57000000001,52278.57000000001,1814
2026-07-28T07:05:00+00:00,52278.57000000001,52323.07000000001,52264.57000000001,52318.07000000001,1384
2026-07-28T07:10:00+00:00,52318.07000000001,52325.07000000001,52303.57000000001,52312.57000000001,1166
2026-07-28T07:15:00+00:00,52312.57000000001,52331.07000000001,52309.07000000001,52320.07000000001,1042
2026-07-28T07:20:00+00:00,52320.07000000001,52334.07000000001,52314.07000000001,52320.57000000001,961
2026-07-28T07:25:00+00:00,52320.57000000001,52339.57000000001,52317.07000000001,52323.07000000001,976
2026-07-28T07:30:00+00:00,52323.07000000001,52323.57000000001,52310.57000000001,52319.07000000001,1106
2026-07-28T07:35:00+00:00,52319.07000000001,52330.57000000001,52303.57000000001,52321.07000000001,1093
2026-07-28T07:40:00+00:00,52321.07000000001,52326.57000000001,52297.57000000001,52301.07000000001,752
2026-07-28T07:45:00+00:00,52301.07000000001,52303.57000000001,52270.57000000001,52280.57000000001,1163
2026-07-28T07:50:00+00:00,52280.57000000001,52313.57000000001,52279.07000000001,52304.57000000001,1534
2026-07-28T07:55:00+00:00,52304.57000000001,52309.57000000001,52279.57000000001,52284.57000000001,1076
2026-07-28T08:00:00+00:00,52284.57000000001,52328.07000000001,52272.57000000001,52308.57000000001,1917
2026-07-28T08:05:00+00:00,52308.57000000001,52316.57000000001,52286.57000000001,52292.07000000001,1338
2026-07-28T08:10:00+00:00,52292.07000000001,52292.57000000001,52256.57000000001,52262.57000000001,1486
2026-07-28T08:15:00+00:00,52262.57000000001,52303.57000000001,52257.57000000001,52294.07000000001,2382
2026-07-28T08:20:00+00:00,52294.07000000001,52341.57000000001,52292.57000000001,52333.57000000001,2041
2026-07-28T08:25:00+00:00,52333.57000000001,52338.07000000001,52314.57000000001,52338.07000000001,1530
2026-07-28T08:30:00+00:00,52338.07000000001,52339.07000000001,52309.57000000001,52331.57000000001,1505
2026-07-28T08:35:00+00:00,52331.57000000001,52338.57000000001,52317.57000000001,52329.57000000001,1079
2026-07-28T08:40:00+00:00,52329.57000000001,52341.57000000001,52320.07000000001,52328.07000000001,1090
2026-07-28T08:45:00+00:00,52328.07000000001,52373.07000000001,52327.07000000001,52358.57000000001,1145
2026-07-28T08:50:00+00:00,52358.57000000001,52382.57000000001,52331.07000000001,52332.57000000001,1046
2026-07-28T08:55:00+00:00,52332.57000000001,52336.07000000001,52319.57000000001,52333.07000000001,678
2026-07-28T09:00:00+00:00,52333.07000000001,52347.57000000001,52324.07000000001,52334.07000000001,924
2026-07-28T09:05:00+00:00,52334.07000000001,52345.07000000001,52325.57000000001,52344.57000000001,796
2026-07-28T09:10:00+00:00,52344.57000000001,52366.57000000001,52341.57000000001,52345.57000000001,966
2026-07-28T09:15:00+00:00,52345.57000000001,52367.57000000001,52345.57000000001,52361.57000000001,875
2026-07-28T09:20:00+00:00,52361.57000000001,52367.57000000001,52357.07000000001,52365.57000000001,661
2026-07-28T09:25:00+00:00,52365.57000000001,52376.57000000001,52361.57000000001,52375.07000000001,659
2026-07-28T09:30:00+00:00,52375.07000000001,52389.57000000001,52363.57000000001,52389.57000000001,916
2026-07-28T09:35:00+00:00,52389.57000000001,52392.07000000001,52376.57000000001,52391.07000000001,768
2026-07-28T09:40:00+00:00,52391.07000000001,52399.57000000001,52384.07000000001,52386.57000000001,609
2026-07-28T09:45:00+00:00,52386.57000000001,52405.57000000001,52385.57000000001,52405.57000000001,540
2026-07-28T09:50:00+00:00,52405.57000000001,52415.07000000001,52385.07000000001,52385.07000000001,570
2026-07-28T09:55:00+00:00,52385.07000000001,52393.07000000001,52366.57000000001,52369.07000000001,659
2026-07-28T10:00:00+00:00,52369.07000000001,52378.07000000001,52358.57000000001,52371.07000000001,900
2026-07-28T10:05:00+00:00,52371.07000000001,52376.57000000001,52351.07000000001,52358.07000000001,704
2026-07-28T10:10:00+00:00,52358.07000000001,52375.57000000001,52351.57000000001,52363.57000000001,843
2026-07-28T10:15:00+00:00,52363.57000000001,52378.57000000001,52354.57000000001,52367.07000000001,687
2026-07-28T10:20:00+00:00,52367.07000000001,52369.57000000001,52349.57000000001,52362.07000000001,739
2026-07-28T10:25:00+00:00,52362.07000000001,52368.07000000001,52342.07000000001,52367.57000000001,758
2026-07-28T10:30:00+00:00,52367.57000000001,52380.07000000001,52355.57000000001,52364.57000000001,1214
2026-07-28T10:35:00+00:00,52364.57000000001,52365.57000000001,52327.57000000001,52342.07000000001,1693
2026-07-28T10:40:00+00:00,52342.07000000001,52351.57000000001,52332.07000000001,52348.07000000001,1204
2026-07-28T10:45:00+00:00,52348.07000000001,52375.57000000001,52337.57000000001,52364.57000000001,952
2026-07-28T10:50:00+00:00,52364.57000000001,52377.57000000001,52357.07000000001,52371.57000000001,790
2026-07-28T10:55:00+00:00,52371.57000000001,52414.57000000001,52365.57000000001,52411.57000000001,1095
2026-07-28T11:00:00+00:00,52411.57000000001,52533.07000000001,52399.07000000001,52523.57000000001,2953
2026-07-28T11:05:00+00:00,52523.57000000001,52529.07000000001,52492.57000000001,52519.57000000001,2296
2026-07-28T11:10:00+00:00,52519.57000000001,52519.57000000001,52477.57000000001,52497.57000000001,1458
2026-07-28T11:15:00+00:00,52497.57000000001,52617.07000000001,52493.07000000001,52590.57000000001,3520
2026-07-28T11:20:00+00:00,52590.57000000001,52592.57000000001,52563.57000000001,52563.57000000001,1321
2026-07-28T11:25:00+00:00,52563.57000000001,52573.57000000001,52543.57000000001,52557.57000000001,1289
2026-07-28T11:30:00+00:00,52557.57000000001,52576.57000000001,52503.57000000001,52568.57000000001,2277
2026-07-28T11:35:00+00:00,52568.57000000001,52619.57000000001,52543.07000000001,52544.57000000001,2367
2026-07-28T11:40:00+00:00,52544.57000000001,52552.57000000001,52511.57000000001,52547.57000000001,1824
2026-07-28T11:45:00+00:00,52547.57000000001,52593.07000000001,52543.57000000001,52566.07000000001,1628
2026-07-28T11:50:00+00:00,52566.07000000001,52573.07000000001,52554.07000000001,52562.07000000001,1053
2026-07-28T11:55:00+00:00,52562.07000000001,52619.57000000001,52559.07000000001,52615.07000000001,1303
2026-07-28T12:00:00+00:00,52615.07000000001,52634.57000000001,52605.07000000001,52634.07000000001,1537
2026-07-28T12:05:00+00:00,52634.07000000001,52647.57000000001,52625.07000000001,52645.57000000001,1234
2026-07-28T12:10:00+00:00,52645.57000000001,52648.07000000001,52622.07000000001,52633.07000000001,1072
2026-07-28T12:15:00+00:00,52633.07000000001,52635.07000000001,52611.57000000001,52631.57000000001,1117
2026-07-28T12:20:00+00:00,52631.57000000001,52676.57000000001,52622.07000000001,52667.07000000001,1552
2026-07-28T12:25:00+00:00,52667.07000000001,52692.57000000001,52666.57000000001,52692.57000000001,1881
2026-07-28T12:30:00+00:00,52692.57000000001,52705.57000000001,52675.57000000001,52679.07000000001,1759
2026-07-28T12:35:00+00:00,52679.07000000001,52710.57000000001,52671.07000000001,52686.07000000001,1560
2026-07-28T12:40:00+00:00,52686.07000000001,52735.07000000001,52677.57000000001,52730.57000000001,2051
2026-07-28T12:45:00+00:00,52730.57000000001,52749.57000000001,52725.57000000001,52746.07000000001,1895
2026-07-28T12:50:00+00:00,52746.07000000001,52751.57000000001,52720.57000000001,52743.57000000001,1688
2026-07-28T12:55:00+00:00,52743.57000000001,52748.57000000001,52724.07000000001,52734.07000000001,1383
2026-07-28T13:00:00+00:00,52734.07000000001,52734.07000000001,52695.57000000001,52717.07000000001,2151
2026-07-28T13:05:00+00:00,52717.07000000001,52724.57000000001,52708.57000000001,52715.57000000001,1397
2026-07-28T13:10:00+00:00,52715.57000000001,52715.57000000001,52686.07000000001,52692.57000000001,1546
2026-07-28T13:15:00+00:00,52692.57000000001,52734.57000000001,52690.07000000001,52720.57000000001,1577
2026-07-28T13:20:00+00:00,52720.57000000001,52738.07000000001,52709.57000000001,52738.07000000001,1401
2026-07-28T13:25:00+00:00,52738.07000000001,52748.57000000001,52698.57000000001,52717.07000000001,2641
2026-07-28T13:30:00+00:00,52717.07000000001,52717.07000000001,52527.420000000006,52560.920000000006,11154
2026-07-28T13:35:00+00:00,52560.920000000006,52644.920000000006,52514.420000000006,52544.920000000006,8280
2026-07-28T13:40:00+00:00,52544.920000000006,52562.420000000006,52462.420000000006,52525.920000000006,8082
2026-07-28T13:45:00+00:00,52525.920000000006,52611.420000000006,52507.420000000006,52606.420000000006,9165
2026-07-28T13:50:00+00:00,52606.420000000006,52638.420000000006,52533.920000000006,52574.920000000006,8561
2026-07-28T13:55:00+00:00,52574.920000000006,52590.420000000006,52550.420000000006,52579.920000000006,6210
2026-07-28T14:00:00+00:00,52579.920000000006,52633.420000000006,52579.920000000006,52618.420000000006,6983
2026-07-28T14:05:00+00:00,52618.420000000006,52664.420000000006,52607.420000000006,52629.920000000006,6326
2026-07-28T14:10:00+00:00,52629.920000000006,52674.920000000006,52607.420000000006,52627.920000000006,6283
2026-07-28T14:15:00+00:00,52627.920000000006,52695.920000000006,52627.920000000006,52645.920000000006,6199
2026-07-28T14:20:00+00:00,52645.920000000006,52695.420000000006,52626.420000000006,52674.420000000006,6759
2026-07-28T14:25:00+00:00,52674.420000000006,52687.420000000006,52630.420000000006,52653.420000000006,5459
2026-07-28T14:30:00+00:00,52653.420000000006,52662.420000000006,52610.420000000006,52610.420000000006,5439
2026-07-28T14:35:00+00:00,52610.420000000006,52669.420000000006,52570.420000000006,52570.420000000006,6132
2026-07-28T14:40:00+00:00,52570.420000000006,52633.420000000006,52564.920000000006,52604.920000000006,5693
2026-07-28T14:45:00+00:00,52604.920000000006,52638.920000000006,52588.920000000006,52630.420000000006,5208
2026-07-28T14:50:00+00:00,52630.420000000006,52675.420000000006,52620.420000000006,52673.420000000006,5165
2026-07-28T14:55:00+00:00,52673.420000000006,52710.420000000006,52600.420000000006,52606.420000000006,4730
2026-07-28T15:00:00+00:00,52606.420000000006,52638.420000000006,52569.920000000006,52577.920000000006,4491
2026-07-28T15:05:00+00:00,52577.920000000006,52623.920000000006,52570.420000000006,52623.920000000006,3874
2026-07-28T15:10:00+00:00,52623.920000000006,52715.920000000006,52613.920000000006,52691.920000000006,6769
2026-07-28T15:15:00+00:00,52691.920000000006,52783.420000000006,52689.920000000006,52782.920000000006,6001
2026-07-28T15:20:00+00:00,52782.920000000006,52834.920000000006,52781.920000000006,52834.420000000006,5769
2026-07-28T15:25:00+00:00,52834.420000000006,52872.920000000006,52808.920000000006,52818.920000000006,4725
2026-07-28T15:30:00+00:00,52818.920000000006,52838.420000000006,52793.420000000006,52807.420000000006,3832
2026-07-28T15:35:00+00:00,52807.420000000006,52864.420000000006,52805.420000000006,52846.420000000006,3828
2026-07-28T15:40:00+00:00,52846.420000000006,52884.420000000006,52844.920000000006,52883.420000000006,3169
2026-07-28T15:45:00+00:00,52883.420000000006,52899.920000000006,52871.420000000006,52899.420000000006,2881
2026-07-28T15:50:00+00:00,52899.420000000006,52913.420000000006,52865.420000000006,52903.420000000006,3485
2026-07-28T15:55:00+00:00,52903.420000000006,52922.420000000006,52893.420000000006,52910.420000000006,2842
2026-07-28T16:00:00+00:00,52910.420000000006,52914.420000000006,52881.420000000006,52885.420000000006,2588
2026-07-28T16:05:00+00:00,52885.420000000006,52909.420000000006,52875.420000000006,52899.420000000006,2382
2026-07-28T16:10:00+00:00,52899.420000000006,52915.420000000006,52889.920000000006,52908.420000000006,2355
2026-07-28T16:15:00+00:00,52908.420000000006,52915.420000000006,52872.920000000006,52901.420000000006,2762
2026-07-28T16:20:00+00:00,52901.420000000006,52908.920000000006,52887.420000000006,52896.420000000006,2402
2026-07-28T16:25:00+00:00,52896.420000000006,52912.420000000006,52881.420000000006,52882.420000000006,1917
2026-07-28T16:30:00+00:00,52882.420000000006,52896.920000000006,52880.420000000006,52884.420000000006,2199
2026-07-28T16:35:00+00:00,52884.420000000006,52899.420000000006,52874.920000000006,52893.420000000006,1912
2026-07-28T16:40:00+00:00,52893.420000000006,52914.420000000006,52883.420000000006,52901.420000000006,2223
2026-07-28T16:45:00+00:00,52901.420000000006,52908.420000000006,52864.420000000006,52883.420000000006,2151
2026-07-28T16:50:00+00:00,52883.420000000006,52920.420000000006,52879.920000000006,52915.420000000006,2245
2026-07-28T16:55:00+00:00,52915.420000000006,52930.420000000006,52908.420000000006,52925.920000000006,1964
2026-07-28T17:00:00+00:00,52925.920000000006,52941.420000000006,52915.420000000006,52927.420000000006,2292
2026-07-28T17:05:00+00:00,52927.420000000006,52944.420000000006,52897.420000000006,52899.420000000006,2829
2026-07-28T17:10:00+00:00,52899.420000000006,52910.420000000006,52875.920000000006,52886.420000000006,2998
2026-07-28T17:15:00+00:00,52886.420000000006,52906.420000000006,52884.420000000006,52902.420000000006,2566
2026-07-28T17:20:00+00:00,52902.420000000006,52951.420000000006,52895.420000000006,52912.420000000006,3440
2026-07-28T17:25:00+00:00,52912.420000000006,52928.920000000006,52884.420000000006,52884.420000000006,2459
2026-07-28T17:30:00+00:00,52884.420000000006,52905.420000000006,52856.420000000006,52899.420000000006,2820
2026-07-28T17:35:00+00:00,52899.420000000006,52909.420000000006,52878.420000000006,52880.420000000006,2062
2026-07-28T17:40:00+00:00,52880.420000000006,52894.420000000006,52834.920000000006,52840.420000000006,2188
2026-07-28T17:45:00+00:00,52840.420000000006,52874.920000000006,52832.420000000006,52872.420000000006,2391
2026-07-28T17:50:00+00:00,52872.420000000006,52872.420000000006,52833.420000000006,52838.420000000006,2167
2026-07-28T17:55:00+00:00,52838.420000000006,52851.920000000006,52825.420000000006,52846.420000000006,2407
2026-07-28T18:00:00+00:00,52846.420000000006,52865.420000000006,52833.920000000006,52849.420000000006,2682
2026-07-28T18:05:00+00:00,52849.420000000006,52851.420000000006,52828.420000000006,52835.420000000006,2112
2026-07-28T18:10:00+00:00,52835.420000000006,52840.420000000006,52798.420000000006,52800.420000000006,2443
2026-07-28T18:15:00+00:00,52800.420000000006,52831.420000000006,52798.420000000006,52824.420000000006,2623
2026-07-28T18:20:00+00:00,52824.420000000006,52826.420000000006,52787.920000000006,52788.420000000006,2294
2026-07-28T18:25:00+00:00,52788.420000000006,52806.420000000006,52784.420000000006,52800.420000000006,2396
2026-07-28T18:30:00+00:00,52800.420000000006,52822.920000000006,52793.420000000006,52821.920000000006,2988
2026-07-28T18:35:00+00:00,52821.920000000006,52835.420000000006,52808.420000000006,52827.420000000006,2027
2026-07-28T18:40:00+00:00,52827.420000000006,52833.420000000006,52799.420000000006,52830.420000000006,2245
2026-07-28T18:45:00+00:00,52830.420000000006,52865.420000000006,52830.420000000006,52855.420000000006,2485
2026-07-28T18:50:00+00:00,52855.420000000006,52866.920000000006,52847.420000000006,52848.420000000006,1986
2026-07-28T18:55:00+00:00,52848.420000000006,52863.420000000006,52841.420000000006,52846.420000000006,2334
2026-07-28T19:00:00+00:00,52846.420000000006,52854.420000000006,52829.420000000006,52845.420000000006,2559
2026-07-28T19:05:00+00:00,52845.420000000006,52861.420000000006,52835.420000000006,52840.420000000006,2160
2026-07-28T19:10:00+00:00,52840.420000000006,52856.920000000006,52833.420000000006,52837.920000000006,1984
2026-07-28T19:15:00+00:00,52837.920000000006,52863.420000000006,52831.420000000006,52850.420000000006,2291
2026-07-28T19:20:00+00:00,52850.420000000006,52859.420000000006,52834.420000000006,52841.420000000006,1942
2026-07-28T19:25:00+00:00,52841.420000000006,52841.420000000006,52814.420000000006,52823.420000000006,1988
2026-07-28T19:30:00+00:00,52823.420000000006,52832.420000000006,52812.420000000006,52827.920000000006,2279
2026-07-28T19:35:00+00:00,52827.920000000006,52849.420000000006,52815.420000000006,52819.420000000006,2537
2026-07-28T19:40:00+00:00,52819.420000000006,52835.420000000006,52818.420000000006,52833.420000000006,1958
2026-07-28T19:45:00+00:00,52833.420000000006,52837.420000000006,52802.420000000006,52814.420000000006,2321
2026-07-28T19:50:00+00:00,52814.420000000006,52836.420000000006,52804.420000000006,52836.420000000006,2694
2026-07-28T19:55:00+00:00,52836.420000000006,52841.920000000006,52775.420000000006,52795.420000000006,3645
2026-07-28T20:00:00+00:00,52795.420000000006,52809.07000000001,52779.07000000001,52809.07000000001,2311
2026-07-28T20:05:00+00:00,52809.07000000001,52815.07000000001,52762.57000000001,52801.57000000001,2243
2026-07-28T20:10:00+00:00,52801.57000000001,52819.57000000001,52789.57000000001,52794.07000000001,1586
2026-07-28T20:15:00+00:00,52794.07000000001,52794.57000000001,52776.57000000001,52792.07000000001,1077
2026-07-28T20:20:00+00:00,52792.07000000001,52794.57000000001,52778.07000000001,52780.07000000001,491
2026-07-28T20:25:00+00:00,52780.07000000001,52807.07000000001,52780.07000000001,52793.57000000001,553
2026-07-28T20:30:00+00:00,52793.57000000001,52802.07000000001,52790.07000000001,52796.57000000001,579
2026-07-28T20:35:00+00:00,52796.57000000001,52800.07000000001,52770.57000000001,52774.07000000001,682
2026-07-28T20:40:00+00:00,52774.07000000001,52781.57000000001,52769.57000000001,52773.57000000001,544
2026-07-28T20:45:00+00:00,52773.57000000001,52777.07000000001,52770.07000000001,52771.07000000001,364
2026-07-28T20:50:00+00:00,52771.07000000001,52771.07000000001,52754.57000000001,52766.07000000001,726
2026-07-28T20:55:00+00:00,52766.07000000001,52771.07000000001,52751.07000000001,52754.32000000001,553
2026-07-28T22:00:00+00:00,52754.32000000001,52797.18,52754.32000000001,52793.18,723
2026-07-28T22:05:00+00:00,52793.18,52798.18,52784.68,52792.18,523
2026-07-28T22:10:00+00:00,52792.18,52795.68,52758.68,52768.18,595
2026-07-28T22:15:00+00:00,52768.18,52777.68,52745.18,52752.68,762
2026-07-28T22:20:00+00:00,52752.68,52754.18,52723.68,52726.68,943
2026-07-28T22:25:00+00:00,52726.68,52735.18,52713.18,52732.68,1067
2026-07-28T22:30:00+00:00,52732.68,52735.68,52694.68,52705.68,1422
2026-07-28T22:35:00+00:00,52705.68,52726.68,52677.68,52681.18,998
2026-07-28T22:40:00+00:00,52681.18,52703.18,52680.18,52703.18,1251
2026-07-28T22:45:00+00:00,52703.18,52719.18,52691.68,52715.68,1541
2026-07-28T22:50:00+00:00,52715.68,52748.68,52710.18,52745.68,1518
2026-07-28T22:55:00+00:00,52745.68,52761.68,52736.18,52738.18,1401
2026-07-28T23:00:00+00:00,52738.18,52745.18,52724.18,52744.18,1296
2026-07-28T23:05:00+00:00,52744.18,52752.68,52713.68,52722.68,1093
2026-07-28T23:10:00+00:00,52722.68,52753.18,52713.68,52744.68,848
2026-07-28T23:15:00+00:00,52744.68,52752.18,52734.18,52735.18,1034
2026-07-28T23:20:00+00:00,52735.18,52778.68,52731.68,52772.68,746
2026-07-28T23:25:00+00:00,52772.68,52778.18,52759.18,52763.18,496
2026-07-28T23:30:00+00:00,52763.18,52764.68,52749.68,52764.68,473
2026-07-28T23:35:00+00:00,52764.68,52773.68,52761.68,52764.18,383
2026-07-28T23:40:00+00:00,52764.18,52811.68,52761.68,52810.68,868
2026-07-28T23:45:00+00:00,52810.68,52825.68,52791.68,52820.68,2518
2026-07-28T23:50:00+00:00,52820.68,52850.68,52820.68,52842.68,2034
2026-07-28T23:55:00+00:00,52842.68,52845.68,52810.68,52816.68,1765
2026-07-29T00:00:00+00:00,52816.68,52829.68,52803.18,52816.68,2381
2026-07-29T00:05:00+00:00,52816.68,52852.18,52813.68,52814.68,1167
2026-07-29T00:10:00+00:00,52814.68,52828.68,52805.68,52821.68,1069
2026-07-29T00:15:00+00:00,52821.68,52844.68,52814.18,52833.68,1018
2026-07-29T00:20:00+00:00,52833.68,52880.68,52828.68,52861.68,1529
2026-07-29T00:25:00+00:00,52861.68,52869.68,52857.68,52864.18,1138
2026-07-29T00:30:00+00:00,52864.18,52871.18,52851.68,52851.68,749
2026-07-29T00:35:00+00:00,52851.68,52872.18,52846.68,52869.68,757
2026-07-29T00:40:00+00:00,52869.68,52874.18,52853.18,52872.18,596
2026-07-29T00:45:00+00:00,52872.18,52874.18,52862.68,52863.18,545
2026-07-29T00:50:00+00:00,52863.18,52873.18,52860.68,52869.68,466
2026-07-29T00:55:00+00:00,52869.68,52869.68,52849.18,52853.18,529
2026-07-29T01:00:00+00:00,52853.18,52859.68,52833.18,52834.68,1389
2026-07-29T01:05:00+00:00,52834.68,52835.68,52814.68,52816.18,1016
2026-07-29T01:10:00+00:00,52816.18,52816.68,52785.68,52801.18,1260
2026-07-29T01:15:00+00:00,52801.18,52807.18,52781.68,52802.68,1271
2026-07-29T01:20:00+00:00,52802.68,52832.68,52802.68,52827.68,938
2026-07-29T01:25:00+00:00,52827.68,52832.68,52816.68,52819.18,726
2026-07-29T01:30:00+00:00,52819.18,52823.18,52794.68,52805.68,1104
2026-07-29T01:35:00+00:00,52805.68,52812.68,52797.68,52802.68,941
2026-07-29T01:40:00+00:00,52802.68,52802.68,52776.18,52784.18,866
2026-07-29T01:45:00+00:00,52784.18,52788.18,52767.68,52768.68,688
2026-07-29T01:50:00+00:00,52768.68,52770.18,52744.68,52752.18,966
2026-07-29T01:55:00+00:00,52752.18,52760.68,52746.68,52748.68,773
2026-07-29T02:00:00+00:00,52748.68,52753.68,52733.68,52745.18,1403
2026-07-29T02:05:00+00:00,52745.18,52758.18,52743.18,52755.18,897
2026-07-29T02:10:00+00:00,52755.18,52777.18,52753.68,52766.68,791
2026-07-29T02:15:00+00:00,52766.68,52769.18,52749.68,52757.68,764
2026-07-29T02:20:00+00:00,52757.68,52773.68,52748.68,52755.68,1045
2026-07-29T02:25:00+00:00,52755.68,52755.68,52735.68,52744.68,676
2026-07-29T02:30:00+00:00,52744.68,52764.68,52743.18,52763.18,708
2026-07-29T02:35:00+00:00,52763.18,52776.68,52757.68,52776.68,857
2026-07-29T02:40:00+00:00,52776.68,52779.18,52763.68,52766.68,630
2026-07-29T02:45:00+00:00,52766.68,52770.68,52760.68,52765.68,666
2026-07-29T02:50:00+00:00,52765.68,52772.68,52758.18,52763.68,577
2026-07-29T02:55:00+00:00,52763.68,52773.18,52753.18,52773.18,492
2026-07-29T03:00:00+00:00,52773.18,52773.18,52748.18,52753.68,576
2026-07-29T03:05:00+00:00,52753.68,52777.18,52751.68,52773.18,891
2026-07-29T03:10:00+00:00,52773.18,52773.18,52737.68,52741.68,831
2026-07-29T03:15:00+00:00,52741.68,52750.68,52741.18,52743.68,498
2026-07-29T03:20:00+00:00,52743.68,52754.68,52738.68,52745.68,404
2026-07-29T03:25:00+00:00,52745.68,52746.68,52735.18,52735.18,382
2026-07-29T03:30:00+00:00,52735.18,52736.68,52710.18,52732.68,809
2026-07-29T03:35:00+00:00,52732.68,52738.68,52718.18,52718.68,609
2026-07-29T03:40:00+00:00,52718.68,52723.18,52709.68,52718.68,554
2026-07-29T03:45:00+00:00,52718.68,52729.68,52715.68,52715.68,466
2026-07-29T03:50:00+00:00,52715.68,52715.68,52682.68,52685.68,609
2026-07-29T03:55:00+00:00,52685.68,52686.18,52667.68,52676.68,596
2026-07-29T04:00:00+00:00,52676.68,52680.18,52658.68,52672.18,705
2026-07-29T04:05:00+00:00,52672.18,52683.18,52670.18,52681.68,628
2026-07-29T04:10:00+00:00,52681.68,52683.68,52669.68,52673.68,773
2026-07-29T04:15:00+00:00,52673.68,52688.68,52670.68,52686.68,499
2026-07-29T04:20:00+00:00,52686.68,52691.68,52681.18,52690.68,662
2026-07-29T04:25:00+00:00,52690.68,52696.68,52679.18,52682.18,652
2026-07-29T04:30:00+00:00,52682.18,52690.18,52669.68,52671.68,664
2026-07-29T04:35:00+00:00,52671.68,52687.68,52665.18,52676.18,870
2026-07-29T04:40:00+00:00,52676.18,52680.68,52667.18,52670.68,751
2026-07-29T04:45:00+00:00,52670.68,52683.68,52662.18,52680.68,754
2026-07-29T04:50:00+00:00,52680.68,52710.18,52679.18,52702.68,966
2026-07-29T04:55:00+00:00,52702.68,52712.18,52697.68,52711.68,771
2026-07-29T05:00:00+00:00,52711.68,52728.68,52709.18,52723.18,824
2026-07-29T05:05:00+00:00,52723.18,52742.18,52715.68,52733.68,877
2026-07-29T05:10:00+00:00,52733.68,52753.68,52728.68,52753.68,808
2026-07-29T05:15:00+00:00,52753.68,52755.68,52743.18,52747.18,917
2026-07-29T05:20:00+00:00,52747.18,52757.68,52741.68,52752.68,1054
2026-07-29T05:25:00+00:00,52752.68,52760.68,52748.68,52751.68,648
2026-07-29T05:30:00+00:00,52751.68,52761.18,52746.18,52755.68,721
2026-07-29T05:35:00+00:00,52755.68,52762.68,52749.68,52754.68,505
2026-07-29T05:40:00+00:00,52754.68,52754.68,52743.18,52753.18,629
2026-07-29T05:45:00+00:00,52753.18,52754.18,52738.68,52740.18,538
2026-07-29T05:50:00+00:00,52740.18,52746.68,52737.18,52745.18,588
2026-07-29T05:55:00+00:00,52745.18,52745.68,52731.18,52738.18,356
2026-07-29T06:00:00+00:00,52738.18,52750.68,52729.18,52729.18,751
2026-07-29T06:05:00+00:00,52729.18,52732.68,52722.18,52727.68,599
2026-07-29T06:10:00+00:00,52727.68,52738.68,52724.18,52732.68,564
2026-07-29T06:15:00+00:00,52732.68,52758.68,52732.68,52750.68,609
2026-07-29T06:20:00+00:00,52750.68,52751.68,52737.18,52737.18,632
2026-07-29T06:25:00+00:00,52737.18,52760.68,52734.18,52754.68,648
2026-07-29T06:30:00+00:00,52754.68,52794.18,52754.68,52783.68,1064
2026-07-29T06:35:00+00:00,52783.68,52798.68,52779.68,52790.68,782
2026-07-29T06:40:00+00:00,52790.68,52791.68,52772.68,52777.68,577
2026-07-29T06:45:00+00:00,52777.68,52794.68,52763.68,52787.18,676
2026-07-29T06:50:00+00:00,52787.18,52802.18,52786.18,52798.68,743
2026-07-29T06:55:00+00:00,52798.68,52805.68,52793.18,52800.68,808
2026-07-29T07:00:00+00:00,52800.68,52819.18,52776.18,52815.68,1632
2026-07-29T07:05:00+00:00,52815.68,52841.68,52815.68,52841.18,1150
2026-07-29T07:10:00+00:00,52841.18,52852.68,52812.68,52813.18,1080
2026-07-29T07:15:00+00:00,52813.18,52823.68,52797.68,52799.68,977
2026-07-29T07:20:00+00:00,52799.68,52806.18,52791.18,52793.68,696
2026-07-29T07:25:00+00:00,52793.68,52816.68,52791.18,52815.68,1014
2026-07-29T07:30:00+00:00,52815.68,52830.18,52800.68,52807.68,1141
2026-07-29T07:35:00+00:00,52807.68,52829.68,52803.68,52822.18,885
2026-07-29T07:40:00+00:00,52822.18,52855.68,52820.68,52851.18,739
2026-07-29T07:45:00+00:00,52851.18,52851.68,52820.68,52838.68,787
2026-07-29T07:50:00+00:00,52838.68,52846.68,52827.68,52827.68,910
2026-07-29T07:55:00+00:00,52827.68,52858.18,52825.68,52844.18,669
2026-07-29T08:00:00+00:00,52844.18,52856.18,52827.68,52831.68,1336
2026-07-29T08:05:00+00:00,52831.68,52857.68,52823.68,52846.68,1046
2026-07-29T08:10:00+00:00,52846.68,52862.18,52824.18,52827.68,996
2026-07-29T08:15:00+00:00,52827.68,52838.68,52821.68,52825.18,1039
2026-07-29T08:20:00+00:00,52825.18,52830.68,52803.68,52810.68,837
2026-07-29T08:25:00+00:00,52810.68,52810.68,52781.18,52788.18,1118
2026-07-29T08:30:00+00:00,52788.18,52846.68,52783.68,52835.18,1384
2026-07-29T08:35:00+00:00,52835.18,52839.68,52822.68,52834.68,1092
2026-07-29T08:40:00+00:00,52834.68,52855.68,52826.68,52853.18,783
2026-07-29T08:45:00+00:00,52853.18,52869.18,52834.18,52864.18,1048
2026-07-29T08:50:00+00:00,52864.18,52873.68,52839.18,52852.18,864
2026-07-29T08:55:00+00:00,52852.18,52854.68,52828.68,52841.18,561
2026-07-29T09:00:00+00:00,52841.18,52843.18,52802.68,52803.68,925
2026-07-29T09:05:00+00:00,52803.68,52815.18,52787.18,52788.68,899
2026-07-29T09:10:00+00:00,52788.68,52796.68,52782.68,52787.68,745
2026-07-29T09:15:00+00:00,52787.68,52789.68,52768.68,52775.18,708
2026-07-29T09:20:00+00:00,52775.18,52775.18,52747.68,52752.68,689
2026-07-29T09:25:00+00:00,52752.68,52757.18,52718.68,52737.68,982
2026-07-29T09:30:00+00:00,52737.68,52742.68,52706.18,52706.68,937
2026-07-29T09:35:00+00:00,52706.68,52710.68,52691.68,52695.18,832
2026-07-29T09:40:00+00:00,52695.18,52709.68,52689.68,52708.68,781
2026-07-29T09:45:00+00:00,52708.68,52736.18,52708.18,52736.18,670
2026-07-29T09:50:00+00:00,52736.18,52788.68,52736.18,52759.18,1181
2026-07-29T09:55:00+00:00,52759.18,52766.68,52714.18,52742.68,1407
2026-07-29T10:00:00+00:00,52742.68,52744.68,52692.68,52692.68,1231
2026-07-29T10:05:00+00:00,52692.68,52709.18,52663.18,52687.68,1415
2026-07-29T10:10:00+00:00,52687.68,52702.18,52668.18,52677.18,913
2026-07-29T10:15:00+00:00,52677.18,52700.68,52664.68,52690.18,777
2026-07-29T10:20:00+00:00,52690.18,52693.68,52677.68,52679.68,707
2026-07-29T10:25:00+00:00,52679.68,52694.68,52674.68,52691.68,749
2026-07-29T10:30:00+00:00,52691.68,52710.18,52684.68,52689.68,744
2026-07-29T10:35:00+00:00,52689.68,52695.18,52658.18,52670.68,1040
2026-07-29T10:40:00+00:00,52670.68,52687.68,52661.68,52681.68,942
2026-07-29T10:45:00+00:00,52681.68,52691.68,52667.18,52675.68,865
2026-07-29T10:50:00+00:00,52675.68,52675.68,52639.18,52642.68,858
2026-07-29T10:55:00+00:00,52642.68,52659.68,52637.18,52659.68,729
2026-07-29T11:00:00+00:00,52659.68,52668.18,52629.18,52642.68,1386
2026-07-29T11:05:00+00:00,52642.68,52650.68,52616.18,52650.68,835
2026-07-29T11:10:00+00:00,52650.68,52660.18,52632.18,52636.18,679
2026-07-29T11:15:00+00:00,52636.18,52653.68,52625.18,52639.68,703
2026-07-29T11:20:00+00:00,52639.68,52648.68,52625.18,52627.18,558
2026-07-29T11:25:00+00:00,52627.18,52651.68,52626.68,52642.18,730
2026-07-29T11:30:00+00:00,52642.18,52645.68,52618.18,52626.68,689
2026-07-29T11:35:00+00:00,52626.68,52634.18,52607.18,52613.68,738
2026-07-29T11:40:00+00:00,52613.68,52623.68,52603.18,52620.68,692
2026-07-29T11:45:00+00:00,52620.68,52641.18,52600.18,52623.68,1216
2026-07-29T11:50:00+00:00,52623.68,52632.18,52602.68,52603.18,698
2026-07-29T11:55:00+00:00,52603.18,52613.18,52598.68,52612.18,595
2026-07-29T12:00:00+00:00,52612.18,52612.18,52579.18,52583.18,775
2026-07-29T12:05:00+00:00,52583.18,52602.18,52552.68,52567.68,1066
2026-07-29T12:10:00+00:00,52567.68,52578.18,52545.68,52554.18,997
2026-07-29T12:15:00+00:00,52554.18,52557.68,52395.68,52439.68,4997
2026-07-29T12:20:00+00:00,52439.68,52454.68,52415.68,52421.18,3230
2026-07-29T12:25:00+00:00,52421.18,52474.18,52418.18,52442.68,1900
2026-07-29T12:30:00+00:00,52442.68,52470.18,52408.68,52470.18,1853
2026-07-29T12:35:00+00:00,52470.18,52473.68,52437.68,52450.68,1399
2026-07-29T12:40:00+00:00,52450.68,52468.68,52439.18,52467.68,1292
2026-07-29T12:45:00+00:00,52467.68,52471.68,52444.68,52465.68,1267
2026-07-29T12:50:00+00:00,52465.68,52466.68,52421.68,52423.68,1165
2026-07-29T12:55:00+00:00,52423.68,52447.18,52418.18,52433.68,1019
2026-07-29T13:00:00+00:00,52433.68,52436.18,52363.18,52366.68,1635
2026-07-29T13:05:00+00:00,52366.68,52380.18,52359.18,52367.18,1338
2026-07-29T13:10:00+00:00,52367.18,52377.68,52344.68,52350.68,1412
2026-07-29T13:15:00+00:00,52350.68,52372.18,52330.68,52335.68,1559
2026-07-29T13:20:00+00:00,52335.68,52380.68,52327.18,52380.68,1642
2026-07-29T13:25:00+00:00,52380.68,52401.68,52331.68,52337.68,2855
2026-07-29T13:30:00+00:00,52337.68,52399.530000000006,52311.530000000006,52325.530000000006,10035
2026-07-29T13:35:00+00:00,52325.530000000006,52387.030000000006,52291.530000000006,52369.530000000006,10557
2026-07-29T13:40:00+00:00,52369.530000000006,52384.530000000006,52301.530000000006,52302.530000000006,8712
2026-07-29T13:45:00+00:00,52302.530000000006,52360.530000000006,52282.530000000006,52292.530000000006,7343
2026-07-29T13:50:00+00:00,52292.530000000006,52294.030000000006,52196.530000000006,52227.530000000006,6579
2026-07-29T13:55:00+00:00,52227.530000000006,52227.530000000006,52140.530000000006,52153.530000000006,6093
2026-07-29T14:00:00+00:00,52153.530000000006,52164.530000000006,52102.030000000006,52113.530000000006,7816
2026-07-29T14:05:00+00:00,52113.530000000006,52145.030000000006,52050.530000000006,52059.030000000006,6687
2026-07-29T14:10:00+00:00,52059.030000000006,52088.530000000006,51972.530000000006,52007.530000000006,7750
2026-07-29T14:15:00+00:00,52007.530000000006,52062.030000000006,52004.530000000006,52047.530000000006,8387
2026-07-29T14:20:00+00:00,52047.530000000006,52074.530000000006,52009.530000000006,52014.530000000006,6850
2026-07-29T14:25:00+00:00,52014.530000000006,52022.030000000006,51955.530000000006,51997.530000000006,7660
2026-07-29T14:30:00+00:00,51997.530000000006,52016.530000000006,51951.030000000006,51964.530000000006,6398
2026-07-29T14:35:00+00:00,51964.530000000006,52000.030000000006,51953.530000000006,51965.530000000006,6029
2026-07-29T14:40:00+00:00,51965.530000000006,51965.530000000006,51894.030000000006,51913.530000000006,5702
2026-07-29T14:45:00+00:00,51913.530000000006,51946.030000000006,51899.530000000006,51928.530000000006,5589
2026-07-29T14:50:00+00:00,51928.530000000006,51983.530000000006,51918.530000000006,51975.530000000006,5734
2026-07-29T14:55:00+00:00,51975.530000000006,51979.030000000006,51902.530000000006,51921.530000000006,4693
2026-07-29T15:00:00+00:00,51921.530000000006,51975.530000000006,51898.530000000006,51954.530000000006,5011
2026-07-29T15:05:00+00:00,51954.530000000006,51970.530000000006,51923.530000000006,51968.530000000006,4159
2026-07-29T15:10:00+00:00,51968.530000000006,51979.530000000006,51929.530000000006,51934.530000000006,3880
2026-07-29T15:15:00+00:00,51934.530000000006,51969.530000000006,51922.530000000006,51923.530000000006,4436
2026-07-29T15:20:00+00:00,51923.530000000006,51964.530000000006,51921.030000000006,51964.030000000006,4053
2026-07-29T15:25:00+00:00,51964.030000000006,51964.530000000006,51925.530000000006,51938.530000000006,3930
2026-07-29T15:30:00+00:00,51938.530000000006,51967.530000000006,51929.530000000006,51936.530000000006,3976
2026-07-29T15:35:00+00:00,51936.530000000006,51962.030000000006,51921.530000000006,51921.530000000006,4411
2026-07-29T15:40:00+00:00,51921.530000000006,51929.530000000006,51892.530000000006,51916.030000000006,3756
2026-07-29T15:45:00+00:00,51916.030000000006,51949.030000000006,51907.530000000006,51945.530000000006,3826
2026-07-29T15:50:00+00:00,51945.530000000006,51949.530000000006,51892.530000000006,51892.530000000006,3491
2026-07-29T15:55:00+00:00,51892.530000000006,51913.530000000006,51868.030000000006,51905.030000000006,4259
2026-07-29T16:00:00+00:00,51905.030000000006,51913.030000000006,51857.530000000006,51859.530000000006,3381
2026-07-29T16:05:00+00:00,51859.530000000006,51868.030000000006,51823.530000000006,51860.530000000006,4241
2026-07-29T16:10:00+00:00,51860.530000000006,51862.530000000006,51822.530000000006,51822.530000000006,3356
2026-07-29T16:15:00+00:00,51822.530000000006,51846.530000000006,51807.530000000006,51826.530000000006,3660
2026-07-29T16:20:00+00:00,51826.530000000006,51895.530000000006,51815.530000000006,51878.530000000006,4085
2026-07-29T16:25:00+00:00,51878.530000000006,51911.530000000006,51873.530000000006,51908.030000000006,3312
2026-07-29T16:30:00+00:00,51908.030000000006,51927.530000000006,51887.530000000006,51888.530000000006,3403
2026-07-29T16:35:00+00:00,51888.530000000006,51895.530000000006,51867.530000000006,51893.530000000006,3289
2026-07-29T16:40:00+00:00,51893.530000000006,51901.530000000006,51859.530000000006,51876.530000000006,3234
2026-07-29T16:45:00+00:00,51876.530000000006,51903.530000000006,51859.530000000006,51900.030000000006,3690
2026-07-29T16:50:00+00:00,51900.030000000006,51943.030000000006,51896.030000000006,51932.530000000006,3974
2026-07-29T16:55:00+00:00,51932.530000000006,51964.530000000006,51924.530000000006,51964.530000000006,3556
2026-07-29T17:00:00+00:00,51964.530000000006,52038.530000000006,51959.030000000006,52032.030000000006,4415
2026-07-29T17:05:00+00:00,52032.030000000006,52039.530000000006,51985.530000000006,51986.030000000006,3575
2026-07-29T17:10:00+00:00,51986.030000000006,52038.030000000006,51983.530000000006,52032.530000000006,3543
2026-07-29T17:15:00+00:00,52032.530000000006,52065.530000000006,52014.530000000006,52063.530000000006,3767
2026-07-29T17:20:00+00:00,52063.530000000006,52082.530000000006,52035.530000000006,52037.530000000006,3355
2026-07-29T17:25:00+00:00,52037.530000000006,52050.530000000006,52016.030000000006,52016.030000000006,3458
2026-07-29T17:30:00+00:00,52016.030000000006,52053.030000000006,51990.530000000006,52009.030000000006,4460
2026-07-29T17:35:00+00:00,52009.030000000006,52019.530000000006,51990.030000000006,51996.530000000006,3616
2026-07-29T17:40:00+00:00,51996.530000000006,51999.530000000006,51969.530000000006,51986.030000000006,4052
2026-07-29T17:45:00+00:00,51986.030000000006,52000.530000000006,51962.530000000006,51996.530000000006,3479
2026-07-29T17:50:00+00:00,51996.530000000006,52012.530000000006,51986.530000000006,52007.030000000006,2780
2026-07-29T17:55:00+00:00,52007.030000000006,52013.530000000006,51977.43,51998.030000000006,1977
2026-07-29T18:00:00+00:00,51998.030000000006,52193.530000000006,51998.030000000006,52091.030000000006,8503
2026-07-29T18:05:00+00:00,52091.030000000006,52121.530000000006,52013.030000000006,52024.530000000006,9459
2026-07-29T18:10:00+00:00,52024.530000000006,52043.530000000006,51968.030000000006,51996.530000000006,8849
2026-07-29T18:15:00+00:00,51996.530000000006,52047.530000000006,51958.530000000006,51966.030000000006,7776
2026-07-29T18:20:00+00:00,51966.030000000006,51967.530000000006,51910.530000000006,51931.530000000006,6990
2026-07-29T18:25:00+00:00,51931.530000000006,51976.530000000006,51917.030000000006,51975.530000000006,6557
2026-07-29T18:30:00+00:00,51975.530000000006,52014.030000000006,51873.030000000006,51929.530000000006,9493
2026-07-29T18:35:00+00:00,51929.530000000006,52071.030000000006,51891.030000000006,52053.530000000006,8882
2026-07-29T18:40:00+00:00,52053.530000000006,52166.030000000006,52049.530000000006,52152.030000000006,9630
2026-07-29T18:45:00+00:00,52152.030000000006,52254.030000000006,52142.030000000006,52242.030000000006,8774
2026-07-29T18:50:00+00:00,52242.030000000006,52278.030000000006,52206.030000000006,52273.530000000006,6762
2026-07-29T18:55:00+00:00,52273.530000000006,52275.530000000006,52210.530000000006,52220.530000000006,6476
2026-07-29T19:00:00+00:00,52220.530000000006,52261.030000000006,52105.530000000006,52125.530000000006,7945
2026-07-29T19:05:00+00:00,52125.530000000006,52128.030000000006,52001.030000000006,52001.030000000006,8331
2026-07-29T19:10:00+00:00,52001.030000000006,52065.530000000006,51992.030000000006,52055.530000000006,8761
2026-07-29T19:15:00+00:00,52055.530000000006,52123.030000000006,51999.030000000006,52010.530000000006,8439
2026-07-29T19:20:00+00:00,52010.530000000006,52014.530000000006,51895.530000000006,51895.530000000006,9820
2026-07-29T19:25:00+00:00,51895.530000000006,51915.530000000006,51838.030000000006,51853.530000000006,9627
2026-07-29T19:30:00+00:00,51853.530000000006,51873.030000000006,51711.530000000006,51772.530000000006,10777
2026-07-29T19:35:00+00:00,51772.530000000006,51782.030000000006,51628.030000000006,51633.030000000006,11128
2026-07-29T19:40:00+00:00,51633.030000000006,51670.530000000006,51598.030000000006,51624.030000000006,10491
2026-07-29T19:45:00+00:00,51624.030000000006,51632.530000000006,51551.030000000006,51611.030000000006,9597
2026-07-29T19:50:00+00:00,51611.030000000006,51625.530000000006,51560.030000000006,51616.030000000006,7808
2026-07-29T19:55:00+00:00,51616.030000000006,51640.530000000006,51569.030000000006,51608.530000000006,6461
2026-07-29T20:00:00+00:00,51608.530000000006,51674.68,51565.18,51609.68,4951
2026-07-29T20:05:00+00:00,51609.68,51617.18,51536.68,51536.68,5367
2026-07-29T20:10:00+00:00,51536.68,51564.68,51479.68,51531.68,5509
2026-07-29T20:15:00+00:00,51531.68,51569.18,51523.18,51553.68,3263
2026-07-29T20:20:00+00:00,51553.68,51575.68,51540.18,51545.68,2393
2026-07-29T20:25:00+00:00,51545.68,51559.18,51518.68,51549.18,2329
2026-07-29T20:30:00+00:00,51549.18,51611.68,51534.68,51609.18,1973
2026-07-29T20:35:00+00:00,51609.18,51647.18,51602.18,51643.18,644
2026-07-29T20:40:00+00:00,51643.18,51646.18,51606.68,51610.18,1243
2026-07-29T20:45:00+00:00,51610.18,51622.18,51579.68,51580.68,1274
2026-07-29T20:50:00+00:00,51580.68,51609.68,51576.68,51604.68,1441
2026-07-29T20:55:00+00:00,51604.68,51617.18,51580.93,51580.93,1687
2026-07-29T22:00:00+00:00,51580.93,51737.490000000005,51580.93,51734.490000000005,1664
2026-07-29T22:05:00+00:00,51734.490000000005,51785.490000000005,51729.240000000005,51785.490000000005,1919
2026-07-29T22:10:00+00:00,51785.490000000005,51829.490000000005,51785.490000000005,51794.490000000005,1659
2026-07-29T22:15:00+00:00,51794.490000000005,51806.490000000005,51777.490000000005,51801.990000000005,1353
2026-07-29T22:20:00+00:00,51801.990000000005,51809.490000000005,51773.990000000005,51774.990000000005,1634
2026-07-29T22:25:00+00:00,51774.990000000005,51799.990000000005,51769.990000000005,51790.990000000005,1383
2026-07-29T22:30:00+00:00,51790.990000000005,51794.490000000005,51767.990000000005,51768.490000000005,938
2026-07-29T22:35:00+00:00,51768.490000000005,51785.990000000005,51762.490000000005,51768.490000000005,648
2026-07-29T22:40:00+00:00,51768.490000000005,51777.490000000005,51757.990000000005,51777.490000000005,653
2026-07-29T22:45:00+00:00,51777.490000000005,51790.490000000005,51774.490000000005,51776.490000000005,529
2026-07-29T22:50:00+00:00,51776.490000000005,51789.490000000005,51767.490000000005,51767.490000000005,624
2026-07-29T22:55:00+00:00,51767.490000000005,51771.990000000005,51758.490000000005,51765.990000000005,540
2026-07-29T23:00:00+00:00,51765.990000000005,51787.490000000005,51765.990000000005,51781.990000000005,892
2026-07-29T23:05:00+00:00,51781.990000000005,51797.490000000005,51773.490000000005,51785.990000000005,629
2026-07-29T23:10:00+00:00,51785.990000000005,51785.990000000005,51758.490000000005,51764.990000000005,893
2026-07-29T23:15:00+00:00,51764.990000000005,51785.490000000005,51755.490000000005,51784.490000000005,722
2026-07-29T23:20:00+00:00,51784.490000000005,51794.490000000005,51780.990000000005,51784.490000000005,614
2026-07-29T23:25:00+00:00,51784.490000000005,51790.490000000005,51772.490000000005,51773.490000000005,450
2026-07-29T23:30:00+00:00,51773.490000000005,51791.490000000005,51773.490000000005,51782.490000000005,601
2026-07-29T23:35:00+00:00,51782.490000000005,51796.490000000005,51778.990000000005,51786.990000000005,467
2026-07-29T23:40:00+00:00,51786.990000000005,51790.990000000005,51780.990000000005,51786.490000000005,386
2026-07-29T23:45:00+00:00,51786.490000000005,51798.490000000005,51777.490000000005,51781.490000000005,2373
2026-07-29T23:50:00+00:00,51781.490000000005,51794.990000000005,51773.990000000005,51794.990000000005,1516
2026-07-29T23:55:00+00:00,51794.990000000005,51798.990000000005,51783.990000000005,51785.490000000005,1474
2026-07-30T00:00:00+00:00,51785.490000000005,51797.990000000005,51762.490000000005,51782.490000000005,3029
2026-07-30T00:05:00+00:00,51782.490000000005,51813.490000000005,51776.490000000005,51802.490000000005,3259
2026-07-30T00:10:00+00:00,51802.490000000005,51817.490000000005,51785.490000000005,51804.490000000005,2888
2026-07-30T00:15:00+00:00,51804.490000000005,51805.490000000005,51769.990000000005,51773.490000000005,3378
2026-07-30T00:20:00+00:00,51773.490000000005,51781.490000000005,51758.990000000005,51769.990000000005,2626
2026-07-30T00:25:00+00:00,51769.990000000005,51776.490000000005,51762.990000000005,51770.490000000005,1704
2026-07-30T00:30:00+00:00,51770.490000000005,51779.490000000005,51738.990000000005,51743.490000000005,2036
2026-07-30T00:35:00+00:00,51743.490000000005,51744.990000000005,51717.490000000005,51729.490000000005,1850
2026-07-30T00:40:00+00:00,51729.490000000005,51737.990000000005,51721.490000000005,51732.490000000005,1732
2026-07-30T00:45:00+00:00,51732.490000000005,51761.490000000005,51731.990000000005,51740.990000000005,2240
2026-07-30T00:50:00+00:00,51740.990000000005,51765.490000000005,51733.990000000005,51758.990000000005,1852
2026-07-30T00:55:00+00:00,51758.990000000005,51765.490000000005,51743.490000000005,51751.490000000005,1357
2026-07-30T01:00:00+00:00,51751.490000000005,51763.990000000005,51744.990000000005,51758.990000000005,1590
2026-07-30T01:05:00+00:00,51758.990000000005,51793.490000000005,51751.490000000005,51751.490000000005,1802
2026-07-30T01:10:00+00:00,51751.490000000005,51764.490000000005,51735.990000000005,51738.490000000005,1755
2026-07-30T01:15:00+00:00,51738.490000000005,51743.490000000005,51723.490000000005,51739.490000000005,1592
2026-07-30T01:20:00+00:00,51739.490000000005,51746.990000000005,51720.990000000005,51730.490000000005,1339
2026-07-30T01:25:00+00:00,51730.490000000005,51750.490000000005,51720.990000000005,51740.990000000005,952
2026-07-30T01:30:00+00:00,51740.990000000005,51753.990000000005,51738.990000000005,51746.990000000005,991
2026-07-30T01:35:00+00:00,51746.990000000005,51765.490000000005,51745.490000000005,51759.490000000005,952
2026-07-30T01:40:00+00:00,51759.490000000005,51776.990000000005,51758.990000000005,51776.990000000005,816
2026-07-30T01:45:00+00:00,51776.990000000005,51780.490000000005,51765.490000000005,51774.990000000005,848
2026-07-30T01:50:00+00:00,51774.990000000005,51781.990000000005,51768.490000000005,51774.490000000005,757
2026-07-30T01:55:00+00:00,51774.490000000005,51783.490000000005,51770.990000000005,51776.490000000005,755
2026-07-30T02:00:00+00:00,51776.490000000005,51798.990000000005,51776.490000000005,51786.990000000005,912
2026-07-30T02:05:00+00:00,51786.990000000005,51786.990000000005,51775.490000000005,51780.490000000005,976
2026-07-30T02:10:00+00:00,51780.490000000005,51782.490000000005,51764.490000000005,51768.990000000005,868
2026-07-30T02:15:00+00:00,51768.990000000005,51772.990000000005,51760.490000000005,51762.490000000005,837
2026-07-30T02:20:00+00:00,51762.490000000005,51781.990000000005,51761.490000000005,51777.490000000005,1080
2026-07-30T02:25:00+00:00,51777.490000000005,51782.990000000005,51764.990000000005,51765.490000000005,999
2026-07-30T02:30:00+00:00,51765.490000000005,51765.990000000005,51753.990000000005,51754.490000000005,891
2026-07-30T02:35:00+00:00,51754.490000000005,51762.990000000005,51748.990000000005,51759.990000000005,740
2026-07-30T02:40:00+00:00,51759.990000000005,51772.490000000005,51757.490000000005,51771.490000000005,855
2026-07-30T02:45:00+00:00,51771.490000000005,51773.490000000005,51750.490000000005,51755.490000000005,716
2026-07-30T02:50:00+00:00,51755.490000000005,51766.490000000005,51747.990000000005,51749.990000000005,711
2026-07-30T02:55:00+00:00,51749.990000000005,51751.490000000005,51723.490000000005,51723.990000000005,673
2026-07-30T03:00:00+00:00,51723.990000000005,51759.490000000005,51723.990000000005,51753.490000000005,1037
2026-07-30T03:05:00+00:00,51753.490000000005,51757.490000000005,51728.990000000005,51728.990000000005,1057
2026-07-30T03:10:00+00:00,51728.990000000005,51734.490000000005,51695.490000000005,51705.990000000005,1149
2026-07-30T03:15:00+00:00,51705.990000000005,51714.490000000005,51694.490000000005,51702.490000000005,1603
2026-07-30T03:20:00+00:00,51702.490000000005,51706.490000000005,51688.490000000005,51700.490000000005,1586
2026-07-30T03:25:00+00:00,51700.490000000005,51704.990000000005,51689.990000000005,51698.490000000005,1267
2026-07-30T03:30:00+00:00,51698.490000000005,51717.490000000005,51677.990000000005,51716.490000000005,1652
2026-07-30T03:35:00+00:00,51716.490000000005,51721.490000000005,51690.490000000005,51691.490000000005,1723
2026-07-30T03:40:00+00:00,51691.490000000005,51713.490000000005,51687.990000000005,51705.990000000005,1798
2026-07-30T03:45:00+00:00,51705.990000000005,51713.490000000005,51691.990000000005,51705.990000000005,1456
2026-07-30T03:50:00+00:00,51705.990000000005,51710.990000000005,51695.990000000005,51707.490000000005,798
2026-07-30T03:55:00+00:00,51707.490000000005,51713.490000000005,51694.990000000005,51699.990000000005,1019
2026-07-30T04:00:00+00:00,51699.990000000005,51709.490000000005,51693.990000000005,51702.490000000005,948
2026-07-30T04:05:00+00:00,51702.490000000005,51705.490000000005,51686.490000000005,51689.490000000005,1025
2026-07-30T04:10:00+00:00,51689.490000000005,51692.990000000005,51677.490000000005,51677.490000000005,823
2026-07-30T04:15:00+00:00,51677.490000000005,51691.990000000005,51674.990000000005,51691.490000000005,757
2026-07-30T04:20:00+00:00,51691.490000000005,51709.990000000005,51688.990000000005,51699.990000000005,1137
2026-07-30T04:25:00+00:00,51699.990000000005,51726.990000000005,51698.990000000005,51724.490000000005,1208
2026-07-30T04:30:00+00:00,51724.490000000005,51725.490000000005,51714.990000000005,51724.990000000005,896
2026-07-30T04:35:00+00:00,51724.990000000005,51726.990000000005,51697.490000000005,51700.490000000005,1099
2026-07-30T04:40:00+00:00,51700.490000000005,51707.990000000005,51679.990000000005,51681.490000000005,1038
2026-07-30T04:45:00+00:00,51681.490000000005,51710.490000000005,51680.490000000005,51694.990000000005,1239
2026-07-30T04:50:00+00:00,51694.990000000005,51697.490000000005,51678.990000000005,51685.490000000005,1100
2026-07-30T04:55:00+00:00,51685.490000000005,51685.990000000005,51664.990000000005,51674.490000000005,856
2026-07-30T05:00:00+00:00,51674.490000000005,51677.490000000005,51656.490000000005,51665.490000000005,1367
2026-07-30T05:05:00+00:00,51665.490000000005,51672.490000000005,51645.990000000005,51647.490000000005,1815
2026-07-30T05:10:00+00:00,51647.490000000005,51662.490000000005,51645.990000000005,51661.490000000005,1276
2026-07-30T05:15:00+00:00,51661.490000000005,51675.990000000005,51658.990000000005,51670.490000000005,1305
2026-07-30T05:20:00+00:00,51670.490000000005,51675.490000000005,51657.490000000005,51670.490000000005,1395
2026-07-30T05:25:00+00:00,51670.490000000005,51682.490000000005,51656.490000000005,51671.490000000005,1350
2026-07-30T05:30:00+00:00,51671.490000000005,51690.490000000005,51658.490000000005,51676.490000000005,1987
2026-07-30T05:35:00+00:00,51676.490000000005,51680.990000000005,51658.990000000005,51676.490000000005,1747
2026-07-30T05:40:00+00:00,51676.490000000005,51695.990000000005,51675.990000000005,51691.490000000005,1323
2026-07-30T05:45:00+00:00,51691.490000000005,51718.490000000005,51671.990000000005,51677.490000000005,1546
2026-07-30T05:50:00+00:00,51677.490000000005,51680.490000000005,51663.490000000005,51668.990000000005,1399
2026-07-30T05:55:00+00:00,51668.990000000005,51672.990000000005,51654.490000000005,51672.990000000005,1380
2026-07-30T06:00:00+00:00,51672.990000000005,51674.990000000005,51660.990000000005,51665.990000000005,1650
2026-07-30T06:05:00+00:00,51665.990000000005,51674.490000000005,51646.490000000005,51646.490000000005,1413
2026-07-30T06:10:00+00:00,51646.490000000005,51653.490000000005,51631.490000000005,51634.490000000005,1585
2026-07-30T06:15:00+00:00,51634.490000000005,51634.490000000005,51609.490000000005,51618.490000000005,1313
2026-07-30T06:20:00+00:00,51618.490000000005,51634.490000000005,51600.990000000005,51630.990000000005,1276
2026-07-30T06:25:00+00:00,51630.990000000005,51652.490000000005,51628.990000000005,51636.490000000005,1492
2026-07-30T06:30:00+00:00,51636.490000000005,51639.490000000005,51620.490000000005,51635.490000000005,1540
2026-07-30T06:35:00+00:00,51635.490000000005,51635.490000000005,51616.990000000005,51632.490000000005,1221
2026-07-30T06:40:00+00:00,51632.490000000005,51635.490000000005,51610.490000000005,51611.490000000005,958
2026-07-30T06:45:00+00:00,51611.490000000005,51636.490000000005,51606.990000000005,51629.490000000005,1342
2026-07-30T06:50:00+00:00,51629.490000000005,51641.990000000005,51626.490000000005,51639.990000000005,1160
2026-07-30T06:55:00+00:00,51639.990000000005,51672.490000000005,51639.990000000005,51672.490000000005,1124
2026-07-30T07:00:00+00:00,51672.490000000005,51795.990000000005,51658.490000000005,51765.990000000005,5297
2026-07-30T07:05:00+00:00,51765.990000000005,51783.990000000005,51720.490000000005,51744.490000000005,2730
2026-07-30T07:10:00+00:00,51744.490000000005,51771.990000000005,51728.490000000005,51757.490000000005,2113
2026-07-30T07:15:00+00:00,51757.490000000005,51766.490000000005,51713.990000000005,51720.490000000005,2148
2026-07-30T07:20:00+00:00,51720.490000000005,51735.490000000005,51689.990000000005,51733.490000000005,2278
2026-07-30T07:25:00+00:00,51733.490000000005,51740.490000000005,51710.990000000005,51723.990000000005,2020
2026-07-30T07:30:00+00:00,51723.990000000005,51727.990000000005,51660.490000000005,51663.990000000005,2533
2026-07-30T07:35:00+00:00,51663.990000000005,51667.990000000005,51621.490000000005,51665.990000000005,2843
2026-07-30T07:40:00+00:00,51665.990000000005,51701.490000000005,51653.490000000005,51690.490000000005,2336
2026-07-30T07:45:00+00:00,51690.490000000005,51704.490000000005,51677.490000000005,51702.990000000005,1844
2026-07-30T07:50:00+00:00,51702.990000000005,51712.990000000005,51678.490000000005,51681.490000000005,1590
2026-07-30T07:55:00+00:00,51681.490000000005,51687.490000000005,51666.490000000005,51669.990000000005,1474
2026-07-30T08:00:00+00:00,51669.990000000005,51696.990000000005,51643.490000000005,51696.990000000005,3035
2026-07-30T08:05:00+00:00,51696.990000000005,51767.490000000005,51689.490000000005,51764.490000000005,2183
2026-07-30T08:10:00+00:00,51764.490000000005,51776.490000000005,51753.490000000005,51760.490000000005,1954
2026-07-30T08:15:00+00:00,51760.490000000005,51766.490000000005,51738.490000000005,51741.990000000005,1750
2026-07-30T08:20:00+00:00,51741.990000000005,51778.990000000005,51735.990000000005,51770.990000000005,1596
2026-07-30T08:25:00+00:00,51770.990000000005,51808.490000000005,51769.990000000005,51795.990000000005,1635
2026-07-30T08:30:00+00:00,51795.990000000005,51814.490000000005,51786.990000000005,51796.990000000005,1743
2026-07-30T08:35:00+00:00,51796.990000000005,51806.990000000005,51776.990000000005,51780.490000000005,1475
2026-07-30T08:40:00+00:00,51780.490000000005,51802.990000000005,51777.990000000005,51787.490000000005,1554
2026-07-30T08:45:00+00:00,51787.490000000005,51800.490000000005,51778.990000000005,51783.490000000005,1540
2026-07-30T08:50:00+00:00,51783.490000000005,51784.990000000005,51757.990000000005,51760.490000000005,1314
2026-07-30T08:55:00+00:00,51760.490000000005,51772.490000000005,51729.990000000005,51770.490000000005,1323
2026-07-30T09:00:00+00:00,51770.490000000005,51794.990000000005,51757.490000000005,51785.990000000005,1828
2026-07-30T09:05:00+00:00,51785.990000000005,51812.990000000005,51780.990000000005,51807.990000000005,1457
2026-07-30T09:10:00+00:00,51807.990000000005,51828.990000000005,51783.990000000005,51804.990000000005,1872
2026-07-30T09:15:00+00:00,51804.990000000005,51816.990000000005,51791.990000000005,51799.990000000005,1802
2026-07-30T09:20:00+00:00,51799.990000000005,51825.990000000005,51799.990000000005,51811.990000000005,1530
2026-07-30T09:25:00+00:00,51811.990000000005,51824.990000000005,51798.990000000005,51808.990000000005,1567
2026-07-30T09:30:00+00:00,51808.990000000005,51820.990000000005,51795.990000000005,51818.990000000005,1434
2026-07-30T09:35:00+00:00,51818.990000000005,51840.490000000005,51803.990000000005,51803.990000000005,1638
2026-07-30T09:40:00+00:00,51803.990000000005,51810.490000000005,51793.990000000005,51808.990000000005,1111
2026-07-30T09:45:00+00:00,51808.990000000005,51816.990000000005,51799.990000000005,51811.990000000005,1022
2026-07-30T09:50:00+00:00,51811.990000000005,51814.990000000005,51790.990000000005,51797.990000000005,1387
2026-07-30T09:55:00+00:00,51797.990000000005,51798.990000000005,51720.990000000005,51724.490000000005,1309
2026-07-30T10:00:00+00:00,51724.490000000005,51749.990000000005,51714.490000000005,51732.990000000005,1740
2026-07-30T10:05:00+00:00,51732.990000000005,51772.490000000005,51732.990000000005,51767.990000000005,1453
2026-07-30T10:10:00+00:00,51767.990000000005,51780.990000000005,51730.990000000005,51738.990000000005,1475
2026-07-30T10:15:00+00:00,51738.990000000005,51781.990000000005,51738.490000000005,51780.490000000005,2018
2026-07-30T10:20:00+00:00,51780.490000000005,51797.490000000005,51776.490000000005,51787.990000000005,1941
2026-07-30T10:25:00+00:00,51787.990000000005,51805.990000000005,51782.490000000005,51789.990000000005,1684
2026-07-30T10:30:00+00:00,51789.990000000005,51795.490000000005,51765.990000000005,51774.990000000005,1280
2026-07-30T10:35:00+00:00,51774.990000000005,51797.990000000005,51772.990000000005,51795.990000000005,1565
2026-07-30T10:40:00+00:00,51795.990000000005,51835.990000000005,51792.490000000005,51808.990000000005,2210
2026-07-30T10:45:00+00:00,51808.990000000005,51819.990000000005,51782.490000000005,51790.490000000005,1521
2026-07-30T10:50:00+00:00,51790.490000000005,51810.990000000005,51764.990000000005,51765.490000000005,2097
2026-07-30T10:55:00+00:00,51765.490000000005,51775.490000000005,51754.740000000005,51767.490000000005,922
2026-07-30T11:00:00+00:00,51767.490000000005,51796.490000000005,51767.490000000005,51780.990000000005,2045
2026-07-30T11:05:00+00:00,51780.990000000005,51799.490000000005,51779.490000000005,51795.990000000005,1566
2026-07-30T11:10:00+00:00,51795.990000000005,51818.990000000005,51786.990000000005,51813.990000000005,1441
2026-07-30T11:15:00+00:00,51813.990000000005,51847.990000000005,51811.490000000005,51836.490000000005,1521
2026-07-30T11:20:00+00:00,51836.490000000005,51849.990000000005,51819.490000000005,51849.990000000005,1213
2026-07-30T11:25:00+00:00,51849.990000000005,51866.490000000005,51848.990000000005,51866.490000000005,1313
2026-07-30T11:30:00+00:00,51866.490000000005,51891.490000000005,51864.490000000005,51874.990000000005,1543
2026-07-30T11:35:00+00:00,51874.990000000005,51899.990000000005,51871.990000000005,51888.490000000005,1171
2026-07-30T11:40:00+00:00,51888.490000000005,51893.990000000005,51854.990000000005,51871.490000000005,1305
2026-07-30T11:45:00+00:00,51871.490000000005,51894.990000000005,51870.490000000005,51884.990000000005,1173
2026-07-30T11:50:00+00:00,51884.990000000005,51929.490000000005,51884.490000000005,51924.990000000005,1562
2026-07-30T11:55:00+00:00,51924.990000000005,51929.990000000005,51885.990000000005,51894.490000000005,1313
2026-07-30T12:00:00+00:00,51894.490000000005,51899.990000000005,51869.490000000005,51894.990000000005,2098
2026-07-30T12:05:00+00:00,51894.990000000005,51901.990000000005,51883.490000000005,51891.990000000005,2206
2026-07-30T12:10:00+00:00,51891.990000000005,51894.490000000005,51871.990000000005,51885.990000000005,2004
2026-07-30T12:15:00+00:00,51885.990000000005,51916.990000000005,51883.490000000005,51901.490000000005,1747
2026-07-30T12:20:00+00:00,51901.490000000005,51920.490000000005,51875.990000000005,51910.490000000005,1673
2026-07-30T12:25:00+00:00,51910.490000000005,51922.490000000005,51864.740000000005,51876.740000000005,1614
2026-07-30T12:30:00+00:00,51876.740000000005,51914.990000000005,51842.490000000005,51860.490000000005,2859
2026-07-30T12:35:00+00:00,51860.490000000005,51874.990000000005,51819.490000000005,51831.490000000005,2466
2026-07-30T12:40:00+00:00,51831.490000000005,51840.990000000005,51801.490000000005,51829.990000000005,2966
2026-07-30T12:45:00+00:00,51829.990000000005,51847.990000000005,51811.990000000005,51830.990000000005,2589
2026-07-30T12:50:00+00:00,51830.990000000005,51866.490000000005,51827.990000000005,51859.990000000005,2548
2026-07-30T12:55:00+00:00,51859.990000000005,51866.490000000005,51841.990000000005,51850.490000000005,1874
2026-07-30T13:00:00+00:00,51850.490000000005,51912.490000000005,51848.990000000005,51894.990000000005,2706
2026-07-30T13:05:00+00:00,51894.990000000005,51956.490000000005,51891.490000000005,51912.490000000005,2968
2026-07-30T13:10:00+00:00,51912.490000000005,51934.990000000005,51892.490000000005,51911.990000000005,2722
2026-07-30T13:15:00+00:00,51911.990000000005,51933.490000000005,51898.990000000005,51932.990000000005,2289
2026-07-30T13:20:00+00:00,51932.990000000005,51968.490000000005,51919.990000000005,51968.490000000005,1787
2026-07-30T13:25:00+00:00,51968.490000000005,51989.990000000005,51933.990000000005,51989.490000000005,3117
2026-07-30T13:30:00+00:00,51989.490000000005,51994.840000000004,51873.840000000004,51880.340000000004,9664
2026-07-30T13:35:00+00:00,51880.340000000004,51948.840000000004,51817.840000000004,51837.340000000004,8408
2026-07-30T13:40:00+00:00,51837.340000000004,51910.840000000004,51760.840000000004,51863.840000000004,9425
2026-07-30T13:45:00+00:00,51863.840000000004,51953.840000000004,51863.840000000004,51923.340000000004,7769
2026-07-30T13:50:00+00:00,51923.340000000004,52013.840000000004,51916.340000000004,51967.340000000004,8312
2026-07-30T13:55:00+00:00,51967.340000000004,51987.340000000004,51930.840000000004,51975.340000000004,6326
2026-07-30T14:00:00+00:00,51975.340000000004,52001.840000000004,51910.340000000004,51953.340000000004,6617
2026-07-30T14:05:00+00:00,51953.340000000004,52001.840000000004,51926.340000000004,51949.840000000004,6652
2026-07-30T14:10:00+00:00,51949.840000000004,51971.840000000004,51929.340000000004,51966.840000000004,6168
2026-07-30T14:15:00+00:00,51966.840000000004,51980.840000000004,51920.840000000004,51946.840000000004,6062
2026-07-30T14:20:00+00:00,51946.840000000004,51990.840000000004,51911.840000000004,51920.840000000004,5343
2026-07-30T14:25:00+00:00,51920.840000000004,51996.340000000004,51899.840000000004,51949.340000000004,5511
2026-07-30T14:30:00+00:00,51949.340000000004,51975.840000000004,51908.840000000004,51922.840000000004,5449
2026-07-30T14:35:00+00:00,51922.840000000004,51972.840000000004,51912.840000000004,51960.840000000004,4973
2026-07-30T14:40:00+00:00,51960.840000000004,51978.840000000004,51889.840000000004,51895.840000000004,5015
2026-07-30T14:45:00+00:00,51895.840000000004,51912.840000000004,51814.740000000005,51836.840000000004,6086
2026-07-30T14:50:00+00:00,51836.840000000004,51850.840000000004,51780.340000000004,51789.840000000004,6291
2026-07-30T14:55:00+00:00,51789.840000000004,51829.840000000004,51770.840000000004,51811.840000000004,5803
2026-07-30T15:00:00+00:00,51811.840000000004,51815.840000000004,51756.340000000004,51776.840000000004,6366
2026-07-30T15:05:00+00:00,51776.840000000004,51808.340000000004,51727.840000000004,51796.840000000004,5851
2026-07-30T15:10:00+00:00,51796.840000000004,51798.340000000004,51697.840000000004,51699.840000000004,5219
2026-07-30T15:15:00+00:00,51699.840000000004,51780.840000000004,51682.840000000004,51780.840000000004,6171
2026-07-30T15:20:00+00:00,51780.840000000004,51807.840000000004,51757.840000000004,51768.340000000004,5348
2026-07-30T15:25:00+00:00,51768.340000000004,51785.840000000004,51729.840000000004,51749.840000000004,6343
2026-07-30T15:30:00+00:00,51749.840000000004,51830.340000000004,51738.840000000004,51830.340000000004,6301
2026-07-30T15:35:00+00:00,51830.340000000004,51857.340000000004,51802.340000000004,51828.840000000004,5372
2026-07-30T15:40:00+00:00,51828.840000000004,51926.840000000004,51826.840000000004,51904.340000000004,4882
2026-07-30T15:45:00+00:00,51904.340000000004,51942.840000000004,51904.340000000004,51931.840000000004,4622
2026-07-30T15:50:00+00:00,51931.840000000004,51958.840000000004,51914.840000000004,51954.840000000004,4490
2026-07-30T15:55:00+00:00,51954.840000000004,51985.840000000004,51954.840000000004,51964.840000000004,3963
2026-07-30T16:00:00+00:00,51964.840000000004,52008.840000000004,51944.840000000004,52006.840000000004,3862
2026-07-30T16:05:00+00:00,52006.840000000004,52013.840000000004,51964.840000000004,51991.340000000004,3484
2026-07-30T16:10:00+00:00,51991.340000000004,52053.340000000004,51989.840000000004,52044.840000000004,3293
2026-07-30T16:15:00+00:00,52044.840000000004,52077.340000000004,52035.840000000004,52067.840000000004,2876
2026-07-30T16:20:00+00:00,52067.840000000004,52081.840000000004,52035.340000000004,52036.340000000004,3487
2026-07-30T16:25:00+00:00,52036.340000000004,52073.840000000004,52029.840000000004,52072.840000000004,3196
2026-07-30T16:30:00+00:00,52072.840000000004,52095.340000000004,52048.340000000004,52089.840000000004,3730
2026-07-30T16:35:00+00:00,52089.840000000004,52108.840000000004,52056.340000000004,52059.840000000004,2966
2026-07-30T16:40:00+00:00,52059.840000000004,52070.840000000004,52041.840000000004,52064.840000000004,4125
2026-07-30T16:45:00+00:00,52064.840000000004,52106.340000000004,52063.840000000004,52087.840000000004,2895
2026-07-30T16:50:00+00:00,52087.840000000004,52140.340000000004,52073.840000000004,52137.840000000004,2777
2026-07-30T16:55:00+00:00,52137.840000000004,52147.840000000004,52115.840000000004,52118.840000000004,2524
2026-07-30T17:00:00+00:00,52118.840000000004,52204.340000000004,52118.840000000004,52187.840000000004,3643
2026-07-30T17:05:00+00:00,52187.840000000004,52198.840000000004,52148.340000000004,52170.840000000004,2826
2026-07-30T17:10:00+00:00,52170.840000000004,52178.840000000004,52150.840000000004,52157.840000000004,2436
2026-07-30T17:15:00+00:00,52157.840000000004,52185.840000000004,52154.340000000004,52182.840000000004,1962
2026-07-30T17:20:00+00:00,52182.840000000004,52189.840000000004,52168.840000000004,52176.840000000004,2230
2026-07-30T17:25:00+00:00,52176.840000000004,52179.840000000004,52159.840000000004,52171.840000000004,2330
2026-07-30T17:30:00+00:00,52171.840000000004,52190.840000000004,52154.340000000004,52168.840000000004,2496
2026-07-30T17:35:00+00:00,52168.840000000004,52195.840000000004,52146.340000000004,52153.840000000004,3486
2026-07-30T17:40:00+00:00,52153.840000000004,52201.840000000004,52153.840000000004,52184.340000000004,3080
2026-07-30T17:45:00+00:00,52184.340000000004,52200.340000000004,52174.840000000004,52174.840000000004,2385
2026-07-30T17:50:00+00:00,52174.840000000004,52202.840000000004,52166.840000000004,52167.840000000004,2232
2026-07-30T17:55:00+00:00,52167.840000000004,52167.840000000004,52143.340000000004,52145.840000000004,1898
2026-07-30T18:00:00+00:00,52145.840000000004,52186.340000000004,52145.840000000004,52154.840000000004,2080
2026-07-30T18:05:00+00:00,52154.840000000004,52179.840000000004,52152.840000000004,52166.840000000004,2043
2026-07-30T18:10:00+00:00,52166.840000000004,52184.840000000004,52163.840000000004,52180.840000000004,1875
2026-07-30T18:15:00+00:00,52180.840000000004,52195.840000000004,52176.840000000004,52194.340000000004,1971
2026-07-30T18:20:00+00:00,52194.340000000004,52210.840000000004,52191.840000000004,52193.840000000004,1822
2026-07-30T18:25:00+00:00,52193.840000000004,52203.340000000004,52179.840000000004,52200.840000000004,1715
2026-07-30T18:30:00+00:00,52200.840000000004,52203.840000000004,52175.840000000004,52188.840000000004,2186
2026-07-30T18:35:00+00:00,52188.840000000004,52194.840000000004,52172.840000000004,52179.840000000004,1868
2026-07-30T18:40:00+00:00,52179.840000000004,52202.840000000004,52179.340000000004,52199.840000000004,1897
2026-07-30T18:45:00+00:00,52199.840000000004,52204.340000000004,52191.840000000004,52203.340000000004,1599
2026-07-30T18:50:00+00:00,52203.340000000004,52226.840000000004,52198.840000000004,52216.840000000004,1723
2026-07-30T18:55:00+00:00,52216.840000000004,52233.840000000004,52212.840000000004,52229.840000000004,1470
2026-07-30T19:00:00+00:00,52229.840000000004,52271.840000000004,52226.840000000004,52266.840000000004,2415
2026-07-30T19:05:00+00:00,52266.840000000004,52277.840000000004,52253.840000000004,52273.840000000004,2231
2026-07-30T19:10:00+00:00,52273.840000000004,52298.340000000004,52272.340000000004,52282.840000000004,2440
2026-07-30T19:15:00+00:00,52282.840000000004,52285.840000000004,52266.840000000004,52271.840000000004,2012
2026-07-30T19:20:00+00:00,52271.840000000004,52287.840000000004,52270.340000000004,52271.840000000004,2004
2026-07-30T19:25:00+00:00,52271.840000000004,52285.840000000004,52263.840000000004,52264.840000000004,1798
2026-07-30T19:30:00+00:00,52264.840000000004,52278.840000000004,52256.840000000004,52262.840000000004,2462
2026-07-30T19:35:00+00:00,52262.840000000004,52274.840000000004,52246.840000000004,52251.840000000004,2324
2026-07-30T19:40:00+00:00,52251.840000000004,52265.340000000004,52243.340000000004,52257.840000000004,2383
2026-07-30T19:45:00+00:00,52257.840000000004,52267.340000000004,52236.840000000004,52245.840000000004,3016
2026-07-30T19:50:00+00:00,52245.840000000004,52248.840000000004,52217.840000000004,52224.340000000004,3914
2026-07-30T19:55:00+00:00,52224.340000000004,52284.840000000004,52212.340000000004,52254.840000000004,4492
2026-07-30T20:00:00+00:00,52254.840000000004,52363.990000000005,52246.990000000005,52355.490000000005,2924
2026-07-30T20:05:00+00:00,52355.490000000005,52361.490000000005,52321.990000000005,52324.990000000005,1430
2026-07-30T20:10:00+00:00,52324.990000000005,52346.990000000005,52314.990000000005,52345.490000000005,1491
2026-07-30T20:15:00+00:00,52345.490000000005,52363.490000000005,52336.990000000005,52342.490000000005,1261
2026-07-30T20:20:00+00:00,52342.490000000005,52353.490000000005,52338.990000000005,52340.490000000005,908
2026-07-30T20:25:00+00:00,52340.490000000005,52340.990000000005,52321.990000000005,52333.490000000005,671
2026-07-30T20:30:00+00:00,52333.490000000005,52357.990000000005,52300.490000000005,52320.490000000005,2646
2026-07-30T20:35:00+00:00,52320.490000000005,52321.490000000005,52287.990000000005,52303.990000000005,1504
2026-07-30T20:40:00+00:00,52303.990000000005,52327.490000000005,52296.490000000005,52325.490000000005,1493
2026-07-30T20:45:00+00:00,52325.490000000005,52332.490000000005,52317.490000000005,52324.990000000005,1221
2026-07-30T20:50:00+00:00,52324.990000000005,52333.990000000005,52312.490000000005,52323.990000000005,1392
2026-07-30T20:55:00+00:00,52323.990000000005,52329.490000000005,52299.740000000005,52305.740000000005,1310
2026-07-30T22:00:00+00:00,52305.740000000005,52305.740000000005,52267.48,52300.73,1674
2026-07-30T22:05:00+00:00,52300.73,52305.23,52286.73,52301.23,708
2026-07-30T22:10:00+00:00,52301.23,52302.23,52278.73,52287.73,723
2026-07-30T22:15:00+00:00,52287.73,52307.23,52287.73,52295.73,579
2026-07-30T22:20:00+00:00,52295.73,52302.23,52283.73,52285.23,756
2026-07-30T22:25:00+00:00,52285.23,52301.23,52285.23,52299.73,538
2026-07-30T22:30:00+00:00,52299.73,52317.73,52298.23,52314.73,349
2026-07-30T22:35:00+00:00,52314.73,52335.73,52314.73,52335.23,427
2026-07-30T22:40:00+00:00,52335.23,52342.73,52327.73,52342.73,340
2026-07-30T22:45:00+00:00,52342.73,52349.73,52342.73,52349.73,177
2026-07-30T22:50:00+00:00,52349.73,52355.73,52345.23,52352.73,194
2026-07-30T22:55:00+00:00,52352.73,52364.23,52352.73,52361.73,226
2026-07-30T23:00:00+00:00,52361.73,52383.23,52360.73,52382.73,387
2026-07-30T23:05:00+00:00,52382.73,52385.23,52368.23,52368.23,223
2026-07-30T23:10:00+00:00,52368.23,52369.73,52352.23,52356.23,337
2026-07-30T23:15:00+00:00,52356.23,52356.73,52347.23,52354.23,212
2026-07-30T23:20:00+00:00,52354.23,52355.73,52348.73,52348.73,215
2026-07-30T23:25:00+00:00,52348.73,52359.73,52348.73,52354.73,224
2026-07-30T23:30:00+00:00,52354.73,52366.23,52354.73,52358.73,229
2026-07-30T23:35:00+00:00,52358.73,52364.23,52353.73,52363.23,217
2026-07-30T23:40:00+00:00,52363.23,52380.73,52361.73,52376.23,376
2026-07-30T23:45:00+00:00,52376.23,52382.73,52364.23,52379.73,651
2026-07-30T23:50:00+00:00,52379.73,52379.73,52359.73,52370.73,610
2026-07-30T23:55:00+00:00,52370.73,52380.73,52362.73,52364.73,618
2026-07-31T00:00:00+00:00,52364.73,52385.23,52345.73,52382.23,1794
2026-07-31T00:05:00+00:00,52382.23,52396.73,52375.23,52393.23,1122
2026-07-31T00:10:00+00:00,52393.23,52415.23,52383.23,52409.73,862
2026-07-31T00:15:00+00:00,52409.73,52424.23,52391.73,52410.23,1392
2026-07-31T00:20:00+00:00,52410.23,52410.73,52392.23,52402.23,1146
2026-07-31T00:25:00+00:00,52402.23,52413.23,52398.23,52401.73,742
2026-07-31T00:30:00+00:00,52401.73,52424.23,52400.73,52411.73,754
2026-07-31T00:35:00+00:00,52411.73,52423.73,52405.73,52421.23,666
2026-07-31T00:40:00+00:00,52421.23,52435.23,52415.73,52435.23,596
2026-07-31T00:45:00+00:00,52435.23,52436.73,52403.73,52406.73,618
2026-07-31T00:50:00+00:00,52406.73,52413.73,52398.23,52398.23,461
2026-07-31T00:55:00+00:00,52398.23,52416.23,52398.23,52413.23,423
2026-07-31T01:00:00+00:00,52413.23,52437.23,52411.73,52435.23,861
2026-07-31T01:05:00+00:00,52435.23,52446.73,52431.73,52446.23,556
2026-07-31T01:10:00+00:00,52446.23,52453.23,52441.73,52449.73,528
2026-07-31T01:15:00+00:00,52449.73,52472.23,52447.73,52462.23,567
2026-07-31T01:20:00+00:00,52462.23,52465.23,52450.73,52455.73,377
2026-07-31T01:25:00+00:00,52455.73,52465.73,52449.73,52461.73,580
2026-07-31T01:30:00+00:00,52461.73,52464.23,52446.23,52464.23,661
2026-07-31T01:35:00+00:00,52464.23,52464.73,52438.23,52444.23,543
2026-07-31T01:40:00+00:00,52444.23,52444.73,52431.73,52435.23,379
2026-07-31T01:45:00+00:00,52435.23,52440.23,52428.23,52436.73,450
2026-07-31T01:50:00+00:00,52436.73,52451.73,52436.73,52445.23,531
2026-07-31T01:55:00+00:00,52445.23,52461.73,52444.23,52459.23,353
2026-07-31T02:00:00+00:00,52459.23,52469.73,52452.23,52455.73,554
2026-07-31T02:05:00+00:00,52455.73,52477.23,52447.73,52473.23,440
2026-07-31T02:10:00+00:00,52473.23,52474.23,52462.23,52468.23,271
2026-07-31T02:15:00+00:00,52468.23,52472.23,52458.73,52464.23,425
2026-07-31T02:20:00+00:00,52464.23,52465.23,52456.23,52458.23,356
2026-07-31T02:25:00+00:00,52458.23,52459.23,52445.73,52449.23,253
2026-07-31T02:30:00+00:00,52449.23,52455.73,52438.23,52438.23,352
2026-07-31T02:35:00+00:00,52438.23,52443.23,52428.23,52442.73,416
2026-07-31T02:40:00+00:00,52442.73,52451.23,52440.73,52451.23,292
2026-07-31T02:45:00+00:00,52451.23,52454.73,52431.73,52435.23,430
2026-07-31T02:50:00+00:00,52435.23,52441.73,52429.73,52429.73,372
2026-07-31T02:55:00+00:00,52429.73,52438.73,52423.23,52438.73,491
2026-07-31T03:00:00+00:00,52438.73,52440.73,52426.73,52437.23,681
2026-07-31T03:05:00+00:00,52437.23,52438.23,52431.73,52436.73,405
2026-07-31T03:10:00+00:00,52436.73,52438.73,52412.23,52421.23,876
2026-07-31T03:15:00+00:00,52421.23,52441.23,52419.73,52441.23,393
2026-07-31T03:20:00+00:00,52441.23,52450.73,52435.73,52440.73,605
2026-07-31T03:25:00+00:00,52440.73,52446.23,52435.23,52444.73,418
2026-07-31T03:30:00+00:00,52444.73,52464.73,52443.73,52459.23,688
2026-07-31T03:35:00+00:00,52459.23,52461.73,52451.23,52456.23,387
2026-07-31T03:40:00+00:00,52456.23,52458.23,52446.73,52453.73,320
2026-07-31T03:45:00+00:00,52453.73,52453.73,52430.23,52431.73,497
2026-07-31T03:50:00+00:00,52431.73,52458.23,52431.23,52456.23,480
2026-07-31T03:55:00+00:00,52456.23,52460.23,52452.73,52455.73,347
2026-07-31T04:00:00+00:00,52455.73,52456.73,52437.23,52448.23,390
2026-07-31T04:05:00+00:00,52448.23,52465.23,52448.23,52463.23,312
2026-07-31T04:10:00+00:00,52463.23,52466.73,52459.23,52464.73,306
2026-07-31T04:15:00+00:00,52464.73,52469.23,52457.23,52468.23,255
2026-07-31T04:20:00+00:00,52468.23,52477.73,52464.73,52477.23,308
2026-07-31T04:25:00+00:00,52477.23,52485.73,52473.73,52483.73,356
2026-07-31T04:30:00+00:00,52483.73,52498.23,52481.23,52496.23,346
2026-07-31T04:35:00+00:00,52496.23,52506.23,52491.23,52505.73,305
2026-07-31T04:40:00+00:00,52505.73,52508.23,52498.23,52506.23,176
2026-07-31T04:45:00+00:00,52506.23,52515.23,52506.23,52508.73,239
2026-07-31T04:50:00+00:00,52508.73,52515.73,52501.73,52515.73,224
2026-07-31T04:55:00+00:00,52515.73,52517.23,52512.23,52513.23,114
2026-07-31T05:00:00+00:00,52513.23,52523.73,52512.23,52514.23,310
2026-07-31T05:05:00+00:00,52514.23,52514.23,52501.73,52504.23,220
2026-07-31T05:10:00+00:00,52504.23,52508.23,52500.73,52505.23,200
2026-07-31T05:15:00+00:00,52505.23,52509.73,52501.73,52507.23,132
2026-07-31T05:20:00+00:00,52507.23,52507.73,52502.73,52503.73,157
2026-07-31T05:25:00+00:00,52503.73,52515.23,52501.23,52510.73,206
2026-07-31T05:30:00+00:00,52510.73,52514.73,52500.23,52503.23,303
2026-07-31T05:35:00+00:00,52503.23,52511.23,52501.23,52508.23,254
2026-07-31T05:40:00+00:00,52508.23,52522.73,52501.73,52501.73,370
2026-07-31T05:45:00+00:00,52501.73,52512.73,52493.73,52510.23,322
2026-07-31T05:50:00+00:00,52510.23,52510.23,52497.73,52505.23,287
2026-07-31T05:55:00+00:00,52505.23,52506.23,52491.23,52498.23,320
2026-07-31T06:00:00+00:00,52498.23,52508.73,52490.23,52497.23,535
2026-07-31T06:05:00+00:00,52497.23,52505.23,52495.73,52499.73,378
2026-07-31T06:10:00+00:00,52499.73,52509.23,52497.23,52507.23,311
2026-07-31T06:15:00+00:00,52507.23,52512.73,52502.73,52504.73,273
2026-07-31T06:20:00+00:00,52504.73,52504.73,52491.73,52494.73,334
2026-07-31T06:25:00+00:00,52494.73,52505.73,52492.73,52503.73,378
2026-07-31T06:30:00+00:00,52503.73,52506.23,52472.23,52474.23,779
2026-07-31T06:35:00+00:00,52474.23,52486.73,52466.23,52473.73,798
2026-07-31T06:40:00+00:00,52473.73,52478.73,52456.73,52459.23,626
2026-07-31T06:45:00+00:00,52459.23,52465.23,52440.23,52448.73,896
2026-07-31T06:50:00+00:00,52448.73,52465.73,52435.23,52461.73,593
2026-07-31T06:55:00+00:00,52461.73,52483.73,52460.23,52477.73,637
2026-07-31T07:00:00+00:00,52477.73,52488.73,52453.73,52488.73,1316
2026-07-31T07:05:00+00:00,52488.73,52529.23,52487.23,52526.23,968
2026-07-31T07:10:00+00:00,52526.23,52576.23,52525.73,52569.23,1065
2026-07-31T07:15:00+00:00,52569.23,52569.23,52520.23,52554.73,1158
2026-07-31T07:20:00+00:00,52554.73,52557.73,52528.23,52541.73,1082
2026-07-31T07:25:00+00:00,52541.73,52572.73,52541.73,52557.23,916
2026-07-31T07:30:00+00:00,52557.23,52561.23,52543.73,52543.73,877
2026-07-31T07:35:00+00:00,52543.73,52559.23,52537.23,52553.23,846
2026-07-31T07:40:00+00:00,52553.23,52572.23,52549.73,52570.73,670
2026-07-31T07:45:00+00:00,52570.73,52573.23,52541.73,52549.73,820
2026-07-31T07:50:00+00:00,52549.73,52553.23,52532.73,52547.23,781
2026-07-31T07:55:00+00:00,52547.23,52563.73,52540.73,52543.73,783
2026-07-31T08:00:00+00:00,52543.73,52553.73,52521.73,52544.73,1533
2026-07-31T08:05:00+00:00,52544.73,52555.73,52534.23,52542.73,1222
2026-07-31T08:10:00+00:00,52542.73,52558.73,52537.73,52552.73,1046
2026-07-31T08:15:00+00:00,52552.73,52575.73,52552.73,52574.23,942
2026-07-31T08:20:00+00:00,52574.23,52576.23,52541.73,52552.73,913
2026-07-31T08:25:00+00:00,52552.73,52581.23,52551.23,52560.73,1049
2026-07-31T08:30:00+00:00,52560.73,52560.73,52526.23,52548.73,866
2026-07-31T08:35:00+00:00,52548.73,52558.73,52531.73,52533.73,831
2026-07-31T08:40:00+00:00,52533.73,52548.23,52531.73,52540.73,694
2026-07-31T08:45:00+00:00,52540.73,52549.73,52529.23,52535.73,799
2026-07-31T08:50:00+00:00,52535.73,52549.23,52530.73,52533.23,708
2026-07-31T08:55:00+00:00,52533.23,52562.23,52533.23,52546.73,951
2026-07-31T09:00:00+00:00,52546.73,52557.73,52532.73,52536.73,1463
2026-07-31T09:05:00+00:00,52536.73,52552.23,52525.73,52549.73,833
2026-07-31T09:10:00+00:00,52549.73,52568.23,52545.73,52567.73,797
2026-07-31T09:15:00+00:00,52567.73,52578.23,52565.73,52565.73,635
2026-07-31T09:20:00+00:00,52565.73,52572.73,52558.23,52558.73,643
2026-07-31T09:25:00+00:00,52558.73,52567.73,52553.73,52556.73,564
2026-07-31T09:30:00+00:00,52556.73,52561.73,52527.23,52533.23,743
2026-07-31T09:35:00+00:00,52533.23,52536.73,52501.73,52510.73,848
2026-07-31T09:40:00+00:00,52510.73,52529.23,52502.23,52519.73,603
2026-07-31T09:45:00+00:00,52519.73,52528.73,52510.73,52519.73,625
2026-07-31T09:50:00+00:00,52519.73,52538.73,52516.73,52527.73,675
2026-07-31T09:55:00+00:00,52527.73,52537.73,52516.73,52523.73,827
2026-07-31T10:00:00+00:00,52523.73,52525.23,52505.73,52512.23,1085
2026-07-31T10:05:00+00:00,52512.23,52520.73,52503.73,52511.23,960
2026-07-31T10:10:00+00:00,52511.23,52529.73,52509.73,52523.73,611
2026-07-31T10:15:00+00:00,52523.73,52563.73,52523.73,52562.73,619
2026-07-31T10:20:00+00:00,52562.73,52580.73,52551.73,52552.73,671
2026-07-31T10:25:00+00:00,52552.73,52562.23,52550.73,52553.73,570
2026-07-31T10:30:00+00:00,52553.73,52590.73,52548.73,52590.73,935
2026-07-31T10:35:00+00:00,52590.73,52599.23,52572.73,52596.73,926
2026-07-31T10:40:00+00:00,52596.73,52603.23,52581.73,52597.73,789
2026-07-31T10:45:00+00:00,52597.73,52608.73,52584.73,52594.73,713
2026-07-31T10:50:00+00:00,52594.73,52617.73,52591.23,52612.23,720
2026-07-31T10:55:00+00:00,52612.23,52625.23,52599.23,52609.23,767
2026-07-31T11:00:00+00:00,52609.23,52611.23,52577.23,52596.23,1132
2026-07-31T11:05:00+00:00,52596.23,52598.73,52582.73,52586.73,656
2026-07-31T11:10:00+00:00,52586.73,52586.73,52566.73,52567.23,701
2026-07-31T11:15:00+00:00,52567.23,52572.23,52520.23,52553.73,1969
2026-07-31T11:20:00+00:00,52553.73,52562.73,52536.73,52545.23,1101
2026-07-31T11:25:00+00:00,52545.23,52546.23,52527.23,52528.23,969
2026-07-31T11:30:00+00:00,52528.23,52537.23,52498.23,52502.73,1274
2026-07-31T11:35:00+00:00,52502.73,52522.73,52489.73,52494.23,959
2026-07-31T11:40:00+00:00,52494.23,52502.23,52481.23,52494.73,951
2026-07-31T11:45:00+00:00,52494.73,52520.73,52489.23,52511.73,1189
2026-07-31T11:50:00+00:00,52511.73,52548.23,52509.73,52542.73,886
2026-07-31T11:55:00+00:00,52542.73,52557.73,52534.73,52546.73,789
2026-07-31T12:00:00+00:00,52546.73,52548.73,52504.73,52512.23,1133
2026-07-31T12:05:00+00:00,52512.23,52520.73,52501.23,52509.73,1124
2026-07-31T12:10:00+00:00,52509.73,52519.73,52499.73,52509.23,1120
2026-07-31T12:15:00+00:00,52509.23,52521.23,52503.23,52511.23,1043
2026-07-31T12:20:00+00:00,52511.23,52525.23,52484.73,52524.73,1172
2026-07-31T12:25:00+00:00,52524.73,52528.23,52514.73,52518.73,970
2026-07-31T12:30:00+00:00,52518.73,52520.23,52468.73,52469.73,1605
2026-07-31T12:35:00+00:00,52469.73,52469.73,52423.73,52425.23,1934
2026-07-31T12:40:00+00:00,52425.23,52449.73,52417.73,52442.23,1616
2026-07-31T12:45:00+00:00,52442.23,52450.73,52420.23,52428.23,1773
2026-07-31T12:50:00+00:00,52428.23,52458.23,52413.73,52452.73,1173
2026-07-31T12:55:00+00:00,52452.73,52453.73,52415.73,52435.73,1090
2026-07-31T13:00:00+00:00,52435.73,52472.73,52424.73,52452.73,1555
2026-07-31T13:05:00+00:00,52452.73,52466.73,52434.73,52466.73,1171
2026-07-31T13:10:00+00:00,52466.73,52479.73,52447.73,52460.73,1459
2026-07-31T13:15:00+00:00,52460.73,52480.73,52457.73,52477.73,1445
2026-07-31T13:20:00+00:00,52477.73,52536.23,52477.73,52533.23,1273
2026-07-31T13:25:00+00:00,52533.23,52533.23,52463.23,52499.73,1925
2026-07-31T13:30:00+00:00,52499.73,52516.58,52407.58,52434.58,8183
2026-07-31T13:35:00+00:00,52434.58,52456.58,52352.58,52352.58,8086
2026-07-31T13:40:00+00:00,52352.58,52396.58,52301.08,52375.08,6129
2026-07-31T13:45:00+00:00,52375.08,52388.08,52260.08,52263.58,8854
2026-07-31T13:50:00+00:00,52263.58,52282.58,52230.58,52251.08,8899
2026-07-31T13:55:00+00:00,52251.08,52281.58,52224.58,52229.58,7359
2026-07-31T14:00:00+00:00,52229.58,52237.58,52138.08,52144.58,6066
2026-07-31T14:05:00+00:00,52144.58,52161.58,52030.58,52088.08,7660
2026-07-31T14:10:00+00:00,52088.08,52096.08,52021.58,52061.58,8308
2026-07-31T14:15:00+00:00,52061.58,52094.58,52007.58,52026.58,8335
2026-07-31T14:20:00+00:00,52026.58,52132.08,52017.58,52111.58,6653
2026-07-31T14:25:00+00:00,52111.58,52192.58,52107.58,52187.58,6366
2026-07-31T14:30:00+00:00,52187.58,52215.58,52154.08,52175.58,5632
2026-07-31T14:35:00+00:00,52175.58,52217.08,52174.08,52211.58,5261
2026-07-31T14:40:00+00:00,52211.58,52244.58,52184.58,52232.58,5768
2026-07-31T14:45:00+00:00,52232.58,52278.58,52227.58,52260.58,5143
2026-07-31T14:50:00+00:00,52260.58,52320.58,52251.08,52278.08,4254
2026-07-31T14:55:00+00:00,52278.08,52326.58,52255.08,52318.58,4808
2026-07-31T15:00:00+00:00,52318.58,52325.58,52277.08,52321.08,4418
2026-07-31T15:05:00+00:00,52321.08,52343.58,52262.08,52290.58,4725
2026-07-31T15:10:00+00:00,52290.58,52366.58,52279.58,52350.58,5581
2026-07-31T15:15:00+00:00,52350.58,52381.08,52298.58,52323.08,5743
2026-07-31T15:20:00+00:00,52323.08,52338.08,52280.58,52286.58,4641
2026-07-31T15:25:00+00:00,52286.58,52303.58,52259.08,52272.58,4882
2026-07-31T15:30:00+00:00,52272.58,52290.58,52242.58,52290.58,5579
2026-07-31T15:35:00+00:00,52290.58,52376.58,52280.58,52361.58,5134
2026-07-31T15:40:00+00:00,52361.58,52387.58,52314.58,52352.58,4961
2026-07-31T15:45:00+00:00,52352.58,52369.58,52321.58,52333.58,4978
2026-07-31T15:50:00+00:00,52333.58,52412.58,52324.58,52383.58,4401
2026-07-31T15:55:00+00:00,52383.58,52432.58,52379.58,52421.08,3618
2026-07-31T16:00:00+00:00,52421.08,52437.58,52398.58,52420.58,4004
2026-07-31T16:05:00+00:00,52420.58,52429.58,52376.08,52399.08,3696
2026-07-31T16:10:00+00:00,52399.08,52450.58,52397.08,52440.08,3525
2026-07-31T16:15:00+00:00,52440.08,52440.58,52397.08,52423.58,3384
2026-07-31T16:20:00+00:00,52423.58,52485.58,52419.58,52473.58,3092
2026-07-31T16:25:00+00:00,52473.58,52475.58,52423.58,52458.58,3331
2026-07-31T16:30:00+00:00,52458.58,52488.58,52454.58,52488.58,2792
2026-07-31T16:35:00+00:00,52488.58,52497.58,52454.58,52461.58,2460
2026-07-31T16:40:00+00:00,52461.58,52483.58,52454.58,52463.58,2615
2026-07-31T16:45:00+00:00,52463.58,52488.58,52458.08,52469.58,2697
2026-07-31T16:50:00+00:00,52469.58,52493.08,52462.58,52477.58,2140
2026-07-31T16:55:00+00:00,52477.58,52483.08,52458.58,52460.58,1884
2026-07-31T17:00:00+00:00,52460.58,52487.58,52452.08,52474.08,2211
2026-07-31T17:05:00+00:00,52474.08,52491.58,52445.58,52467.08,2194
2026-07-31T17:10:00+00:00,52467.08,52501.58,52459.58,52497.58,1749
2026-07-31T17:15:00+00:00,52497.58,52506.58,52490.58,52503.58,1711
2026-07-31T17:20:00+00:00,52503.58,52542.58,52493.08,52540.58,2045
2026-07-31T17:25:00+00:00,52540.58,52560.58,52533.58,52553.08,2770
2026-07-31T17:30:00+00:00,52553.08,52553.58,52537.58,52542.08,2223
2026-07-31T17:35:00+00:00,52542.08,52552.58,52519.58,52519.58,2157
2026-07-31T17:40:00+00:00,52519.58,52531.58,52508.58,52523.58,1888
2026-07-31T17:45:00+00:00,52523.58,52540.58,52489.58,52493.58,2467
2026-07-31T17:50:00+00:00,52493.58,52517.58,52485.58,52506.58,2465
2026-07-31T17:55:00+00:00,52506.58,52518.58,52497.58,52500.58,1839
2026-07-31T18:00:00+00:00,52500.58,52537.08,52494.58,52520.08,2231
2026-07-31T18:05:00+00:00,52520.08,52548.08,52505.58,52545.58,2039
2026-07-31T18:10:00+00:00,52545.58,52559.58,52542.08,52547.58,2414
2026-07-31T18:15:00+00:00,52547.58,52569.58,52539.58,52557.58,1705
2026-07-31T18:20:00+00:00,52557.58,52575.58,52552.58,52569.58,1780
2026-07-31T18:25:00+00:00,52569.58,52573.58,52549.08,52562.58,1539
2026-07-31T18:30:00+00:00,52562.58,52571.58,52546.08,52547.58,1619
2026-07-31T18:35:00+00:00,52547.58,52556.58,52535.08,52537.08,1643
2026-07-31T18:40:00+00:00,52537.08,52558.58,52530.58,52553.58,1474
2026-07-31T18:45:00+00:00,52553.58,52562.58,52541.58,52559.58,1374
2026-07-31T18:50:00+00:00,52559.58,52568.58,52548.08,52550.58,1363
2026-07-31T18:55:00+00:00,52550.58,52557.08,52538.58,52547.58,1533
2026-07-31T19:00:00+00:00,52547.58,52565.58,52517.58,52520.08,1721
2026-07-31T19:05:00+00:00,52520.08,52556.58,52515.58,52546.58,1653
2026-07-31T19:10:00+00:00,52546.58,52570.58,52545.58,52557.08,1343
2026-07-31T19:15:00+00:00,52557.08,52608.58,52552.58,52604.08,2100
2026-07-31T19:20:00+00:00,52604.08,52631.58,52595.58,52609.58,2357
2026-07-31T19:25:00+00:00,52609.58,52621.58,52588.58,52588.58,1740
2026-07-31T19:30:00+00:00,52588.58,52588.58,52549.58,52553.58,2841
2026-07-31T19:35:00+00:00,52553.58,52611.58,52551.58,52606.58,2227
2026-07-31T19:40:00+00:00,52606.58,52643.58,52601.08,52642.58,2354
2026-07-31T19:45:00+00:00,52642.58,52653.58,52624.58,52641.58,2834
2026-07-31T19:50:00+00:00,52641.58,52656.08,52598.08,52613.58,3389
2026-07-31T19:55:00+00:00,52613.58,52614.58,52501.58,52515.08,4538
2026-07-31T20:00:00+00:00,52515.08,52569.23,52515.08,52553.73,2803
2026-07-31T20:05:00+00:00,52553.73,52570.23,52540.23,52562.23,1238
2026-07-31T20:10:00+00:00,52562.23,52566.73,52553.23,52556.73,947
2026-07-31T20:15:00+00:00,52556.73,52556.73,52535.82,52535.82,691
2026-07-31T20:20:00+00:00,52535.82,52535.82,52526.32,52529.32,413
2026-07-31T20:25:00+00:00,52529.32,52536.82,52521.32,52528.82,385
2026-07-31T20:30:00+00:00,52528.82,52528.82,52513.32,52523.32,504
2026-07-31T20:35:00+00:00,52523.32,52523.32,52515.82,52520.82,393
2026-07-31T20:40:00+00:00,52520.82,52520.82,52505.82,52507.57,445
2026-08-02T22:00:00+00:00,52507.57,52761.01,52507.57,52711.51,538
2026-08-02T22:05:00+00:00,52711.51,52733.51,52698.26,52730.51,369
2026-08-02T22:10:00+00:00,52730.51,52747.51,52720.01,52733.01,706
2026-08-02T22:15:00+00:00,52733.01,52737.51,52708.01,52711.51,869
2026-08-02T22:20:00+00:00,52711.51,52747.01,52711.01,52736.01,875
2026-08-02T22:25:00+00:00,52736.01,52747.51,52721.01,52733.51,861
2026-08-02T22:30:00+00:00,52733.51,52738.51,52723.51,52727.01,458
2026-08-02T22:35:00+00:00,52727.01,52741.51,52726.01,52738.51,428
2026-08-02T22:40:00+00:00,52738.51,52738.51,52715.51,52717.51,347
2026-08-02T22:45:00+00:00,52717.51,52717.51,52706.01,52708.51,205
2026-08-02T22:50:00+00:00,52708.51,52711.51,52695.51,52701.51,279
2026-08-02T22:55:00+00:00,52701.51,52703.01,52677.01,52682.51,374
2026-08-02T23:00:00+00:00,52682.51,52709.01,52682.01,52704.51,467
2026-08-02T23:05:00+00:00,52704.51,52706.51,52682.51,52684.51,278
2026-08-02T23:10:00+00:00,52684.51,52686.01,52675.01,52682.51,237
2026-08-02T23:15:00+00:00,52682.51,52689.51,52682.01,52689.51,92
2026-08-02T23:20:00+00:00,52689.51,52700.01,52683.01,52699.01,272
2026-08-02T23:25:00+00:00,52699.01,52704.01,52697.51,52700.51,128
2026-08-02T23:30:00+00:00,52700.51,52720.51,52699.51,52713.01,303
2026-08-02T23:35:00+00:00,52713.01,52713.01,52700.51,52700.51,165
2026-08-02T23:40:00+00:00,52700.51,52704.01,52691.01,52702.51,285
2026-08-02T23:45:00+00:00,52702.51,52713.51,52681.51,52707.51,688
2026-08-02T23:50:00+00:00,52707.51,52728.01,52695.01,52698.51,651
2026-08-02T23:55:00+00:00,52698.51,52708.51,52689.51,52705.51,604
2026-08-03T00:00:00+00:00,52705.51,52705.51,52668.01,52681.51,1505
2026-08-03T00:05:00+00:00,52681.51,52712.01,52673.01,52702.51,879
2026-08-03T00:10:00+00:00,52702.51,52713.01,52693.01,52708.51,732
2026-08-03T00:15:00+00:00,52708.51,52728.01,52705.51,52716.51,1024
2026-08-03T00:20:00+00:00,52716.51,52720.01,52705.51,52710.51,539
2026-08-03T00:25:00+00:00,52710.51,52722.01,52704.01,52708.51,684
2026-08-03T00:30:00+00:00,52708.51,52727.51,52707.01,52727.01,864
2026-08-03T00:35:00+00:00,52727.01,52734.51,52723.51,52731.01,649
2026-08-03T00:40:00+00:00,52731.01,52741.01,52711.01,52722.01,531
2026-08-03T00:45:00+00:00,52722.01,52730.01,52714.51,52718.51,520
2026-08-03T00:50:00+00:00,52718.51,52734.51,52709.01,52726.01,477
2026-08-03T00:55:00+00:00,52726.01,52736.51,52726.01,52732.01,305
2026-08-03T01:00:00+00:00,52732.01,52749.51,52722.51,52744.01,636
2026-08-03T01:05:00+00:00,52744.01,52757.51,52735.51,52742.51,491
2026-08-03T01:10:00+00:00,52742.51,52743.51,52721.51,52724.51,423
2026-08-03T01:15:00+00:00,52724.51,52729.51,52711.51,52728.01,429
2026-08-03T01:20:00+00:00,52728.01,52744.51,52723.01,52742.51,285
2026-08-03T01:25:00+00:00,52742.51,52761.51,52741.51,52757.01,344
2026-08-03T01:30:00+00:00,52757.01,52760.51,52748.51,52750.01,285
2026-08-03T01:35:00+00:00,52750.01,52757.01,52747.51,52756.01,286
2026-08-03T01:40:00+00:00,52756.01,52769.51,52753.51,52765.01,291
2026-08-03T01:45:00+00:00,52765.01,52779.01,52760.51,52762.01,384
2026-08-03T01:50:00+00:00,52762.01,52768.01,52754.01,52762.51,219
2026-08-03T01:55:00+00:00,52762.51,52768.01,52760.01,52760.01,163
2026-08-03T02:00:00+00:00,52760.01,52766.51,52757.01,52762.51,224
2026-08-03T02:05:00+00:00,52762.51,52766.01,52757.01,52761.51,224
2026-08-03T02:10:00+00:00,52761.51,52769.01,52757.51,52765.51,125
2026-08-03T02:15:00+00:00,52765.51,52774.51,52761.51,52774.51,171
2026-08-03T02:20:00+00:00,52774.51,52779.01,52769.51,52770.51,255
2026-08-03T02:25:00+00:00,52770.51,52771.51,52756.51,52757.01,250
2026-08-03T02:30:00+00:00,52757.01,52764.51,52747.51,52764.51,224
2026-08-03T02:35:00+00:00,52764.51,52768.51,52762.01,52764.01,199
2026-08-03T02:40:00+00:00,52764.01,52771.51,52764.01,52766.01,141
2026-08-03T02:45:00+00:00,52766.01,52774.01,52766.01,52770.51,160
2026-08-03T02:50:00+00:00,52770.51,52777.01,52767.01,52775.51,106
2026-08-03T02:55:00+00:00,52775.51,52781.51,52775.01,52778.01,153
2026-08-03T03:00:00+00:00,52778.01,52784.51,52774.51,52778.01,165
2026-08-03T03:05:00+00:00,52778.01,52782.51,52776.51,52776.51,127
2026-08-03T03:10:00+00:00,52776.51,52784.01,52775.51,52784.01,89
2026-08-03T03:15:00+00:00,52784.01,52788.01,52782.51,52786.01,115
2026-08-03T03:20:00+00:00,52786.01,52788.01,52768.51,52769.01,145
2026-08-03T03:25:00+00:00,52769.01,52773.51,52764.51,52765.51,122
2026-08-03T03:30:00+00:00,52765.51,52775.01,52762.01,52774.01,252
2026-08-03T03:35:00+00:00,52774.01,52793.51,52773.51,52790.51,165
2026-08-03T03:40:00+00:00,52790.51,52802.01,52790.51,52799.51,199
2026-08-03T03:45:00+00:00,52799.51,52802.01,52791.51,52795.51,127
2026-08-03T03:50:00+00:00,52795.51,52810.01,52795.01,52805.01,276
2026-08-03T03:55:00+00:00,52805.01,52806.01,52793.01,52795.01,162
2026-08-03T04:00:00+00:00,52795.01,52799.01,52790.51,52793.51,120
2026-08-03T04:05:00+00:00,52793.51,52808.51,52792.51,52807.01,150
2026-08-03T04:10:00+00:00,52807.01,52809.01,52803.51,52804.01,132
2026-08-03T04:15:00+00:00,52804.01,52817.01,52804.01,52811.51,109
2026-08-03T04:20:00+00:00,52811.51,52818.51,52809.51,52817.01,83
2026-08-03T04:25:00+00:00,52817.01,52819.01,52812.01,52817.01,133
2026-08-03T04:30:00+00:00,52817.01,52819.01,52811.01,52811.01,98
2026-08-03T04:35:00+00:00,52811.01,52815.01,52808.01,52811.01,74
2026-08-03T04:40:00+00:00,52811.01,52818.51,52805.51,52818.51,122
2026-08-03T04:45:00+00:00,52818.51,52829.51,52816.01,52826.01,124
2026-08-03T04:50:00+00:00,52826.01,52828.01,52817.51,52819.51,108
2026-08-03T04:55:00+00:00,52819.51,52819.51,52810.01,52812.51,174
2026-08-03T05:00:00+00:00,52812.51,52820.51,52810.51,52814.01,182
2026-08-03T05:05:00+00:00,52814.01,52814.01,52805.51,52812.01,152
2026-08-03T05:10:00+00:00,52812.01,52825.51,52812.01,52820.51,148
2026-08-03T05:15:00+00:00,52820.51,52820.51,52814.51,52816.01,178
2026-08-03T05:20:00+00:00,52816.01,52820.01,52813.01,52816.51,147
2026-08-03T05:25:00+00:00,52816.51,52823.01,52812.01,52813.01,145
2026-08-03T05:30:00+00:00,52813.01,52816.01,52809.01,52809.01,119
2026-08-03T05:35:00+00:00,52809.01,52810.01,52802.51,52805.51,127
2026-08-03T05:40:00+00:00,52805.51,52810.51,52802.51,52810.01,153
2026-08-03T05:45:00+00:00,52810.01,52811.01,52807.01,52809.01,52
2026-08-03T05:50:00+00:00,52809.01,52809.01,52794.01,52796.51,136
2026-08-03T05:55:00+00:00,52796.51,52807.51,52795.01,52803.51,127
2026-08-03T06:00:00+00:00,52803.51,52820.51,52800.01,52819.01,365
2026-08-03T06:05:00+00:00,52819.01,52832.51,52815.51,52821.51,370
2026-08-03T06:10:00+00:00,52821.51,52829.01,52810.01,52810.01,226
2026-08-03T06:15:00+00:00,52810.01,52813.01,52800.51,52801.01,210
2026-08-03T06:20:00+00:00,52801.01,52801.51,52792.01,52794.01,274
2026-08-03T06:25:00+00:00,52794.01,52794.51,52772.51,52780.51,274
2026-08-03T06:30:00+00:00,52780.51,52801.51,52780.01,52791.51,352
2026-08-03T06:35:00+00:00,52791.51,52791.51,52775.01,52786.01,189
2026-08-03T06:40:00+00:00,52786.01,52790.51,52777.01,52784.51,176
2026-08-03T06:45:00+00:00,52784.51,52790.51,52777.51,52782.51,277
2026-08-03T06:50:00+00:00,52782.51,52794.01,52782.51,52792.51,189
2026-08-03T06:55:00+00:00,52792.51,52793.51,52777.01,52781.51,353
2026-08-03T07:00:00+00:00,52781.51,52805.51,52756.01,52784.51,1085
2026-08-03T07:05:00+00:00,52784.51,52818.01,52784.51,52794.51,920
2026-08-03T07:10:00+00:00,52794.51,52809.51,52790.01,52806.51,632
2026-08-03T07:15:00+00:00,52806.51,52816.51,52736.51,52759.51,1845
2026-08-03T07:20:00+00:00,52759.51,52795.01,52752.51,52787.51,1585
2026-08-03T07:25:00+00:00,52787.51,52798.51,52780.51,52792.51,708
2026-08-03T07:30:00+00:00,52792.51,52809.51,52785.01,52806.51,646
2026-08-03T07:35:00+00:00,52806.51,52824.01,52788.01,52795.51,661
2026-08-03T07:40:00+00:00,52795.51,52796.51,52775.51,52781.51,622
2026-08-03T07:45:00+00:00,52781.51,52813.51,52781.01,52806.51,531
2026-08-03T07:50:00+00:00,52806.51,52826.01,52801.51,52822.51,455
2026-08-03T07:55:00+00:00,52822.51,52848.01,52821.51,52842.01,602
2026-08-03T08:00:00+00:00,52842.01,52842.01,52809.51,52818.01,1008
2026-08-03T08:05:00+00:00,52818.01,52830.51,52812.51,52820.51,822
2026-08-03T08:10:00+00:00,52820.51,52838.51,52811.51,52837.51,627
2026-08-03T08:15:00+00:00,52837.51,52839.01,52815.51,52828.01,716
2026-08-03T08:20:00+00:00,52828.01,52835.01,52817.01,52824.01,795
2026-08-03T08:25:00+00:00,52824.01,52839.01,52814.51,52839.01,747
2026-08-03T08:30:00+00:00,52839.01,52841.51,52814.51,52827.51,689
2026-08-03T08:35:00+00:00,52827.51,52874.01,52826.01,52863.51,804
2026-08-03T08:40:00+00:00,52863.51,52874.01,52853.51,52860.51,655
2026-08-03T08:45:00+00:00,52860.51,52869.51,52846.51,52860.51,583
2026-08-03T08:50:00+00:00,52860.51,52860.51,52845.01,52848.01,420
2026-08-03T08:55:00+00:00,52848.01,52882.01,52848.01,52882.01,597
2026-08-03T09:00:00+00:00,52882.01,52888.51,52866.01,52869.01,678
2026-08-03T09:05:00+00:00,52869.01,52875.51,52862.01,52875.01,509
2026-08-03T09:10:00+00:00,52875.01,52878.51,52852.01,52859.01,633
2026-08-03T09:15:00+00:00,52859.01,52863.01,52839.51,52856.51,535
2026-08-03T09:20:00+00:00,52856.51,52863.01,52852.51,52852.51,405
2026-08-03T09:25:00+00:00,52852.51,52862.51,52846.01,52855.51,343
2026-08-03T09:30:00+00:00,52855.51,52881.51,52852.51,52873.51,418
2026-08-03T09:35:00+00:00,52873.51,52895.01,52870.51,52871.01,600
2026-08-03T09:40:00+00:00,52871.01,52887.51,52871.01,52876.01,440
2026-08-03T09:45:00+00:00,52876.01,52892.01,52875.51,52878.01,405
2026-08-03T09:50:00+00:00,52878.01,52880.51,52865.01,52872.51,404
2026-08-03T09:55:00+00:00,52872.51,52879.51,52864.51,52865.01,458
2026-08-03T10:00:00+00:00,52865.01,52873.51,52852.51,52873.51,513
2026-08-03T10:05:00+00:00,52873.51,52894.01,52872.51,52887.51,356
2026-08-03T10:10:00+00:00,52887.51,52931.51,52887.51,52908.01,653
2026-08-03T10:15:00+00:00,52908.01,52927.51,52908.01,52919.01,451
2026-08-03T10:20:00+00:00,52919.01,52945.51,52909.01,52943.51,541
2026-08-03T10:25:00+00:00,52943.51,52954.51,52928.01,52936.01,636
2026-08-03T10:30:00+00:00,52936.01,52941.01,52922.51,52927.51,475
2026-08-03T10:35:00+00:00,52927.51,52957.01,52921.51,52955.01,464
2026-08-03T10:40:00+00:00,52955.01,52968.01,52944.01,52953.01,533
2026-08-03T10:45:00+00:00,52953.01,52960.01,52934.01,52937.01,379
2026-08-03T10:50:00+00:00,52937.01,52946.51,52927.01,52933.51,388
2026-08-03T10:55:00+00:00,52933.51,52952.51,52933.51,52948.01,347
2026-08-03T11:00:00+00:00,52948.01,52977.01,52940.51,52961.51,1109
2026-08-03T11:05:00+00:00,52961.51,52984.51,52953.51,52978.51,620
2026-08-03T11:10:00+00:00,52978.51,53012.01,52977.51,52994.51,750
2026-08-03T11:15:00+00:00,52994.51,53029.01,52989.51,53027.51,612
2026-08-03T11:20:00+00:00,53027.51,53044.51,53003.51,53012.51,677
2026-08-03T11:25:00+00:00,53012.51,53042.51,53012.51,53042.01,513
2026-08-03T11:30:00+00:00,53042.01,53082.51,53041.51,53081.01,994
2026-08-03T11:35:00+00:00,53081.01,53087.51,53055.01,53059.51,711
2026-08-03T11:40:00+00:00,53059.51,53080.01,53053.01,53080.01,659
2026-08-03T11:45:00+00:00,53080.01,53096.01,53069.01,53085.51,746
2026-08-03T11:50:00+00:00,53085.51,53087.51,53051.01,53052.01,848
2026-08-03T11:55:00+00:00,53052.01,53062.01,53036.01,53061.01,762
2026-08-03T12:00:00+00:00,53061.01,53074.51,53041.51,53073.51,874
2026-08-03T12:05:00+00:00,53073.51,53075.01,53050.51,53064.01,808
2026-08-03T12:10:00+00:00,53064.01,53064.51,53038.51,53057.01,910
2026-08-03T12:15:00+00:00,53057.01,53084.01,53057.01,53084.01,845
2026-08-03T12:20:00+00:00,53084.01,53106.51,53070.51,53074.01,1095
2026-08-03T12:25:00+00:00,53074.01,53094.01,53073.51,53088.51,891
2026-08-03T12:30:00+00:00,53088.51,53117.01,53081.51,53117.01,887
2026-08-03T12:35:00+00:00,53117.01,53143.01,53106.01,53143.01,865
2026-08-03T12:40:00+00:00,53143.01,53150.51,53126.01,53146.51,898
2026-08-03T12:45:00+00:00,53146.51,53168.51,53143.01,53160.51,1007
2026-08-03T12:50:00+00:00,53160.51,53180.01,53156.51,53176.01,739
2026-08-03T12:55:00+00:00,53176.01,53209.51,53170.51,53194.01,1341
2026-08-03T13:00:00+00:00,53194.01,53221.01,53188.51,53206.51,1144
2026-08-03T13:05:00+00:00,53206.51,53216.01,53195.51,53198.51,855
2026-08-03T13:10:00+00:00,53198.51,53216.01,53185.51,53188.01,1015
2026-08-03T13:15:00+00:00,53188.01,53197.51,53165.01,53195.01,1191
2026-08-03T13:20:00+00:00,53195.01,53212.51,53175.51,53188.51,1113
2026-08-03T13:25:00+00:00,53188.51,53188.51,53047.01,53052.01,2150
2026-08-03T13:30:00+00:00,53052.01,53202.36,53022.36,53130.86,7365
2026-08-03T13:35:00+00:00,53130.86,53207.36,53130.86,53183.36,5852
2026-08-03T13:40:00+00:00,53183.36,53185.86,53075.36,53080.36,4670
2026-08-03T13:45:00+00:00,53080.36,53140.36,53066.86,53108.36,4970
2026-08-03T13:50:00+00:00,53108.36,53195.36,53089.36,53162.36,4511
2026-08-03T13:55:00+00:00,53162.36,53184.36,53153.86,53160.26,3891
2026-08-03T14:00:00+00:00,53160.26,53268.36,53148.86,53240.36,5245
2026-08-03T14:05:00+00:00,53240.36,53247.86,53199.36,53214.86,5027
2026-08-03T14:10:00+00:00,53214.86,53241.36,53190.36,53236.36,3877
2026-08-03T14:15:00+00:00,53236.36,53253.36,53194.36,53201.36,3279
2026-08-03T14:20:00+00:00,53201.36,53207.36,53148.86,53173.86,3583
2026-08-03T14:25:00+00:00,53173.86,53192.36,53151.36,53153.36,3171
2026-08-03T14:30:00+00:00,53153.36,53159.36,53103.36,53115.86,3567
2026-08-03T14:35:00+00:00,53115.86,53121.86,53089.36,53113.36,3330
2026-08-03T14:40:00+00:00,53113.36,53143.36,53108.36,53140.36,3220
2026-08-03T14:45:00+00:00,53140.36,53145.36,53098.36,53107.36,2709
2026-08-03T14:50:00+00:00,53107.36,53130.36,53075.36,53093.86,3341
2026-08-03T14:55:00+00:00,53093.86,53138.86,53087.36,53092.36,2771
2026-08-03T15:00:00+00:00,53092.36,53115.36,53059.36,53075.36,2694
2026-08-03T15:05:00+00:00,53075.36,53075.36,53032.86,53049.36,2774
2026-08-03T15:10:00+00:00,53049.36,53068.36,53038.36,53065.36,2508
2026-08-03T15:15:00+00:00,53065.36,53093.36,53057.36,53093.36,2248
2026-08-03T15:20:00+00:00,53093.36,53096.36,53063.36,53072.36,2106
2026-08-03T15:25:00+00:00,53072.36,53084.86,53046.36,53070.36,2352
2026-08-03T15:30:00+00:00,53070.36,53082.36,53047.36,53052.36,2545
2026-08-03T15:35:00+00:00,53052.36,53096.36,53045.36,53080.36,2010
2026-08-03T15:40:00+00:00,53080.36,53105.36,53067.36,53068.86,1984
2026-08-03T15:45:00+00:00,53068.86,53104.36,53066.86,53094.36,1932
2026-08-03T15:50:00+00:00,53094.36,53109.36,53075.36,53085.86,1746
2026-08-03T15:55:00+00:00,53085.86,53085.86,53053.36,53063.36,1713
2026-08-03T16:00:00+00:00,53063.36,53073.36,53038.36,53041.36,1815
2026-08-03T16:05:00+00:00,53041.36,53062.36,53036.36,53062.36,1634
2026-08-03T16:10:00+00:00,53062.36,53062.36,53035.36,53055.36,1604
2026-08-03T16:15:00+00:00,53055.36,53064.36,53034.36,53040.36,1292
2026-08-03T16:20:00+00:00,53040.36,53049.36,53020.36,53049.36,1507
2026-08-03T16:25:00+00:00,53049.36,53070.86,53038.36,53068.36,1661
2026-08-03T16:30:00+00:00,53068.36,53069.36,53044.36,53045.86,1781
2026-08-03T16:35:00+00:00,53045.86,53050.86,53023.36,53037.36,1429
2026-08-03T16:40:00+00:00,53037.36,53048.36,53015.36,53024.36,1318
2026-08-03T16:45:00+00:00,53024.36,53029.36,53011.36,53018.86,1343
2026-08-03T16:50:00+00:00,53018.86,53019.86,52980.36,52982.36,1804
2026-08-03T16:55:00+00:00,52982.36,53012.36,52977.36,53005.36,1420
2026-08-03T17:00:00+00:00,53005.36,53008.36,52981.36,52995.36,1542
2026-08-03T17:05:00+00:00,52995.36,53000.36,52968.36,52987.36,1324
2026-08-03T17:10:00+00:00,52987.36,53010.36,52984.36,53008.36,1199
2026-08-03T17:15:00+00:00,53008.36,53023.36,53007.36,53022.86,1168
2026-08-03T17:20:00+00:00,53022.86,53044.36,53019.36,53029.36,1318
2026-08-03T17:25:00+00:00,53029.36,53037.36,53017.86,53029.36,1387
2026-08-03T17:30:00+00:00,53029.36,53072.36,53028.36,53071.36,1288
2026-08-03T17:35:00+00:00,53071.36,53097.36,53067.36,53097.36,1340
2026-08-03T17:40:00+00:00,53097.36,53115.36,53091.86,53107.86,1070
2026-08-03T17:45:00+00:00,53107.86,53128.36,53106.86,53125.36,1217
2026-08-03T17:50:00+00:00,53125.36,53131.36,53113.36,53129.86,1203
2026-08-03T17:55:00+00:00,53129.86,53138.36,53108.36,53120.36,1327
2026-08-03T18:00:00+00:00,53120.36,53152.36,53115.36,53150.36,1672
2026-08-03T18:05:00+00:00,53150.36,53185.36,53145.36,53184.36,1882
2026-08-03T18:10:00+00:00,53184.36,53185.86,53148.86,53158.36,1636
2026-08-03T18:15:00+00:00,53158.36,53172.36,53151.36,53152.36,1262
2026-08-03T18:20:00+00:00,53152.36,53174.36,53141.86,53162.36,1291
2026-08-03T18:25:00+00:00,53162.36,53169.36,53149.36,53165.36,1622
2026-08-03T18:30:00+00:00,53165.36,53178.36,53127.86,53145.36,1563
2026-08-03T18:35:00+00:00,53145.36,53175.36,53145.36,53170.36,1171
2026-08-03T18:40:00+00:00,53170.36,53193.36,53166.36,53190.36,1307
2026-08-03T18:45:00+00:00,53190.36,53196.36,53173.86,53189.36,1273
2026-08-03T18:50:00+00:00,53189.36,53193.36,53177.36,53185.36,1119
2026-08-03T18:55:00+00:00,53185.36,53202.36,53170.36,53170.36,1007
2026-08-03T19:00:00+00:00,53170.36,53208.36,53170.36,53204.36,1377
2026-08-03T19:05:00+00:00,53204.36,53206.36,53174.36,53185.36,1348
2026-08-03T19:10:00+00:00,53185.36,53212.36,53185.36,53210.36,1257
2026-08-03T19:15:00+00:00,53210.36,53221.36,53195.36,53196.36,1236
2026-08-03T19:20:00+00:00,53196.36,53225.86,53196.36,53225.86,1339
2026-08-03T19:25:00+00:00,53225.86,53239.36,53215.36,53225.36,1282
2026-08-03T19:30:00+00:00,53225.36,53240.36,53221.36,53235.36,1705
2026-08-03T19:35:00+00:00,53235.36,53241.86,53204.86,53220.86,1545
2026-08-03T19:40:00+00:00,53220.86,53232.36,53209.36,53225.36,1740
2026-08-03T19:45:00+00:00,53225.36,53251.36,53222.36,53245.36,2024
2026-08-03T19:50:00+00:00,53245.36,53258.36,53218.36,53230.36,2522
2026-08-03T19:55:00+00:00,53230.36,53266.36,53215.36,53224.36,3383
2026-08-03T20:00:00+00:00,53224.36,53279.51,53224.36,53278.51,1200
2026-08-03T20:05:00+00:00,53278.51,53303.01,53272.01,53292.01,774
2026-08-03T20:10:00+00:00,53292.01,53303.01,53284.01,53296.01,479
2026-08-03T20:15:00+00:00,53296.01,53297.01,53277.01,53284.01,252
2026-08-03T20:20:00+00:00,53284.01,53293.01,53278.51,53278.51,208
2026-08-03T20:25:00+00:00,53278.51,53281.01,53274.01,53276.01,132
2026-08-03T20:30:00+00:00,53276.01,53285.01,53276.01,53283.51,160
2026-08-03T20:35:00+00:00,53283.51,53295.51,53283.51,53288.51,173
2026-08-03T20:40:00+00:00,53288.51,53300.01,53287.51,53288.51,177
2026-08-03T20:45:00+00:00,53288.51,53293.01,53279.01,53281.01,168
2026-08-03T20:50:00+00:00,53281.01,53289.51,53279.51,53279.51,159
2026-08-03T20:55:00+00:00,53279.51,53289.01,53278.01,53283.76,170
2026-08-03T22:00:00+00:00,53283.76,53289.34,53262.59,53281.84,799
2026-08-03T22:05:00+00:00,53281.84,53306.34,53281.84,53303.34,344
2026-08-03T22:10:00+00:00,53303.34,53306.34,53293.84,53295.84,247
2026-08-03T22:15:00+00:00,53295.84,53303.84,53294.84,53301.84,163
2026-08-03T22:20:00+00:00,53301.84,53304.34,53297.84,53302.84,125
2026-08-03T22:25:00+00:00,53302.84,53304.84,53298.84,53302.84,116
2026-08-03T22:30:00+00:00,53302.84,53313.84,53302.84,53309.84,146
2026-08-03T22:35:00+00:00,53309.84,53313.84,53306.34,53310.34,146
2026-08-03T22:40:00+00:00,53310.34,53318.34,53310.34,53318.34,49
2026-08-03T22:45:00+00:00,53318.34,53321.84,53309.84,53321.84,70
2026-08-03T22:50:00+00:00,53321.84,53331.34,53321.84,53323.34,83.5015585151601
2026-08-03T22:55:00+00:00,53323.34,53326.34,53315.84,53318.84,55
2026-08-03T23:00:00+00:00,53318.84,53324.34,53316.84,53322.34,105
2026-08-03T23:05:00+00:00,53322.34,53326.84,53309.34,53309.34,101
2026-08-03T23:10:00+00:00,53309.34,53311.34,53306.84,53311.34,52
2026-08-03T23:15:00+00:00,53311.34,53311.84,53302.84,53302.84,77
2026-08-03T23:20:00+00:00,53302.84,53307.84,53298.84,53299.84,48
2026-08-03T23:25:00+00:00,53299.84,53301.84,53294.84,53298.84,83
2026-08-03T23:30:00+00:00,53298.84,53307.84,53295.84,53306.84,90
2026-08-03T23:35:00+00:00,53306.84,53307.34,53293.34,53293.34,66
2026-08-03T23:40:00+00:00,53293.34,53298.84,53291.34,53297.34,75
2026-08-03T23:45:00+00:00,53297.34,53311.84,53295.84,53307.34,163
2026-08-03T23:50:00+00:00,53307.34,53313.34,53296.34,53297.84,165
2026-08-03T23:55:00+00:00,53297.84,53301.84,53293.34,53299.84,122
2026-08-04T00:00:00+00:00,53299.84,53315.84,53288.34,53303.84,816
2026-08-04T00:05:00+00:00,53303.84,53322.84,53298.84,53316.84,567
2026-08-04T00:10:00+00:00,53316.84,53323.34,53305.34,53322.34,341
2026-08-04T00:15:00+00:00,53322.34,53329.34,53311.34,53314.34,492
2026-08-04T00:20:00+00:00,53314.34,53328.34,53311.34,53323.34,398
2026-08-04T00:25:00+00:00,53323.34,53329.84,53310.84,53315.34,397
2026-08-04T00:30:00+00:00,53315.34,53329.84,53315.34,53327.34,359
2026-08-04T00:35:00+00:00,53327.34,53354.34,53320.34,53352.84,477
2026-08-04T00:40:00+00:00,53352.84,53355.34,53341.34,53346.84,505
2026-08-04T00:45:00+00:00,53346.84,53349.84,53333.84,53343.84,366
2026-08-04T00:50:00+00:00,53343.84,53346.34,53330.34,53333.34,243
2026-08-04T00:55:00+00:00,53333.34,53336.84,53321.84,53333.34,302
2026-08-04T01:00:00+00:00,53333.34,53341.84,53328.34,53335.84,465
2026-08-04T01:05:00+00:00,53335.84,53357.84,53329.34,53356.84,338
2026-08-04T01:10:00+00:00,53356.84,53364.34,53352.84,53359.34,326
2026-08-04T01:15:00+00:00,53359.34,53361.84,53348.34,53354.84,197
2026-08-04T01:20:00+00:00,53354.84,53365.34,53353.84,53364.84,128
2026-08-04T01:25:00+00:00,53364.84,53366.84,53357.34,53359.34,161
2026-08-04T01:30:00+00:00,53359.34,53363.84,53344.34,53348.34,226
2026-08-04T01:35:00+00:00,53348.34,53355.84,53344.34,53350.34,217
2026-08-04T01:40:00+00:00,53350.34,53360.34,53348.34,53360.34,225
2026-08-04T01:45:00+00:00,53360.34,53363.34,53351.84,53352.34,271
2026-08-04T01:50:00+00:00,53352.34,53358.34,53344.84,53353.34,452
2026-08-04T01:55:00+00:00,53353.34,53358.84,53348.84,53349.84,282
2026-08-04T02:00:00+00:00,53349.84,53371.84,53349.84,53353.34,399
2026-08-04T02:05:00+00:00,53353.34,53356.84,53338.84,53342.84,309
2026-08-04T02:10:00+00:00,53342.84,53355.84,53337.84,53353.84,272
2026-08-04T02:15:00+00:00,53353.84,53372.34,53353.34,53372.34,262
2026-08-04T02:20:00+00:00,53372.34,53372.34,53355.84,53364.34,338
2026-08-04T02:25:00+00:00,53364.34,53369.34,53360.34,53365.34,290
2026-08-04T02:30:00+00:00,53365.34,53377.34,53360.34,53360.34,277
2026-08-04T02:35:00+00:00,53360.34,53368.84,53360.34,53368.34,204
2026-08-04T02:40:00+00:00,53368.34,53372.34,53363.34,53371.84,168
2026-08-04T02:45:00+00:00,53371.84,53374.34,53366.84,53371.84,148
2026-08-04T02:50:00+00:00,53371.84,53379.34,53370.34,53378.84,115
2026-08-04T02:55:00+00:00,53378.84,53381.34,53365.34,53365.34,147
2026-08-04T03:00:00+00:00,53365.34,53374.84,53360.84,53368.84,233
2026-08-04T03:05:00+00:00,53368.84,53372.84,53362.34,53367.34,285
2026-08-04T03:10:00+00:00,53367.34,53368.84,53354.84,53361.34,252
2026-08-04T03:15:00+00:00,53361.34,53374.34,53361.34,53367.84,230
2026-08-04T03:20:00+00:00,53367.84,53371.84,53363.34,53371.84,260
2026-08-04T03:25:00+00:00,53371.84,53376.34,53370.34,53372.84,195
2026-08-04T03:30:00+00:00,53372.84,53383.84,53371.84,53382.34,300
2026-08-04T03:35:00+00:00,53382.34,53383.34,53375.34,53379.34,268
2026-08-04T03:40:00+00:00,53379.34,53379.34,53364.34,53366.34,268
2026-08-04T03:45:00+00:00,53366.34,53372.84,53360.84,53372.34,196
2026-08-04T03:50:00+00:00,53372.34,53379.84,53371.84,53372.84,191
2026-08-04T03:55:00+00:00,53372.84,53374.84,53368.34,53374.34,145
2026-08-04T04:00:00+00:00,53374.34,53374.84,53367.34,53368.34,165
2026-08-04T04:05:00+00:00,53368.34,53369.84,53364.34,53369.34,145
2026-08-04T04:10:00+00:00,53369.34,53369.34,53359.34,53364.34,85
2026-08-04T04:15:00+00:00,53364.34,53371.84,53364.34,53368.84,145
2026-08-04T04:20:00+00:00,53368.84,53368.84,53364.34,53366.84,104
2026-08-04T04:25:00+00:00,53366.84,53369.34,53362.34,53366.84,106
2026-08-04T04:30:00+00:00,53366.84,53368.84,53364.34,53364.34,90
2026-08-04T04:35:00+00:00,53364.34,53367.84,53362.34,53365.34,67
2026-08-04T04:40:00+00:00,53365.34,53372.84,53365.34,53366.34,106
2026-08-04T04:45:00+00:00,53366.34,53372.84,53365.34,53369.34,83
2026-08-04T04:50:00+00:00,53369.34,53369.84,53361.84,53361.84,145
2026-08-04T04:55:00+00:00,53361.84,53362.34,53349.34,53351.84,91
2026-08-04T05:00:00+00:00,53351.84,53357.34,53345.84,53349.34,184
2026-08-04T05:05:00+00:00,53349.34,53351.34,53344.84,53350.34,137
2026-08-04T05:10:00+00:00,53350.34,53350.34,53341.84,53346.34,216
2026-08-04T05:15:00+00:00,53346.34,53347.34,53344.34,53346.84,158
2026-08-04T05:20:00+00:00,53346.84,53349.84,53344.34,53345.84,129
2026-08-04T05:25:00+00:00,53345.84,53346.34,53339.34,53340.34,139
2026-08-04T05:30:00+00:00,53340.34,53347.34,53339.34,53339.84,196
2026-08-04T05:35:00+00:00,53339.84,53353.34,53337.84,53348.84,315
2026-08-04T05:40:00+00:00,53348.84,53359.34,53345.84,53349.34,211
2026-08-04T05:45:00+00:00,53349.34,53349.84,53340.84,53344.84,181
2026-08-04T05:50:00+00:00,53344.84,53344.84,53331.34,53334.84,174
2026-08-04T05:55:00+00:00,53334.84,53337.84,53326.34,53331.34,145
2026-08-04T06:00:00+00:00,53331.34,53338.84,53322.34,53336.34,402
2026-08-04T06:05:00+00:00,53336.34,53345.34,53332.34,53343.84,282
2026-08-04T06:10:00+00:00,53343.84,53365.84,53340.84,53364.34,283
2026-08-04T06:15:00+00:00,53364.34,53364.34,53345.34,53347.34,265
2026-08-04T06:20:00+00:00,53347.34,53349.34,53334.84,53335.84,253
2026-08-04T06:25:00+00:00,53335.84,53342.34,53330.84,53332.84,251
2026-08-04T06:30:00+00:00,53332.84,53337.34,53324.84,53325.34,316
2026-08-04T06:35:00+00:00,53325.34,53327.34,53315.84,53317.34,247
2026-08-04T06:40:00+00:00,53317.34,53319.84,53309.34,53316.34,243
2026-08-04T06:45:00+00:00,53316.34,53325.84,53315.34,53322.34,191
2026-08-04T06:50:00+00:00,53322.34,53324.34,53315.84,53316.34,148
2026-08-04T06:55:00+00:00,53316.34,53318.84,53309.84,53316.84,253
2026-08-04T07:00:00+00:00,53316.84,53348.34,53310.34,53335.34,828
2026-08-04T07:05:00+00:00,53335.34,53338.84,53310.84,53313.84,704
2026-08-04T07:10:00+00:00,53313.84,53325.34,53296.84,53303.34,540
2026-08-04T07:15:00+00:00,53303.34,53316.34,53303.34,53313.34,530
2026-08-04T07:20:00+00:00,53313.34,53315.34,53293.34,53296.84,404
2026-08-04T07:25:00+00:00,53296.84,53311.34,53294.84,53303.34,425
2026-08-04T07:30:00+00:00,53303.34,53323.34,53299.34,53315.34,522
2026-08-04T07:35:00+00:00,53315.34,53317.84,53298.34,53302.84,394
2026-08-04T07:40:00+00:00,53302.84,53310.34,53294.34,53295.84,384
2026-08-04T07:45:00+00:00,53295.84,53324.34,53289.34,53323.84,441
2026-08-04T07:50:00+00:00,53323.84,53324.34,53310.84,53311.84,477
2026-08-04T07:55:00+00:00,53311.84,53317.84,53310.34,53317.84,391
2026-08-04T08:00:00+00:00,53317.84,53317.84,53292.84,53299.84,872
2026-08-04T08:05:00+00:00,53299.84,53311.34,53280.34,53290.34,843
2026-08-04T08:10:00+00:00,53290.34,53307.34,53288.84,53307.34,729
2026-08-04T08:15:00+00:00,53307.34,53327.84,53304.84,53322.34,622
2026-08-04T08:20:00+00:00,53322.34,53326.34,53310.84,53321.84,619
2026-08-04T08:25:00+00:00,53321.84,53326.84,53308.84,53325.84,602
2026-08-04T08:30:00+00:00,53325.84,53326.84,53286.34,53287.34,796
2026-08-04T08:35:00+00:00,53287.34,53296.84,53270.84,53296.84,756
2026-08-04T08:40:00+00:00,53296.84,53297.34,53260.34,53262.84,752
2026-08-04T08:45:00+00:00,53262.84,53263.34,53245.34,53245.84,703
2026-08-04T08:50:00+00:00,53245.84,53250.34,53229.84,53236.34,466
2026-08-04T08:55:00+00:00,53236.34,53257.34,53235.84,53251.84,499
2026-08-04T09:00:00+00:00,53251.84,53263.84,53248.84,53256.84,601
2026-08-04T09:05:00+00:00,53256.84,53259.34,53240.84,53251.84,785
2026-08-04T09:10:00+00:00,53251.84,53261.34,53242.84,53258.34,600
2026-08-04T09:15:00+00:00,53258.34,53266.84,53252.34,53265.84,489
2026-08-04T09:20:00+00:00,53265.84,53294.34,53262.84,53275.84,809
2026-08-04T09:25:00+00:00,53275.84,53282.34,53267.34,53281.34,629
2026-08-04T09:30:00+00:00,53281.34,53303.34,53278.84,53300.34,477
2026-08-04T09:35:00+00:00,53300.34,53306.34,53288.34,53302.84,506
2026-08-04T09:40:00+00:00,53302.84,53303.34,53262.84,53275.84,420
2026-08-04T09:45:00+00:00,53275.84,53289.84,53267.84,53281.84,768
2026-08-04T09:50:00+00:00,53281.84,53281.84,53255.84,53255.84,431
2026-08-04T09:55:00+00:00,53255.84,53298.84,53253.84,53298.84,514
2026-08-04T10:00:00+00:00,53298.84,53299.84,53277.84,53286.34,540
2026-08-04T10:05:00+00:00,53286.34,53289.34,53268.34,53268.34,488
2026-08-04T10:10:00+00:00,53268.34,53275.34,53250.84,53253.34,595
2026-08-04T10:15:00+00:00,53253.34,53254.84,53235.84,53240.34,415
2026-08-04T10:20:00+00:00,53240.34,53242.84,53227.34,53234.34,402
2026-08-04T10:25:00+00:00,53234.34,53256.84,53233.84,53234.84,412
2026-08-04T10:30:00+00:00,53234.84,53585.34,53208.34,53536.84,3185
2026-08-04T10:35:00+00:00,53536.84,53547.34,53437.34,53439.34,2234
2026-08-04T10:40:00+00:00,53439.34,53478.34,53381.34,53460.84,1906
2026-08-04T10:45:00+00:00,53460.84,53562.84,53449.84,53512.34,3240
2026-08-04T10:50:00+00:00,53512.34,53554.34,53495.84,53526.84,1839
2026-08-04T10:55:00+00:00,53526.84,53586.84,53525.84,53536.34,2017
2026-08-04T11:00:00+00:00,53536.34,53575.84,53485.84,53550.34,1896
2026-08-04T11:05:00+00:00,53550.34,53610.84,53549.34,53598.84,1727
2026-08-04T11:10:00+00:00,53598.84,53621.84,53575.84,53576.34,1357
2026-08-04T11:15:00+00:00,53576.34,53610.34,53562.34,53606.84,1274
2026-08-04T11:20:00+00:00,53606.84,53633.34,53602.84,53621.84,1231
2026-08-04T11:25:00+00:00,53621.84,53649.34,53613.84,53645.34,1140
2026-08-04T11:30:00+00:00,53645.34,53681.34,53639.84,53679.34,1023
2026-08-04T11:35:00+00:00,53679.34,53698.84,53667.84,53680.84,1348
2026-08-04T11:40:00+00:00,53680.84,53801.84,53666.84,53782.84,2183
2026-08-04T11:45:00+00:00,53782.84,53817.84,53770.84,53789.34,2701
2026-08-04T11:50:00+00:00,53789.34,53833.84,53766.34,53801.84,2492
2026-08-04T11:55:00+00:00,53801.84,53817.34,53787.34,53800.84,1742
2026-08-04T12:00:00+00:00,53800.84,53832.34,53788.34,53809.34,1872
2026-08-04T12:05:00+00:00,53809.34,53854.34,53796.84,53851.84,1397
2026-08-04T12:10:00+00:00,53851.84,53881.84,53814.34,53818.84,1323
2026-08-04T12:15:00+00:00,53818.84,53853.84,53802.34,53849.84,1161
2026-08-04T12:20:00+00:00,53849.84,53876.84,53841.84,53863.84,1076
2026-08-04T12:25:00+00:00,53863.84,53889.84,53860.84,53875.84,1064
2026-08-04T12:30:00+00:00,53875.84,53893.84,53858.34,53886.84,819
2026-08-04T12:35:00+00:00,53886.84,53901.34,53874.34,53886.34,928
2026-08-04T12:40:00+00:00,53886.34,53921.84,53885.84,53907.84,1000
2026-08-04T12:45:00+00:00,53907.84,53908.84,53864.84,53870.84,876
2026-08-04T12:50:00+00:00,53870.84,53889.84,53868.34,53880.84,825
2026-08-04T12:55:00+00:00,53880.84,53883.84,53839.34,53840.84,821
2026-08-04T13:00:00+00:00,53840.84,53846.34,53802.84,53811.84,1666
2026-08-04T13:05:00+00:00,53811.84,53877.84,53810.84,53854.84,1422
2026-08-04T13:10:00+00:00,53854.84,53919.84,53850.84,53901.34,1223
2026-08-04T13:15:00+00:00,53901.34,53911.34,53883.84,53901.84,1202
2026-08-04T13:20:00+00:00,53901.84,53973.84,53892.84,53933.34,2312
2026-08-04T13:25:00+00:00,53933.34,53972.84,53894.59,53894.59,2430
2026-08-04T13:30:00+00:00,53894.59,54009.19,53860.69,53914.19,7841
2026-08-04T13:35:00+00:00,53914.19,53948.19,53873.19,53895.69,7012
2026-08-04T13:40:00+00:00,53895.69,53895.69,53776.69,53792.69,6238
2026-08-04T13:45:00+00:00,53792.69,53813.69,53697.69,53750.19,5792
2026-08-04T13:50:00+00:00,53750.19,53785.19,53735.69,53754.19,5502
2026-08-04T13:55:00+00:00,53754.19,53758.69,53701.19,53748.59,4634
2026-08-04T14:00:00+00:00,53748.59,53841.69,53738.69,53796.69,4339
2026-08-04T14:05:00+00:00,53796.69,53851.19,53791.19,53827.69,4562
2026-08-04T14:10:00+00:00,53827.69,53849.69,53807.19,53848.69,4301
2026-08-04T14:15:00+00:00,53848.69,53958.69,53841.69,53933.69,4576
2026-08-04T14:20:00+00:00,53933.69,53938.69,53843.69,53845.69,4933
2026-08-04T14:25:00+00:00,53845.69,53859.69,53756.19,53756.69,4274
2026-08-04T14:30:00+00:00,53756.69,53849.69,53749.69,53844.69,4060
2026-08-04T14:35:00+00:00,53844.69,53928.69,53830.69,53896.19,3650
2026-08-04T14:40:00+00:00,53896.19,53931.19,53883.69,53928.19,2733
2026-08-04T14:45:00+00:00,53928.19,53984.69,53919.19,53975.69,3016
2026-08-04T14:50:00+00:00,53975.69,54001.69,53974.69,53980.69,3248
2026-08-04T14:55:00+00:00,53980.69,54049.69,53977.69,54023.19,2794
2026-08-04T15:00:00+00:00,54023.19,54036.69,54003.19,54024.69,2534
2026-08-04T15:05:00+00:00,54024.69,54039.19,53987.69,54018.69,2738
2026-08-04T15:10:00+00:00,54018.69,54022.69,53981.69,53987.69,2338
2026-08-04T15:15:00+00:00,53987.69,54038.69,53987.69,54029.19,2494
2026-08-04T15:20:00+00:00,54029.19,54041.19,53987.69,54040.69,1964
2026-08-04T15:25:00+00:00,54040.69,54046.69,54005.69,54007.69,2095
2026-08-04T15:30:00+00:00,54007.69,54027.69,53982.19,53983.69,2179
2026-08-04T15:35:00+00:00,53983.69,54045.69,53975.69,54027.69,2814
2026-08-04T15:40:00+00:00,54027.69,54088.19,54019.69,54082.69,2478
2026-08-04T15:45:00+00:00,54082.69,54132.19,54075.69,54123.69,2079
2026-08-04T15:50:00+00:00,54123.69,54148.69,54080.69,54091.69,2386
2026-08-04T15:55:00+00:00,54091.69,54128.69,54084.69,54086.69,2197
2026-08-04T16:00:00+00:00,54086.69,54124.69,54081.69,54113.69,2096
2026-08-04T16:05:00+00:00,54113.69,54128.19,54088.19,54099.69,1875
2026-08-04T16:10:00+00:00,54099.69,54113.69,54088.19,54094.69,1949
2026-08-04T16:15:00+00:00,54094.69,54120.69,54093.69,54112.69,1713
2026-08-04T16:20:00+00:00,54112.69,54170.19,54105.69,54160.69,1642
2026-08-04T16:25:00+00:00,54160.69,54169.69,54144.69,54155.69,1390
2026-08-04T16:30:00+00:00,54155.69,54169.69,54143.69,54163.69,1535
2026-08-04T16:35:00+00:00,54163.69,54173.69,54140.69,54165.69,1522
2026-08-04T16:40:00+00:00,54165.69,54199.69,54165.69,54197.69,1462
2026-08-04T16:45:00+00:00,54197.69,54209.69,54189.19,54197.69,1434
2026-08-04T16:50:00+00:00,54197.69,54200.69,54169.69,54181.69,1301
2026-08-04T16:55:00+00:00,54181.69,54191.69,54157.69,54191.69,1490
2026-08-04T17:00:00+00:00,54191.69,54232.69,54184.69,54216.69,2276
2026-08-04T17:05:00+00:00,54216.69,54233.69,54190.69,54217.19,1773
2026-08-04T17:10:00+00:00,54217.19,54239.69,54210.69,54238.69,1334
2026-08-04T17:15:00+00:00,54238.69,54267.69,54238.69,54240.69,1838
2026-08-04T17:20:00+00:00,54240.69,54241.69,54198.69,54213.19,2030
2026-08-04T17:25:00+00:00,54213.19,54223.19,54204.69,54210.19,1377
2026-08-04T17:30:00+00:00,54210.19,54238.19,54193.69,54237.19,1788
2026-08-04T17:35:00+00:00,54237.19,54262.19,54233.69,54252.69,1641
2026-08-04T17:40:00+00:00,54252.69,54276.69,54252.19,54265.69,1675
2026-08-04T17:45:00+00:00,54265.69,54314.69,54264.19,54291.69,2176
2026-08-04T17:50:00+00:00,54291.69,54291.69,54219.69,54237.19,3378
2026-08-04T17:55:00+00:00,54237.19,54250.69,54221.69,54221.69,2144
2026-08-04T18:00:00+00:00,54221.69,54237.69,54186.69,54190.19,3842
2026-08-04T18:05:00+00:00,54190.19,54240.69,54189.19,54225.69,2498
2026-08-04T18:10:00+00:00,54225.69,54239.19,54214.69,54236.69,2012
2026-08-04T18:15:00+00:00,54236.69,54247.69,54218.69,54218.69,2084
2026-08-04T18:20:00+00:00,54218.69,54242.19,54214.19,54219.69,1916
2026-08-04T18:25:00+00:00,54219.69,54231.69,54209.69,54230.69,1518
2026-08-04T18:30:00+00:00,54230.69,54234.69,54205.69,54206.69,1531
2026-08-04T18:35:00+00:00,54206.69,54220.69,54194.69,54201.69,1842
2026-08-04T18:40:00+00:00,54201.69,54202.69,54177.19,54200.69,2316
2026-08-04T18:45:00+00:00,54200.69,54217.69,54194.19,54194.19,1929
2026-08-04T18:50:00+00:00,54194.19,54215.19,54192.69,54194.69,1618
2026-08-04T18:55:00+00:00,54194.69,54219.69,54191.19,54218.69,1857
2026-08-04T19:00:00+00:00,54218.69,54279.69,54218.69,54268.69,2684
2026-08-04T19:05:00+00:00,54268.69,54275.69,54249.69,54266.69,1626
2026-08-04T19:10:00+00:00,54266.69,54268.69,54231.69,54249.69,1519
2026-08-04T19:15:00+00:00,54249.69,54256.69,54236.69,54245.69,1634
2026-08-04T19:20:00+00:00,54245.69,54257.19,54228.69,54243.69,1611
2026-08-04T19:25:00+00:00,54243.69,54250.69,54216.69,54223.69,2299
2026-08-04T19:30:00+00:00,54223.69,54251.69,54211.69,54250.69,2136
2026-08-04T19:35:00+00:00,54250.69,54270.69,54229.69,54258.69,2046
2026-08-04T19:40:00+00:00,54258.69,54271.69,54251.69,54267.69,1729
2026-08-04T19:45:00+00:00,54267.69,54269.69,54235.19,54246.19,2020
2026-08-04T19:50:00+00:00,54246.19,54246.69,54191.69,54194.69,3170
2026-08-04T19:55:00+00:00,54194.69,54224.19,54130.69,54146.69,4691
2026-08-04T20:00:00+00:00,54146.69,54277.34,54146.69,54215.84,2752
2026-08-04T20:05:00+00:00,54215.84,54250.84,54211.34,54232.84,1582
2026-08-04T20:10:00+00:00,54232.84,54233.34,54218.34,54222.84,1054
2026-08-04T20:15:00+00:00,54222.84,54256.84,54197.34,54239.84,2011
2026-08-04T20:20:00+00:00,54239.84,54240.34,54218.34,54234.84,916
2026-08-04T20:25:00+00:00,54234.84,54238.34,54200.84,54211.34,669
2026-08-04T20:30:00+00:00,54211.34,54242.34,54211.34,54240.34,587
2026-08-04T20:35:00+00:00,54240.34,54260.34,54238.84,54241.84,798
2026-08-04T20:40:00+00:00,54241.84,54267.84,54241.84,54258.84,951
2026-08-04T20:45:00+00:00,54258.84,54266.34,54246.84,54258.84,705
2026-08-04T20:50:00+00:00,54258.84,54272.34,54253.84,54267.34,576
2026-08-04T20:55:00+00:00,54267.34,54272.84,54259.34,54265.59,688
2026-08-04T22:00:00+00:00,54265.59,54265.59,54238.1,54240.1,300
2026-08-04T22:05:00+00:00,54240.1,54255.6,54240.1,54249.6,224
2026-08-04T22:10:00+00:00,54249.6,54254.1,54245.85,54251.1,105
2026-08-04T22:15:00+00:00,54251.1,54266.6,54249.1,54262.1,143
2026-08-04T22:20:00+00:00,54262.1,54269.6,54254.6,54254.6,311
2026-08-04T22:25:00+00:00,54254.6,54269.6,54254.6,54267.6,251
2026-08-04T22:30:00+00:00,54267.6,54276.1,54266.1,54273.1,281
2026-08-04T22:35:00+00:00,54273.1,54280.6,54271.1,54275.1,254
2026-08-04T22:40:00+00:00,54275.1,54277.1,54267.1,54268.6,192
2026-08-04T22:45:00+00:00,54268.6,54275.6,54262.1,54265.6,279
2026-08-04T22:50:00+00:00,54265.6,54268.1,54259.6,54266.1,180
2026-08-04T22:55:00+00:00,54266.1,54272.1,54266.1,54270.6,89
2026-08-04T23:00:00+00:00,54270.6,54278.1,54267.6,54276.1,273
2026-08-04T23:05:00+00:00,54276.1,54278.1,54275.6,54278.1,77
2026-08-04T23:10:00+00:00,54278.1,54278.1,54267.1,54271.1,93
2026-08-04T23:15:00+00:00,54271.1,54273.1,54270.1,54271.6,56
2026-08-04T23:20:00+00:00,54271.6,54272.1,54263.6,54264.6,60
2026-08-04T23:25:00+00:00,54264.6,54264.6,54254.1,54254.6,94
2026-08-04T23:30:00+00:00,54254.6,54254.6,54246.6,54246.6,182
2026-08-04T23:35:00+00:00,54246.6,54248.6,54241.6,54248.1,156
2026-08-04T23:40:00+00:00,54248.1,54258.1,54240.1,54247.6,246
2026-08-04T23:45:00+00:00,54247.6,54253.6,54242.1,54249.1,429
2026-08-04T23:50:00+00:00,54249.1,54258.6,54242.6,54246.1,312
2026-08-04T23:55:00+00:00,54246.1,54255.1,54239.1,54242.6,287
2026-08-05T00:00:00+00:00,54242.6,54258.1,54238.6,54253.6,627
2026-08-05T00:05:00+00:00,54253.6,54270.1,54251.1,54254.1,533
2026-08-05T00:10:00+00:00,54254.1,54262.6,54247.6,54257.6,303
2026-08-05T00:15:00+00:00,54257.6,54262.1,54247.6,54260.6,363
2026-08-05T00:20:00+00:00,54260.6,54284.6,54259.6,54277.6,352
2026-08-05T00:25:00+00:00,54277.6,54281.6,54272.6,54276.6,252
2026-08-05T00:30:00+00:00,54276.6,54282.6,54270.6,54271.1,290
2026-08-05T00:35:00+00:00,54271.1,54272.6,54256.6,54259.6,247
2026-08-05T00:40:00+00:00,54259.6,54261.6,54248.6,54249.6,292
2026-08-05T00:45:00+00:00,54249.6,54258.6,54247.1,54256.6,358
2026-08-05T00:50:00+00:00,54256.6,54278.6,54251.1,54277.6,387
2026-08-05T00:55:00+00:00,54277.6,54291.6,54275.6,54291.6,170
2026-08-05T01:00:00+00:00,54291.6,54291.6,54257.1,54258.1,396
2026-08-05T01:05:00+00:00,54258.1,54275.6,54258.1,54275.6,189
2026-08-05T01:10:00+00:00,54275.6,54275.6,54268.1,54273.6,150
2026-08-05T01:15:00+00:00,54273.6,54275.1,54255.6,54255.6,256
2026-08-05T01:20:00+00:00,54255.6,54261.6,54252.6,54257.6,281
2026-08-05T01:25:00+00:00,54257.6,54263.1,54254.1,54257.1,272
2026-08-05T01:30:00+00:00,54257.1,54270.6,54255.1,54267.6,293
2026-08-05T01:35:00+00:00,54267.6,54289.1,54267.6,54288.6,201
2026-08-05T01:40:00+00:00,54288.6,54288.6,54278.1,54278.1,184
2026-08-05T01:45:00+00:00,54278.1,54280.6,54268.6,54280.6,297
2026-08-05T01:50:00+00:00,54280.6,54282.1,54272.6,54277.6,158
2026-08-05T01:55:00+00:00,54277.6,54285.6,54273.1,54285.1,199
2026-08-05T02:00:00+00:00,54285.1,54300.6,54280.6,54284.6,397
2026-08-05T02:05:00+00:00,54284.6,54306.6,54282.6,54304.1,267
2026-08-05T02:10:00+00:00,54304.1,54316.6,54301.6,54309.1,176
2026-08-05T02:15:00+00:00,54309.1,54322.6,54307.6,54321.6,158
2026-08-05T02:20:00+00:00,54321.6,54347.6,54319.1,54332.1,310
2026-08-05T02:25:00+00:00,54332.1,54338.6,54331.1,54338.6,198
2026-08-05T02:30:00+00:00,54338.6,54347.6,54330.6,54342.1,272
2026-08-05T02:35:00+00:00,54342.1,54345.6,54337.6,54339.6,190
2026-08-05T02:40:00+00:00,54339.6,54348.1,54339.6,54348.1,234
2026-08-05T02:45:00+00:00,54348.1,54357.1,54345.6,54354.6,334
2026-08-05T02:50:00+00:00,54354.6,54355.1,54337.6,54341.6,242
2026-08-05T02:55:00+00:00,54341.6,54343.1,54338.1,54342.1,133
2026-08-05T03:00:00+00:00,54342.1,54349.6,54338.6,54348.6,185
2026-08-05T03:05:00+00:00,54348.6,54357.6,54347.1,54352.6,228
2026-08-05T03:10:00+00:00,54352.6,54364.6,54352.1,54355.1,250
2026-08-05T03:15:00+00:00,54355.1,54361.1,54351.6,54355.1,212
2026-08-05T03:20:00+00:00,54355.1,54359.1,54339.6,54339.6,179
2026-08-05T03:25:00+00:00,54339.6,54343.6,54333.1,54337.6,150
2026-08-05T03:30:00+00:00,54337.6,54346.6,54330.6,54346.6,288
2026-08-05T03:35:00+00:00,54346.6,54374.1,54346.6,54369.6,210
2026-08-05T03:40:00+00:00,54369.6,54376.6,54361.1,54374.1,198
2026-08-05T03:45:00+00:00,54374.1,54378.6,54368.1,54376.1,180
2026-08-05T03:50:00+00:00,54376.1,54383.6,54373.1,54378.6,192
2026-08-05T03:55:00+00:00,54378.6,54386.6,54378.1,54383.6,194
2026-08-05T04:00:00+00:00,54383.6,54394.1,54382.1,54385.6,198
2026-08-05T04:05:00+00:00,54385.6,54389.1,54383.6,54388.6,141
2026-08-05T04:10:00+00:00,54388.6,54390.1,54377.1,54377.1,183
2026-08-05T04:15:00+00:00,54377.1,54377.1,54365.1,54365.6,169
2026-08-05T04:20:00+00:00,54365.6,54366.6,54356.6,54359.6,211
2026-08-05T04:25:00+00:00,54359.6,54367.1,54354.6,54362.6,161
2026-08-05T04:30:00+00:00,54362.6,54369.6,54359.1,54363.1,168
2026-08-05T04:35:00+00:00,54363.1,54374.1,54363.1,54365.1,143
2026-08-05T04:40:00+00:00,54365.1,54367.6,54359.1,54362.1,160
2026-08-05T04:45:00+00:00,54362.1,54364.1,54355.6,54360.6,124
2026-08-05T04:50:00+00:00,54360.6,54361.6,54355.1,54358.1,95
2026-08-05T04:55:00+00:00,54358.1,54360.6,54352.6,54353.6,107
2026-08-05T05:00:00+00:00,54353.6,54357.6,54343.1,54348.1,255
2026-08-05T05:05:00+00:00,54348.1,54368.1,54347.1,54365.1,171
2026-08-05T05:10:00+00:00,54365.1,54368.1,54363.6,54365.6,149
2026-08-05T05:15:00+00:00,54365.6,54374.6,54365.1,54374.6,155
2026-08-05T05:20:00+00:00,54374.6,54375.1,54371.6,54373.1,91
2026-08-05T05:25:00+00:00,54373.1,54377.6,54368.6,54368.6,105
2026-08-05T05:30:00+00:00,54368.6,54392.6,54368.6,54383.1,284
2026-08-05T05:35:00+00:00,54383.1,54392.1,54381.1,54382.1,168
2026-08-05T05:40:00+00:00,54382.1,54389.6,54376.6,54389.1,170
2026-08-05T05:45:00+00:00,54389.1,54389.6,54382.6,54386.6,130
2026-08-05T05:50:00+00:00,54386.6,54387.6,54378.6,54387.6,239
2026-08-05T05:55:00+00:00,54387.6,54391.1,54368.1,54368.6,185
2026-08-05T06:00:00+00:00,54368.6,54370.1,54351.6,54356.6,311
2026-08-05T06:05:00+00:00,54356.6,54363.1,54347.6,54355.1,226
2026-08-05T06:10:00+00:00,54355.1,54355.1,54343.6,54347.6,174
2026-08-05T06:15:00+00:00,54347.6,54347.6,54330.6,54337.6,262
2026-08-05T06:20:00+00:00,54337.6,54337.6,54320.1,54323.6,358
2026-08-05T06:25:00+00:00,54323.6,54325.6,54305.1,54314.1,363
2026-08-05T06:30:00+00:00,54314.1,54329.1,54305.1,54324.1,457
2026-08-05T06:35:00+00:00,54324.1,54333.1,54322.1,54326.1,369
2026-08-05T06:40:00+00:00,54326.1,54330.1,54323.1,54325.6,565
2026-08-05T06:45:00+00:00,54325.6,54330.1,54317.1,54324.6,277
2026-08-05T06:50:00+00:00,54324.6,54330.6,54309.1,54313.6,259
2026-08-05T06:55:00+00:00,54313.6,54333.6,54312.1,54331.1,356
2026-08-05T07:00:00+00:00,54331.1,54333.6,54302.1,54306.1,1090
2026-08-05T07:05:00+00:00,54306.1,54324.1,54306.1,54316.1,646
2026-08-05T07:10:00+00:00,54316.1,54317.1,54285.6,54296.1,562
2026-08-05T07:15:00+00:00,54296.1,54308.1,54288.6,54291.1,508
2026-08-05T07:20:00+00:00,54291.1,54291.1,54275.6,54281.1,494
2026-08-05T07:25:00+00:00,54281.1,54283.1,54270.6,54270.6,472
2026-08-05T07:30:00+00:00,54270.6,54279.6,54257.6,54257.6,514
2026-08-05T07:35:00+00:00,54257.6,54279.6,54251.1,54278.1,500
2026-08-05T07:40:00+00:00,54278.1,54292.6,54275.6,54289.1,479
2026-08-05T07:45:00+00:00,54289.1,54293.1,54272.1,54281.1,440
2026-08-05T07:50:00+00:00,54281.1,54285.1,54267.6,54270.6,406
2026-08-05T07:55:00+00:00,54270.6,54299.1,54270.1,54297.6,529
2026-08-05T08:00:00+00:00,54297.6,54321.1,54297.6,54315.1,780
2026-08-05T08:05:00+00:00,54315.1,54328.6,54300.6,54307.1,503
2026-08-05T08:10:00+00:00,54307.1,54307.1,54268.6,54272.1,710
2026-08-05T08:15:00+00:00,54272.1,54295.6,54270.6,54290.1,680
2026-08-05T08:20:00+00:00,54290.1,54294.1,54256.1,54266.6,690
2026-08-05T08:25:00+00:00,54266.6,54289.6,54257.1,54287.1,563
2026-08-05T08:30:00+00:00,54287.1,54290.1,54255.6,54273.6,668
2026-08-05T08:35:00+00:00,54273.6,54300.6,54270.1,54296.6,659
2026-08-05T08:40:00+00:00,54296.6,54299.1,54275.1,54290.1,774
2026-08-05T08:45:00+00:00,54290.1,54291.6,54258.6,54275.1,932
2026-08-05T08:50:00+00:00,54275.1,54285.1,54273.6,54275.1,607
2026-08-05T08:55:00+00:00,54275.1,54292.1,54274.6,54286.1,469
2026-08-05T09:00:00+00:00,54286.1,54296.6,54276.1,54277.1,653
2026-08-05T09:05:00+00:00,54277.1,54306.6,54274.6,54305.1,384
2026-08-05T09:10:00+00:00,54305.1,54310.6,54297.1,54299.1,303
2026-08-05T09:15:00+00:00,54299.1,54306.1,54287.1,54289.1,429
2026-08-05T09:20:00+00:00,54289.1,54295.6,54283.1,54290.1,444
2026-08-05T09:25:00+00:00,54290.1,54302.1,54286.1,54302.1,398
2026-08-05T09:30:00+00:00,54302.1,54309.1,54291.1,54308.1,422
2026-08-05T09:35:00+00:00,54308.1,54312.1,54287.1,54287.6,470
2026-08-05T09:40:00+00:00,54287.6,54305.1,54286.1,54303.1,360
2026-08-05T09:45:00+00:00,54303.1,54317.1,54297.1,54302.1,556
2026-08-05T09:50:00+00:00,54302.1,54313.6,54301.1,54311.1,409
2026-08-05T09:55:00+00:00,54311.1,54315.1,54289.1,54290.1,318
2026-08-05T10:00:00+00:00,54290.1,54302.1,54284.6,54290.1,506
2026-08-05T10:05:00+00:00,54290.1,54301.1,54290.1,54300.1,438
2026-08-05T10:10:00+00:00,54300.1,54302.6,54282.6,54297.1,532
2026-08-05T10:15:00+00:00,54297.1,54304.6,54294.1,54300.1,368
2026-08-05T10:20:00+00:00,54300.1,54304.1,54287.6,54298.1,399
2026-08-05T10:25:00+00:00,54298.1,54319.1,54297.6,54319.1,317
2026-08-05T10:30:00+00:00,54319.1,54342.6,54306.1,54341.1,664
2026-08-05T10:35:00+00:00,54341.1,54341.6,54317.1,54334.1,475
2026-08-05T10:40:00+00:00,54334.1,54345.6,54330.1,54339.1,571
2026-08-05T10:45:00+00:00,54339.1,54368.6,54339.1,54352.1,1011
2026-08-05T10:50:00+00:00,54352.1,54368.1,54346.6,54366.1,509
2026-08-05T10:55:00+00:00,54366.1,54366.1,54351.1,54355.6,417
2026-08-05T11:00:00+00:00,54355.6,54363.1,54333.1,54353.6,798
2026-08-05T11:05:00+00:00,54353.6,54379.6,54349.1,54379.6,544
2026-08-05T11:10:00+00:00,54379.6,54381.1,54359.6,54369.6,426
2026-08-05T11:15:00+00:00,54369.6,54385.6,54369.1,54376.6,369
2026-08-05T11:20:00+00:00,54376.6,54391.6,54376.6,54386.1,293
2026-08-05T11:25:00+00:00,54386.1,54398.1,54351.6,54352.1,460
2026-08-05T11:30:00+00:00,54352.1,54372.1,54349.6,54363.1,746
2026-08-05T11:35:00+00:00,54363.1,54370.6,54358.1,54360.1,383
2026-08-05T11:40:00+00:00,54360.1,54361.6,54346.1,54348.6,448
2026-08-05T11:45:00+00:00,54348.6,54351.1,54335.6,54351.1,559
2026-08-05T11:50:00+00:00,54351.1,54395.1,54351.1,54381.6,507
2026-08-05T11:55:00+00:00,54381.6,54406.6,54381.1,54401.1,490
2026-08-05T12:00:00+00:00,54401.1,54436.6,54396.6,54424.1,892
2026-08-05T12:05:00+00:00,54424.1,54430.1,54396.6,54405.6,854
2026-08-05T12:10:00+00:00,54405.6,54435.6,54398.1,54403.85,782
2026-08-05T12:15:00+00:00,54403.85,54439.6,54403.85,54436.6,402
2026-08-05T12:20:00+00:00,54436.6,54441.1,54416.1,54419.6,789
2026-08-05T12:25:00+00:00,54419.6,54429.1,54404.1,54405.1,714
2026-08-05T12:30:00+00:00,54405.1,54409.1,54358.1,54383.1,1301
2026-08-05T12:35:00+00:00,54383.1,54395.1,54372.1,54375.1,971
2026-08-05T12:40:00+00:00,54375.1,54387.1,54370.1,54383.6,778
2026-08-05T12:45:00+00:00,54383.6,54396.1,54373.1,54386.1,737
2026-08-05T12:50:00+00:00,54386.1,54389.1,54369.1,54371.1,679
2026-08-05T12:55:00+00:00,54371.1,54384.6,54362.6,54370.1,776
2026-08-05T13:00:00+00:00,54370.1,54394.1,54369.1,54381.1,943
2026-08-05T13:05:00+00:00,54381.1,54405.6,54378.1,54401.1,885
2026-08-05T13:10:00+00:00,54401.1,54404.1,54380.6,54398.1,950
2026-08-05T13:15:00+00:00,54398.1,54404.1,54379.6,54402.1,960
2026-08-05T13:20:00+00:00,54402.1,54404.1,54359.6,54360.1,648
2026-08-05T13:25:00+00:00,54360.1,54424.6,54346.1,54413.6,1250
2026-08-05T13:30:00+00:00,54413.6,54586.45,54412.95,54586.45,9085
2026-08-05T13:35:00+00:00,54586.45,54643.95,54551.45,54624.95,7501
2026-08-05T13:40:00+00:00,54624.95,54645.45,54592.95,54641.95,6835
2026-08-05T13:45:00+00:00,54641.95,54648.95,54529.95,54529.95,6335
2026-08-05T13:50:00+00:00,54529.95,54669.95,54475.45,54669.95,6468
2026-08-05T13:55:00+00:00,54669.95,54769.45,54664.45,54766.45,4798
2026-08-05T14:00:00+00:00,54766.45,54766.45,54707.45,54723.95,5568
2026-08-05T14:05:00+00:00,54723.95,54763.95,54720.45,54739.95,5734
2026-08-05T14:10:00+00:00,54739.95,54776.95,54718.45,54762.45,4398
2026-08-05T14:15:00+00:00,54762.45,54766.95,54722.45,54722.95,3957
2026-08-05T14:20:00+00:00,54722.95,54739.95,54684.95,54738.95,4772
2026-08-05T14:25:00+00:00,54738.95,54765.95,54691.45,54696.95,4603
2026-08-05T14:30:00+00:00,54696.95,54770.95,54693.95,54720.45,4854
2026-08-05T14:35:00+00:00,54720.45,54737.45,54681.95,54708.95,4110
2026-08-05T14:40:00+00:00,54708.95,54734.95,54692.95,54703.95,4344
2026-08-05T14:45:00+00:00,54703.95,54758.45,54692.95,54755.95,4378
2026-08-05T14:50:00+00:00,54755.95,54768.95,54642.95,54668.45,4753
2026-08-05T14:55:00+00:00,54668.45,54704.45,54636.95,54679.95,4159
2026-08-05T15:00:00+00:00,54679.95,54751.45,54672.45,54742.45,4239
2026-08-05T15:05:00+00:00,54742.45,54750.95,54686.95,54705.95,3783
2026-08-05T15:10:00+00:00,54705.95,54716.45,54640.45,54650.95,3725
2026-08-05T15:15:00+00:00,54650.95,54650.95,54533.45,54587.45,4655
2026-08-05T15:20:00+00:00,54587.45,54617.45,54572.45,54593.45,3368
2026-08-05T15:25:00+00:00,54593.45,54595.45,54553.95,54569.45,3452
2026-08-05T15:30:00+00:00,54569.45,54613.95,54564.95,54574.95,3308
2026-08-05T15:35:00+00:00,54574.95,54582.95,54539.45,54567.95,2944
2026-08-05T15:40:00+00:00,54567.95,54579.45,54545.45,54579.45,2638
2026-08-05T15:45:00+00:00,54579.45,54583.45,54551.45,54556.95,2806
2026-08-05T15:50:00+00:00,54556.95,54578.95,54544.95,54547.95,2664
2026-08-05T15:55:00+00:00,54547.95,54560.45,54527.45,54530.95,2982
2026-08-05T16:00:00+00:00,54530.95,54559.95,54519.45,54541.95,3728
2026-08-05T16:05:00+00:00,54541.95,54543.95,54511.45,54531.95,3067
2026-08-05T16:10:00+00:00,54531.95,54549.95,54512.95,54539.45,2639
2026-08-05T16:15:00+00:00,54539.45,54569.45,54523.45,54533.95,2901
2026-08-05T16:20:00+00:00,54533.95,54585.95,54533.45,54545.45,3153
2026-08-05T16:25:00+00:00,54545.45,54591.45,54545.45,54581.95,2461
2026-08-05T16:30:00+00:00,54581.95,54587.95,54540.95,54551.95,2795
2026-08-05T16:35:00+00:00,54551.95,54566.45,54535.45,54544.45,2384
2026-08-05T16:40:00+00:00,54544.45,54564.45,54530.95,54553.95,1990
2026-08-05T16:45:00+00:00,54553.95,54555.95,54533.45,54543.95,2205
2026-08-05T16:50:00+00:00,54543.95,54583.95,54539.95,54579.45,2226
2026-08-05T16:55:00+00:00,54579.45,54587.45,54558.45,54574.95,1983
2026-08-05T17:00:00+00:00,54574.95,54589.95,54554.95,54563.95,2446
2026-08-05T17:05:00+00:00,54563.95,54578.95,54550.95,54567.45,2408
2026-08-05T17:10:00+00:00,54567.45,54581.45,54553.95,54565.45,2171
2026-08-05T17:15:00+00:00,54565.45,54580.45,54545.95,54559.95,2283
2026-08-05T17:20:00+00:00,54559.95,54562.95,54538.45,54562.95,2118
2026-08-05T17:25:00+00:00,54562.95,54586.95,54554.95,54562.45,2052
2026-08-05T17:30:00+00:00,54562.45,54598.95,54551.95,54595.95,2034
2026-08-05T17:35:00+00:00,54595.95,54607.45,54588.95,54600.95,1784
2026-08-05T17:40:00+00:00,54600.95,54621.95,54600.95,54610.95,1989
2026-08-05T17:45:00+00:00,54610.95,54621.95,54590.95,54621.45,1552
2026-08-05T17:50:00+00:00,54621.45,54629.45,54604.45,54606.95,1481
2026-08-05T17:55:00+00:00,54606.95,54619.95,54588.45,54588.95,1581
2026-08-05T18:00:00+00:00,54588.95,54608.95,54580.45,54605.95,1869
2026-08-05T18:05:00+00:00,54605.95,54616.95,54581.95,54592.45,2034
2026-08-05T18:10:00+00:00,54592.45,54603.95,54578.95,54578.95,1390
2026-08-05T18:15:00+00:00,54578.95,54596.45,54574.95,54588.45,1365
2026-08-05T18:20:00+00:00,54588.45,54588.45,54566.95,54567.95,1366
2026-08-05T18:25:00+00:00,54567.95,54579.45,54557.45,54562.95,1365
2026-08-05T18:30:00+00:00,54562.95,54563.95,54526.95,54528.95,2245
2026-08-05T18:35:00+00:00,54528.95,54537.95,54520.95,54522.95,1631
2026-08-05T18:40:00+00:00,54522.95,54536.95,54514.95,54534.95,1514
2026-08-05T18:45:00+00:00,54534.95,54555.95,54534.95,54549.95,1215
2026-08-05T18:50:00+00:00,54549.95,54559.95,54530.95,54545.95,1265
2026-08-05T18:55:00+00:00,54545.95,54549.95,54518.45,54520.95,1398
2026-08-05T19:00:00+00:00,54520.95,54529.95,54507.95,54528.95,1805
2026-08-05T19:05:00+00:00,54528.95,54538.95,54516.95,54524.95,1642
2026-08-05T19:10:00+00:00,54524.95,54526.95,54509.95,54516.45,1523
2026-08-05T19:15:00+00:00,54516.45,54521.95,54508.95,54515.95,1267
2026-08-05T19:20:00+00:00,54515.95,54524.95,54502.45,54514.95,1531
2026-08-05T19:25:00+00:00,54514.95,54517.45,54504.95,54510.95,1291
2026-08-05T19:30:00+00:00,54510.95,54516.95,54490.95,54515.95,1543
2026-08-05T19:35:00+00:00,54515.95,54515.95,54481.45,54491.45,1601
2026-08-05T19:40:00+00:00,54491.45,54502.95,54484.95,54499.95,1518
2026-08-05T19:45:00+00:00,54499.95,54510.95,54470.95,54505.45,2179
2026-08-05T19:50:00+00:00,54505.45,54513.45,54488.95,54496.95,2306
2026-08-05T19:55:00+00:00,54496.95,54506.45,54377.45,54381.45,3938
2026-08-05T20:00:00+00:00,54381.45,54445.1,54374.6,54431.6,2304
2026-08-05T20:05:00+00:00,54431.6,54470.1,54431.6,54448.1,1670
2026-08-05T20:10:00+00:00,54448.1,54458.6,54439.1,54458.1,838
2026-08-05T20:15:00+00:00,54458.1,54462.1,54443.6,54446.6,642
2026-08-05T20:20:00+00:00,54446.6,54467.6,54446.1,54458.6,383
2026-08-05T20:25:00+00:00,54458.6,54458.6,54441.1,54445.1,363
2026-08-05T20:30:00+00:00,54445.1,54457.6,54444.6,54457.1,228
2026-08-05T20:35:00+00:00,54457.1,54457.1,54442.6,54448.6,281
2026-08-05T20:40:00+00:00,54448.6,54467.6,54447.1,54467.6,201
2026-08-05T20:45:00+00:00,54467.6,54469.1,54452.6,54454.1,385
2026-08-05T20:50:00+00:00,54454.1,54470.1,54447.6,54449.1,378
2026-08-05T20:55:00+00:00,54449.1,54462.6,54441.1,54452.35,371
2026-08-05T22:00:00+00:00,54452.35,54469.14,54451.14,54459.14,317
2026-08-05T22:05:00+00:00,54459.14,54459.14,54446.64,54447.14,519
2026-08-05T22:10:00+00:00,54447.14,54457.14,54445.14,54456.14,169
2026-08-05T22:15:00+00:00,54456.14,54465.64,54455.64,54462.64,247
2026-08-05T22:20:00+00:00,54462.64,54477.64,54461.64,54474.14,315
2026-08-05T22:25:00+00:00,54474.14,54482.64,54473.64,54478.64,237
2026-08-05T22:30:00+00:00,54478.64,54483.64,54475.14,54480.64,249
2026-08-05T22:35:00+00:00,54480.64,54488.14,54478.64,54482.64,159
2026-08-05T22:40:00+00:00,54482.64,54482.64,54472.14,54474.14,196
2026-08-05T22:45:00+00:00,54474.14,54483.14,54474.14,54482.64,211
2026-08-05T22:50:00+00:00,54482.64,54485.14,54471.14,54471.64,186
2026-08-05T22:55:00+00:00,54471.64,54471.64,54461.64,54465.64,138
2026-08-05T23:00:00+00:00,54465.64,54477.64,54465.64,54473.14,258
2026-08-05T23:05:00+00:00,54473.14,54477.64,54473.14,54476.64,110
2026-08-05T23:10:00+00:00,54476.64,54485.64,54473.14,54483.64,89
2026-08-05T23:15:00+00:00,54483.64,54490.64,54483.14,54486.64,88
2026-08-05T23:20:00+00:00,54486.64,54492.14,54485.64,54485.64,93
2026-08-05T23:25:00+00:00,54485.64,54497.14,54485.64,54492.64,121
2026-08-05T23:30:00+00:00,54492.64,54500.64,54492.14,54493.14,202
2026-08-05T23:35:00+00:00,54493.14,54497.64,54480.64,54486.14,202
2026-08-05T23:40:00+00:00,54486.14,54489.64,54485.64,54487.14,86
2026-08-05T23:45:00+00:00,54487.14,54488.64,54472.64,54474.64,272
2026-08-05T23:50:00+00:00,54474.64,54487.14,54473.64,54482.64,187
2026-08-05T23:55:00+00:00,54482.64,54487.64,54477.64,54481.64,184
2026-08-06T00:00:00+00:00,54481.64,54492.64,54465.14,54488.64,1183
2026-08-06T00:05:00+00:00,54488.64,54492.64,54479.64,54481.64,534
2026-08-06T00:10:00+00:00,54481.64,54481.64,54465.64,54478.14,671
2026-08-06T00:15:00+00:00,54478.14,54488.64,54473.14,54483.14,745
2026-08-06T00:20:00+00:00,54483.14,54484.14,54477.14,54479.64,426
2026-08-06T00:25:00+00:00,54479.64,54479.64,54462.64,54468.14,452
2026-08-06T00:30:00+00:00,54468.14,54478.14,54464.14,54477.64,504
2026-08-06T00:35:00+00:00,54477.64,54483.14,54475.64,54482.64,407
2026-08-06T00:40:00+00:00,54482.64,54487.14,54473.64,54482.14,280
2026-08-06T00:45:00+00:00,54482.14,54487.64,54478.14,54479.64,304
2026-08-06T00:50:00+00:00,54479.64,54484.64,54476.14,54479.14,253
2026-08-06T00:55:00+00:00,54479.14,54494.64,54477.14,54489.14,225
2026-08-06T01:00:00+00:00,54489.14,54495.14,54479.14,54481.64,379
2026-08-06T01:05:00+00:00,54481.64,54482.14,54472.14,54479.14,225
2026-08-06T01:10:00+00:00,54479.14,54480.14,54468.14,54479.14,254
2026-08-06T01:15:00+00:00,54479.14,54479.14,54462.14,54469.14,316
2026-08-06T01:20:00+00:00,54469.14,54469.14,54452.14,54455.64,316
2026-08-06T01:25:00+00:00,54455.64,54460.64,54447.14,54458.64,363
2026-08-06T01:30:00+00:00,54458.64,54482.64,54455.14,54466.64,537
2026-08-06T01:35:00+00:00,54466.64,54476.14,54463.14,54475.14,455
2026-08-06T01:40:00+00:00,54475.14,54475.14,54456.14,54461.14,343
2026-08-06T01:45:00+00:00,54461.14,54475.14,54453.14,54475.14,446
2026-08-06T01:50:00+00:00,54475.14,54480.64,54469.14,54474.14,539
2026-08-06T01:55:00+00:00,54474.14,54485.64,54473.64,54482.14,368
2026-08-06T02:00:00+00:00,54482.14,54501.64,54482.14,54500.64,433
2026-08-06T02:05:00+00:00,54500.64,54522.14,54498.64,54521.14,309
2026-08-06T02:10:00+00:00,54521.14,54523.64,54501.14,54504.14,312
2026-08-06T02:15:00+00:00,54504.14,54505.14,54487.14,54494.64,323
2026-08-06T02:20:00+00:00,54494.64,54500.14,54488.14,54488.14,200
2026-08-06T02:25:00+00:00,54488.14,54490.64,54474.14,54482.14,263
2026-08-06T02:30:00+00:00,54482.14,54487.14,54478.14,54482.64,476
2026-08-06T02:35:00+00:00,54482.64,54487.64,54480.14,54487.14,278
2026-08-06T02:40:00+00:00,54487.14,54504.64,54487.14,54504.64,335
2026-08-06T02:45:00+00:00,54504.64,54509.14,54502.64,54509.14,502
2026-08-06T02:50:00+00:00,54509.14,54509.64,54497.64,54505.14,252
2026-08-06T02:55:00+00:00,54505.14,54505.14,54494.64,54497.64,236
2026-08-06T03:00:00+00:00,54497.64,54513.64,54496.64,54513.64,276
2026-08-06T03:05:00+00:00,54513.64,54515.64,54506.14,54515.64,260
2026-08-06T03:10:00+00:00,54515.64,54519.14,54510.14,54510.14,178
2026-08-06T03:15:00+00:00,54510.14,54511.64,54503.64,54507.14,239
2026-08-06T03:20:00+00:00,54507.14,54507.14,54498.64,54499.14,257
2026-08-06T03:25:00+00:00,54499.14,54499.14,54489.14,54493.64,239
2026-08-06T03:30:00+00:00,54493.64,54505.14,54492.14,54504.64,311
2026-08-06T03:35:00+00:00,54504.64,54513.14,54502.14,54508.14,278
2026-08-06T03:40:00+00:00,54508.14,54511.64,54504.14,54506.64,214
2026-08-06T03:45:00+00:00,54506.64,54512.14,54506.14,54506.64,268
2026-08-06T03:50:00+00:00,54506.64,54506.64,54492.64,54499.14,187
2026-08-06T03:55:00+00:00,54499.14,54510.14,54498.14,54508.14,233
2026-08-06T04:00:00+00:00,54508.14,54510.14,54503.14,54510.14,163
2026-08-06T04:05:00+00:00,54510.14,54515.14,54509.14,54509.14,141
2026-08-06T04:10:00+00:00,54509.14,54510.14,54504.14,54504.14,96
2026-08-06T04:15:00+00:00,54504.14,54506.14,54501.14,54503.14,125
2026-08-06T04:20:00+00:00,54503.14,54512.14,54502.14,54512.14,145
2026-08-06T04:25:00+00:00,54512.14,54514.14,54506.64,54510.14,165
2026-08-06T04:30:00+00:00,54510.14,54515.14,54505.14,54508.14,207
2026-08-06T04:35:00+00:00,54508.14,54512.14,54502.64,54503.64,294
2026-08-06T04:40:00+00:00,54503.64,54509.14,54503.14,54507.14,278
2026-08-06T04:45:00+00:00,54507.14,54512.14,54505.64,54510.14,224
2026-08-06T04:50:00+00:00,54510.14,54517.64,54510.14,54517.14,283
2026-08-06T04:55:00+00:00,54517.14,54518.64,54510.14,54514.14,212
2026-08-06T05:00:00+00:00,54514.14,54516.64,54504.14,54511.64,362
2026-08-06T05:05:00+00:00,54511.64,54523.14,54511.64,54517.64,217
2026-08-06T05:10:00+00:00,54517.64,54517.64,54510.64,54514.14,272
2026-08-06T05:15:00+00:00,54514.14,54515.14,54503.64,54510.14,215
2026-08-06T05:20:00+00:00,54510.14,54519.64,54507.64,54510.64,240
2026-08-06T05:25:00+00:00,54510.64,54514.64,54509.64,54514.64,218
2026-08-06T05:30:00+00:00,54514.64,54514.64,54503.14,54505.14,256
2026-08-06T05:35:00+00:00,54505.14,54511.14,54503.64,54507.64,262
2026-08-06T05:40:00+00:00,54507.64,54512.64,54499.14,54511.14,259
2026-08-06T05:45:00+00:00,54511.14,54515.14,54502.64,54505.64,233
2026-08-06T05:50:00+00:00,54505.64,54519.14,54504.64,54516.64,288
2026-08-06T05:55:00+00:00,54516.64,54533.64,54516.14,54532.64,184
2026-08-06T06:00:00+00:00,54532.64,54534.14,54510.64,54518.64,450
2026-08-06T06:05:00+00:00,54518.64,54524.64,54501.64,54507.64,391
2026-08-06T06:10:00+00:00,54507.64,54513.14,54476.14,54481.64,642
2026-08-06T06:15:00+00:00,54481.64,54491.64,54475.64,54490.64,528
2026-08-06T06:20:00+00:00,54490.64,54503.14,54484.64,54503.14,400
2026-08-06T06:25:00+00:00,54503.14,54521.14,54502.64,54520.14,344
2026-08-06T06:30:00+00:00,54520.14,54522.14,54489.64,54508.64,531
2026-08-06T06:35:00+00:00,54508.64,54515.14,54497.64,54503.64,348
2026-08-06T06:40:00+00:00,54503.64,54508.64,54490.14,54508.64,383
2026-08-06T06:45:00+00:00,54508.64,54517.64,54505.64,54516.64,328
2026-08-06T06:50:00+00:00,54516.64,54521.14,54511.14,54520.64,382
2026-08-06T06:55:00+00:00,54520.64,54530.64,54519.14,54527.64,326
2026-08-06T07:00:00+00:00,54527.64,54534.64,54511.64,54520.64,951
2026-08-06T07:05:00+00:00,54520.64,54548.64,54519.64,54545.64,624
2026-08-06T07:10:00+00:00,54545.64,54558.64,54543.64,54555.64,509
2026-08-06T07:15:00+00:00,54555.64,54559.64,54545.64,54546.14,392
2026-08-06T07:20:00+00:00,54546.14,54549.64,54528.14,54533.14,431
2026-08-06T07:25:00+00:00,54533.14,54544.14,54524.14,54527.64,513
2026-08-06T07:30:00+00:00,54527.64,54529.14,54517.64,54522.14,445
2026-08-06T07:35:00+00:00,54522.14,54523.14,54490.64,54493.64,563
2026-08-06T07:40:00+00:00,54493.64,54499.14,54489.64,54491.14,433
2026-08-06T07:45:00+00:00,54491.14,54510.64,54477.14,54507.14,507
2026-08-06T07:50:00+00:00,54507.14,54525.14,54504.64,54522.14,396
2026-08-06T07:55:00+00:00,54522.14,54531.64,54515.64,54530.64,399
2026-08-06T08:00:00+00:00,54530.64,54531.14,54464.64,54480.14,906
2026-08-06T08:05:00+00:00,54480.14,54512.14,54475.14,54512.14,604
2026-08-06T08:10:00+00:00,54512.14,54512.14,54483.14,54495.64,666
2026-08-06T08:15:00+00:00,54495.64,54517.14,54487.14,54512.64,645
2026-08-06T08:20:00+00:00,54512.64,54514.14,54494.64,54505.14,458
2026-08-06T08:25:00+00:00,54505.14,54535.64,54504.14,54533.64,525
2026-08-06T08:30:00+00:00,54533.64,54550.64,54529.14,54544.64,613
2026-08-06T08:35:00+00:00,54544.64,54553.64,54527.64,54528.64,514
2026-08-06T08:40:00+00:00,54528.64,54545.64,54528.64,54536.64,468
2026-08-06T08:45:00+00:00,54536.64,54559.14,54532.64,54549.14,445
2026-08-06T08:50:00+00:00,54549.14,54560.14,54548.14,54554.14,429
2026-08-06T08:55:00+00:00,54554.14,54565.64,54547.14,54564.64,374
2026-08-06T09:00:00+00:00,54564.64,54574.14,54555.64,54564.64,580
2026-08-06T09:05:00+00:00,54564.64,54572.14,54538.14,54547.64,462
2026-08-06T09:10:00+00:00,54547.64,54557.14,54541.64,54550.64,442
2026-08-06T09:15:00+00:00,54550.64,54571.14,54549.14,54569.64,428
2026-08-06T09:20:00+00:00,54569.64,54576.14,54567.14,54570.64,355
2026-08-06T09:25:00+00:00,54570.64,54570.64,54549.14,54559.14,334
2026-08-06T09:30:00+00:00,54559.14,54564.64,54540.14,54545.14,626
2026-08-06T09:35:00+00:00,54545.14,54548.64,54534.64,54548.14,400
2026-08-06T09:40:00+00:00,54548.14,54554.64,54538.64,54545.64,319
2026-08-06T09:45:00+00:00,54545.64,54569.64,54545.64,54568.14,385
2026-08-06T09:50:00+00:00,54568.14,54568.14,54553.64,54562.14,324
2026-08-06T09:55:00+00:00,54562.14,54568.14,54558.14,54567.14,321
2026-08-06T10:00:00+00:00,54567.14,54568.14,54549.14,54558.14,419
2026-08-06T10:05:00+00:00,54558.14,54559.14,54544.64,54550.64,305
2026-08-06T10:10:00+00:00,54550.64,54551.64,54540.14,54544.14,318
2026-08-06T10:15:00+00:00,54544.14,54559.14,54539.14,54558.64,351
2026-08-06T10:20:00+00:00,54558.64,54559.14,54548.14,54554.64,324
2026-08-06T10:25:00+00:00,54554.64,54560.64,54546.14,54547.64,267
2026-08-06T10:30:00+00:00,54547.64,54547.64,54525.64,54527.64,278
2026-08-06T10:35:00+00:00,54527.64,54531.64,54522.64,54524.14,269
2026-08-06T10:40:00+00:00,54524.14,54526.64,54512.64,54517.64,337
2026-08-06T10:45:00+00:00,54517.64,54543.64,54510.64,54539.14,463
2026-08-06T10:50:00+00:00,54539.14,54544.14,54532.14,54535.64,315
2026-08-06T10:55:00+00:00,54535.64,54543.64,54532.14,54540.14,252
2026-08-06T11:00:00+00:00,54540.14,54549.14,54521.14,54525.14,1191
2026-08-06T11:05:00+00:00,54525.14,54527.14,54495.14,54517.14,823
2026-08-06T11:10:00+00:00,54517.14,54526.64,54506.64,54514.14,503
2026-08-06T11:15:00+00:00,54514.14,54527.14,54510.64,54527.14,602
2026-08-06T11:20:00+00:00,54527.14,54530.14,54518.14,54526.64,411
2026-08-06T11:25:00+00:00,54526.64,54542.64,54519.14,54540.14,392
2026-08-06T11:30:00+00:00,54540.14,54544.14,54529.14,54531.14,536
2026-08-06T11:35:00+00:00,54531.14,54534.14,54509.14,54509.14,393
2026-08-06T11:40:00+00:00,54509.14,54510.14,54481.14,54482.14,556
2026-08-06T11:45:00+00:00,54482.14,54495.64,54456.14,54471.14,1069
2026-08-06T11:50:00+00:00,54471.14,54471.14,54441.64,54448.14,717
2026-08-06T11:55:00+00:00,54448.14,54493.64,54447.64,54482.14,996
2026-08-06T12:00:00+00:00,54482.14,54487.14,54460.14,54479.64,866
2026-08-06T12:05:00+00:00,54479.64,54498.64,54468.14,54476.64,817
2026-08-06T12:10:00+00:00,54476.64,54501.14,54475.64,54499.64,666
2026-08-06T12:15:00+00:00,54499.64,54518.64,54481.64,54488.14,661
2026-08-06T12:20:00+00:00,54488.14,54528.64,54485.64,54513.64,920
2026-08-06T12:25:00+00:00,54513.64,54521.14,54481.14,54481.64,821
2026-08-06T12:30:00+00:00,54481.64,54514.14,54469.39,54509.64,758
2026-08-06T12:35:00+00:00,54509.64,54532.64,54508.64,54518.64,762
2026-08-06T12:40:00+00:00,54518.64,54529.64,54515.64,54523.14,801
2026-08-06T12:45:00+00:00,54523.14,54532.64,54500.64,54506.64,521
2026-08-06T12:50:00+00:00,54506.64,54506.64,54479.64,54498.64,742
2026-08-06T12:55:00+00:00,54498.64,54502.64,54478.14,54492.64,720
2026-08-06T13:00:00+00:00,54492.64,54495.64,54473.14,54479.64,1006
2026-08-06T13:05:00+00:00,54479.64,54480.64,54452.64,54471.64,1222
2026-08-06T13:10:00+00:00,54471.64,54493.64,54466.64,54478.64,892
2026-08-06T13:15:00+00:00,54478.64,54498.64,54464.64,54494.64,1010
2026-08-06T13:20:00+00:00,54494.64,54505.64,54485.14,54499.64,543
2026-08-06T13:25:00+00:00,54499.64,54516.64,54477.64,54477.64,1052
2026-08-06T13:30:00+00:00,54477.64,54556.49,54397.49,54415.49,8988
2026-08-06T13:35:00+00:00,54415.49,54438.49,54345.99,54362.49,7762
2026-08-06T13:40:00+00:00,54362.49,54469.99,54359.49,54437.49,6545
2026-08-06T13:45:00+00:00,54437.49,54444.49,54362.49,54365.49,5684
2026-08-06T13:50:00+00:00,54365.49,54382.99,54332.49,54338.49,5563
2026-08-06T13:55:00+00:00,54338.49,54346.99,54313.49,54337.49,5061
2026-08-06T14:00:00+00:00,54337.49,54384.49,54330.99,54382.99,4620
2026-08-06T14:05:00+00:00,54382.99,54383.99,54323.99,54352.49,3697
2026-08-06T14:10:00+00:00,54352.49,54378.49,54336.49,54378.49,3669
2026-08-06T14:15:00+00:00,54378.49,54381.49,54309.49,54340.49,4085
2026-08-06T14:20:00+00:00,54340.49,54345.99,54297.99,54305.49,3236
2026-08-06T14:25:00+00:00,54305.49,54310.99,54254.49,54286.49,4626
2026-08-06T14:30:00+00:00,54286.49,54323.49,54259.99,54282.49,4001
2026-08-06T14:35:00+00:00,54282.49,54287.49,54248.49,54248.49,3614
2026-08-06T14:40:00+00:00,54248.49,54290.49,54244.49,54252.49,3074
2026-08-06T14:45:00+00:00,54252.49,54258.99,54202.49,54205.49,3035
2026-08-06T14:50:00+00:00,54205.49,54221.99,54194.49,54215.49,2937
2026-08-06T14:55:00+00:00,54215.49,54228.49,54201.49,54212.49,2724
2026-08-06T15:00:00+00:00,54212.49,54228.49,54182.49,54201.49,2791
2026-08-06T15:05:00+00:00,54201.49,54203.49,54168.49,54171.49,2400
2026-08-06T15:10:00+00:00,54171.49,54180.49,54112.49,54112.49,2638
2026-08-06T15:15:00+00:00,54112.49,54144.99,54088.49,54088.49,3129
2026-08-06T15:20:00+00:00,54088.49,54105.49,54061.99,54089.49,3290
2026-08-06T15:25:00+00:00,54089.49,54090.49,54058.99,54075.49,2904
2026-08-06T15:30:00+00:00,54075.49,54081.49,54029.49,54029.49,2861
2026-08-06T15:35:00+00:00,54029.49,54059.49,54024.49,54046.49,2741
2026-08-06T15:40:00+00:00,54046.49,54054.99,54017.99,54025.49,2193
2026-08-06T15:45:00+00:00,54025.49,54087.49,54021.49,54066.49,2571
2026-08-06T15:50:00+00:00,54066.49,54096.49,54003.49,54006.49,3449
2026-08-06T15:55:00+00:00,54006.49,54035.49,53994.49,54022.49,4096
2026-08-06T16:00:00+00:00,54022.49,54035.99,53994.49,54006.49,3139
2026-08-06T16:05:00+00:00,54006.49,54023.49,53987.99,54015.49,2451
2026-08-06T16:10:00+00:00,54015.49,54020.49,53973.49,53991.99,2400
2026-08-06T16:15:00+00:00,53991.99,54004.99,53962.99,54000.49,2532
2026-08-06T16:20:00+00:00,54000.49,54021.49,53982.49,54007.99,2596
2026-08-06T16:25:00+00:00,54007.99,54039.49,54001.49,54035.49,1944
2026-08-06T16:30:00+00:00,54035.49,54063.99,54026.49,54039.49,2381
2026-08-06T16:35:00+00:00,54039.49,54070.49,54037.49,54065.49,2104
2026-08-06T16:40:00+00:00,54065.49,54065.49,54013.49,54024.99,2232
2026-08-06T16:45:00+00:00,54024.99,54031.49,53992.49,54012.49,1912
2026-08-06T16:50:00+00:00,54012.49,54030.49,53999.49,54024.99,1972
2026-08-06T16:55:00+00:00,54024.99,54059.49,54016.49,54048.49,1722
2026-08-06T17:00:00+00:00,54048.49,54053.99,54010.49,54025.49,1977
2026-08-06T17:05:00+00:00,54025.49,54042.99,53983.49,53987.49,1888
2026-08-06T17:10:00+00:00,53987.49,54003.49,53978.49,53978.49,1839
2026-08-06T17:15:00+00:00,53978.49,53985.49,53956.49,53972.99,1841
2026-08-06T17:20:00+00:00,53972.99,53975.99,53922.49,53925.49,1794
2026-08-06T17:25:00+00:00,53925.49,53942.49,53913.49,53914.99,1911
2026-08-06T17:30:00+00:00,53914.99,53932.49,53903.49,53926.49,1889
2026-08-06T17:35:00+00:00,53926.49,53940.99,53912.49,53919.49,1743
2026-08-06T17:40:00+00:00,53919.49,53933.49,53908.49,53928.49,1619
2026-08-06T17:45:00+00:00,53928.49,53937.49,53913.49,53913.49,1521
2026-08-06T17:50:00+00:00,53913.49,53944.49,53912.49,53942.49,1605
2026-08-06T17:55:00+00:00,53942.49,53961.49,53933.49,53961.49,1444
2026-08-06T18:00:00+00:00,53961.49,53977.49,53953.49,53973.49,1614
2026-08-06T18:05:00+00:00,53973.49,53976.49,53956.49,53966.49,1550
2026-08-06T18:10:00+00:00,53966.49,53977.49,53953.49,53974.99,1519
2026-08-06T18:15:00+00:00,53974.99,54003.49,53950.49,53977.49,2368
2026-08-06T18:20:00+00:00,53977.49,53992.49,53968.49,53986.99,1341
2026-08-06T18:25:00+00:00,53986.99,53990.49,53963.49,53972.99,1305
2026-08-06T18:30:00+00:00,53972.99,53987.49,53961.49,53966.49,1420
2026-08-06T18:35:00+00:00,53966.49,53976.49,53951.49,53963.49,1327
2026-08-06T18:40:00+00:00,53963.49,53970.49,53944.49,53953.49,1346
2026-08-06T18:45:00+00:00,53953.49,53976.49,53945.99,53968.49,1251
2026-08-06T18:50:00+00:00,53968.49,53972.49,53954.49,53963.49,1102
2026-08-06T18:55:00+00:00,53963.49,53971.49,53951.49,53951.49,1058
2026-08-06T19:00:00+00:00,53951.49,53969.49,53949.49,53963.49,1435
2026-08-06T19:05:00+00:00,53963.49,53987.49,53955.49,53987.49,1508
2026-08-06T19:10:00+00:00,53987.49,53994.49,53974.99,53980.49,1342
2026-08-06T19:15:00+00:00,53980.49,53984.49,53964.49,53981.49,1443
2026-08-06T19:20:00+00:00,53981.49,53990.49,53957.49,53957.49,1351
2026-08-06T19:25:00+00:00,53957.49,53957.49,53917.49,53918.49,2021
2026-08-06T19:30:00+00:00,53918.49,53926.99,53905.99,53918.49,1984
2026-08-06T19:35:00+00:00,53918.49,53921.49,53891.49,53892.49,1653
2026-08-06T19:40:00+00:00,53892.49,53899.49,53869.49,53879.99,1943
2026-08-06T19:45:00+00:00,53879.99,53903.49,53868.49,53900.49,1912
2026-08-06T19:50:00+00:00,53900.49,53927.99,53862.49,53919.99,3011
2026-08-06T19:55:00+00:00,53919.99,53929.49,53889.49,53918.49,3600
2026-08-06T20:00:00+00:00,53918.49,53938.14,53913.14,53913.14,1355
2026-08-06T20:05:00+00:00,53913.14,53938.64,53913.14,53928.64,713
2026-08-06T20:10:00+00:00,53928.64,53931.14,53908.64,53908.64,875
2026-08-06T20:15:00+00:00,53908.64,53913.64,53899.14,53909.64,738
2026-08-06T20:20:00+00:00,53909.64,53913.64,53876.14,53878.64,613
2026-08-06T20:25:00+00:00,53878.64,53885.64,53868.64,53876.14,677
2026-08-06T20:30:00+00:00,53876.14,53884.64,53870.64,53879.64,369
2026-08-06T20:35:00+00:00,53879.64,53885.64,53864.64,53874.14,340
2026-08-06T20:40:00+00:00,53874.14,53876.14,53867.14,53874.64,230
2026-08-06T20:45:00+00:00,53874.64,53875.64,53853.14,53857.64,432
2026-08-06T20:50:00+00:00,53857.64,53867.14,53854.64,53864.64,195
2026-08-06T20:55:00+00:00,53864.64,53881.89,53861.14,53881.89,352
2026-08-06T22:00:00+00:00,53881.89,53919.37,53881.89,53896.87,121
2026-08-06T22:05:00+00:00,53896.87,53923.12,53896.87,53914.87,156
2026-08-06T22:10:00+00:00,53914.87,53925.37,53914.37,53923.87,96
2026-08-06T22:15:00+00:00,53923.87,53935.37,53920.37,53920.37,59
2026-08-06T22:20:00+00:00,53920.37,53921.37,53900.12,53911.87,59
2026-08-06T22:25:00+00:00,53911.87,53921.87,53908.12,53910.87,120
2026-08-06T22:30:00+00:00,53910.87,53911.37,53889.87,53902.37,259
2026-08-06T22:35:00+00:00,53902.37,53903.37,53892.87,53894.37,175
2026-08-06T22:40:00+00:00,53894.37,53894.37,53889.87,53891.37,287
2026-08-06T22:45:00+00:00,53891.37,53901.37,53889.87,53895.37,189
2026-08-06T22:50:00+00:00,53895.37,53901.87,53894.37,53897.37,110
2026-08-06T22:55:00+00:00,53897.37,53898.37,53894.37,53894.87,104
2026-08-06T23:00:00+00:00,53894.87,53904.37,53894.87,53903.87,110.56216216216217
2026-08-06T23:05:00+00:00,53903.87,53903.87,53896.37,53897.87,69
2026-08-06T23:10:00+00:00,53897.87,53897.87,53895.37,53896.37,33
2026-08-06T23:15:00+00:00,53896.37,53907.87,53896.37,53898.37,109
2026-08-06T23:20:00+00:00,53898.37,53903.37,53896.37,53902.37,107
2026-08-06T23:25:00+00:00,53902.37,53902.37,53894.37,53897.87,112
2026-08-06T23:30:00+00:00,53897.87,53908.37,53893.37,53908.37,185
2026-08-06T23:35:00+00:00,53908.37,53909.87,53903.87,53907.37,162
2026-08-06T23:40:00+00:00,53907.37,53914.37,53905.37,53909.87,145
2026-08-06T23:45:00+00:00,53909.87,53913.37,53904.37,53910.37,264
2026-08-06T23:50:00+00:00,53910.37,53912.87,53901.87,53905.37,260
2026-08-06T23:55:00+00:00,53905.37,53906.37,53900.87,53905.87,213
2026-08-07T00:00:00+00:00,53905.87,53905.87,53890.37,53903.37,1667
2026-08-07T00:05:00+00:00,53903.37,53910.87,53891.37,53891.37,772
2026-08-07T00:10:00+00:00,53891.37,53898.37,53881.37,53894.37,606
2026-08-07T00:15:00+00:00,53894.37,53895.87,53866.87,53869.87,822
2026-08-07T00:20:00+00:00,53869.87,53871.87,53849.87,53853.37,709
2026-08-07T00:25:00+00:00,53853.37,53861.37,53837.87,53841.37,514
2026-08-07T00:30:00+00:00,53841.37,53890.37,53840.87,53889.87,761
2026-08-07T00:35:00+00:00,53889.87,53890.37,53855.87,53865.87,608
2026-08-07T00:40:00+00:00,53865.87,53865.87,53846.37,53857.87,534
2026-08-07T00:45:00+00:00,53857.87,53867.87,53847.87,53853.87,657
2026-08-07T00:50:00+00:00,53853.87,53874.37,53852.87,53861.87,720
2026-08-07T00:55:00+00:00,53861.87,53865.37,53852.37,53861.37,548
2026-08-07T01:00:00+00:00,53861.37,53875.87,53859.37,53864.87,887
2026-08-07T01:05:00+00:00,53864.87,53865.87,53847.87,53851.37,590
2026-08-07T01:10:00+00:00,53851.37,53854.87,53845.37,53849.37,425
2026-08-07T01:15:00+00:00,53849.37,53850.37,53834.87,53836.37,328
2026-08-07T01:20:00+00:00,53836.37,53843.37,53830.87,53842.37,472
2026-08-07T01:25:00+00:00,53842.37,53858.87,53840.37,53857.87,876
2026-08-07T01:30:00+00:00,53857.87,53873.87,53857.37,53863.87,843
2026-08-07T01:35:00+00:00,53863.87,53863.87,53839.37,53839.87,816
2026-08-07T01:40:00+00:00,53839.87,53841.87,53831.87,53841.87,837
2026-08-07T01:45:00+00:00,53841.87,53851.87,53832.37,53844.87,714
2026-08-07T01:50:00+00:00,53844.87,53845.37,53827.37,53827.87,528
2026-08-07T01:55:00+00:00,53827.87,53834.37,53824.37,53832.87,516
2026-08-07T02:00:00+00:00,53832.87,53835.87,53825.37,53826.87,370
2026-08-07T02:05:00+00:00,53826.87,53831.87,53815.87,53816.37,383
2026-08-07T02:10:00+00:00,53816.37,53825.87,53812.37,53822.37,368
2026-08-07T02:15:00+00:00,53822.37,53827.87,53817.87,53818.87,198
2026-08-07T02:20:00+00:00,53818.87,53821.87,53812.87,53821.87,302
2026-08-07T02:25:00+00:00,53821.87,53821.87,53816.37,53816.87,293
2026-08-07T02:30:00+00:00,53816.87,53817.87,53807.87,53811.87,232
2026-08-07T02:35:00+00:00,53811.87,53815.87,53796.87,53798.87,327
2026-08-07T02:40:00+00:00,53798.87,53812.87,53798.87,53809.37,486
2026-08-07T02:45:00+00:00,53809.37,53815.37,53807.37,53815.37,286
2026-08-07T02:50:00+00:00,53815.37,53817.37,53810.87,53815.87,204
2026-08-07T02:55:00+00:00,53815.87,53822.87,53811.87,53811.87,190
2026-08-07T03:00:00+00:00,53811.87,53822.37,53810.37,53821.87,292
2026-08-07T03:05:00+00:00,53821.87,53823.37,53808.87,53808.87,248
2026-08-07T03:10:00+00:00,53808.87,53810.87,53802.37,53803.37,148
2026-08-07T03:15:00+00:00,53803.37,53807.37,53793.37,53793.87,206
2026-08-07T03:20:00+00:00,53793.87,53800.87,53789.37,53800.87,224
2026-08-07T03:25:00+00:00,53800.87,53808.87,53796.37,53805.37,189
2026-08-07T03:30:00+00:00,53805.37,53810.37,53800.87,53801.87,302
2026-08-07T03:35:00+00:00,53801.87,53811.87,53799.87,53808.87,252
2026-08-07T03:40:00+00:00,53808.87,53810.87,53801.87,53804.37,213
2026-08-07T03:45:00+00:00,53804.37,53805.87,53795.87,53804.37,200
2026-08-07T03:50:00+00:00,53804.37,53804.37,53793.87,53801.87,268
2026-08-07T03:55:00+00:00,53801.87,53807.37,53800.87,53804.87,167
2026-08-07T04:00:00+00:00,53804.87,53811.87,53804.37,53807.87,192
2026-08-07T04:05:00+00:00,53807.87,53807.87,53800.87,53802.37,160
2026-08-07T04:10:00+00:00,53802.37,53805.87,53797.37,53801.87,211
2026-08-07T04:15:00+00:00,53801.87,53804.87,53787.37,53796.37,354
2026-08-07T04:20:00+00:00,53796.37,53812.87,53795.37,53809.87,379
2026-08-07T04:25:00+00:00,53809.87,53810.87,53794.87,53798.87,320
2026-08-07T04:30:00+00:00,53798.87,53814.87,53790.87,53805.87,505
2026-08-07T04:35:00+00:00,53805.87,53805.87,53792.87,53797.37,239
2026-08-07T04:40:00+00:00,53797.37,53797.87,53791.87,53793.37,155
2026-08-07T04:45:00+00:00,53793.37,53801.87,53791.87,53793.87,202
2026-08-07T04:50:00+00:00,53793.87,53803.87,53789.87,53802.87,196
2026-08-07T04:55:00+00:00,53802.87,53815.37,53800.87,53813.37,342
2026-08-07T05:00:00+00:00,53813.37,53823.37,53811.37,53820.87,415
2026-08-07T05:05:00+00:00,53820.87,53835.87,53816.37,53826.87,424
2026-08-07T05:10:00+00:00,53826.87,53827.37,53814.87,53814.87,270
2026-08-07T05:15:00+00:00,53814.87,53827.87,53813.87,53824.87,254
2026-08-07T05:20:00+00:00,53824.87,53826.87,53813.87,53817.87,221
2026-08-07T05:25:00+00:00,53817.87,53824.87,53817.37,53821.37,217
2026-08-07T05:30:00+00:00,53821.37,53822.87,53815.87,53818.87,276
2026-08-07T05:35:00+00:00,53818.87,53823.87,53818.37,53820.87,148
2026-08-07T05:40:00+00:00,53820.87,53822.37,53815.37,53821.87,229
2026-08-07T05:45:00+00:00,53821.87,53822.87,53814.87,53821.87,147
2026-08-07T05:50:00+00:00,53821.87,53825.87,53817.87,53823.37,194
2026-08-07T05:55:00+00:00,53823.37,53824.37,53815.37,53817.37,175
2026-08-07T06:00:00+00:00,53817.37,53837.37,53813.87,53832.87,424
2026-08-07T06:05:00+00:00,53832.87,53848.37,53831.87,53843.87,381
2026-08-07T06:10:00+00:00,53843.87,53866.37,53841.87,53864.87,296
2026-08-07T06:15:00+00:00,53864.87,53872.87,53858.37,53858.87,316
2026-08-07T06:20:00+00:00,53858.87,53860.87,53845.87,53859.87,295
2026-08-07T06:25:00+00:00,53859.87,53863.37,53847.87,53861.37,382
2026-08-07T06:30:00+00:00,53861.37,53863.37,53847.37,53849.87,455
2026-08-07T06:35:00+00:00,53849.87,53849.87,53835.87,53838.87,223
2026-08-07T06:40:00+00:00,53838.87,53842.87,53827.87,53839.87,256
2026-08-07T06:45:00+00:00,53839.87,53852.87,53839.87,53846.87,291
2026-08-07T06:50:00+00:00,53846.87,53859.87,53843.87,53857.87,233
2026-08-07T06:55:00+00:00,53857.87,53878.87,53854.87,53873.87,387
2026-08-07T07:00:00+00:00,53873.87,53889.37,53873.87,53875.37,766
2026-08-07T07:05:00+00:00,53875.37,53900.37,53869.37,53893.87,616
2026-08-07T07:10:00+00:00,53893.87,53902.87,53887.87,53902.87,535
2026-08-07T07:15:00+00:00,53902.87,53904.87,53888.37,53889.87,498
2026-08-07T07:20:00+00:00,53889.87,53892.37,53881.87,53889.87,492
2026-08-07T07:25:00+00:00,53889.87,53899.87,53879.87,53897.87,412
2026-08-07T07:30:00+00:00,53897.87,53902.37,53882.87,53887.37,493
2026-08-07T07:35:00+00:00,53887.37,53893.87,53882.37,53884.37,473
2026-08-07T07:40:00+00:00,53884.37,53895.37,53877.37,53877.37,443
2026-08-07T07:45:00+00:00,53877.37,53877.87,53862.37,53870.87,376
2026-08-07T07:50:00+00:00,53870.87,53870.87,53851.87,53868.87,440
2026-08-07T07:55:00+00:00,53868.87,53872.87,53858.37,53861.37,448
2026-08-07T08:00:00+00:00,53861.37,53878.37,53861.37,53869.37,799
2026-08-07T08:05:00+00:00,53869.37,53889.87,53867.37,53885.37,676
2026-08-07T08:10:00+00:00,53885.37,53886.37,53869.37,53873.87,569
2026-08-07T08:15:00+00:00,53873.87,53874.87,53853.37,53854.37,590
2026-08-07T08:20:00+00:00,53854.37,53856.37,53841.37,53851.37,490
2026-08-07T08:25:00+00:00,53851.37,53855.37,53843.87,53852.87,479
2026-08-07T08:30:00+00:00,53852.87,53881.87,53848.37,53881.87,558
2026-08-07T08:35:00+00:00,53881.87,53881.87,53854.37,53867.87,494
2026-08-07T08:40:00+00:00,53867.87,53881.87,53867.87,53870.87,488
2026-08-07T08:45:00+00:00,53870.87,53874.87,53866.37,53870.37,443
2026-08-07T08:50:00+00:00,53870.37,53877.87,53866.87,53876.37,417
2026-08-07T08:55:00+00:00,53876.37,53893.87,53875.37,53891.37,454
2026-08-07T09:00:00+00:00,53891.37,53896.37,53878.87,53887.37,446
2026-08-07T09:05:00+00:00,53887.37,53887.37,53879.37,53882.37,408
2026-08-07T09:10:00+00:00,53882.37,53912.87,53881.87,53907.87,411
2026-08-07T09:15:00+00:00,53907.87,53907.87,53886.87,53890.37,398
2026-08-07T09:20:00+00:00,53890.37,53911.87,53890.37,53910.87,378
2026-08-07T09:25:00+00:00,53910.87,53916.87,53902.37,53904.87,302
2026-08-07T09:30:00+00:00,53904.87,53922.37,53898.87,53916.37,458
2026-08-07T09:35:00+00:00,53916.37,53925.37,53915.87,53924.37,384
2026-08-07T09:40:00+00:00,53924.37,53926.37,53917.87,53917.87,237
2026-08-07T09:45:00+00:00,53917.87,53927.37,53909.87,53924.37,365
2026-08-07T09:50:00+00:00,53924.37,53931.87,53917.87,53926.37,319
2026-08-07T09:55:00+00:00,53926.37,53929.87,53915.87,53925.37,401
2026-08-07T10:00:00+00:00,53925.37,53942.37,53921.37,53939.87,454
2026-08-07T10:05:00+00:00,53939.87,53944.37,53929.37,53929.37,388
2026-08-07T10:10:00+00:00,53929.37,53937.37,53924.37,53924.37,392
2026-08-07T10:15:00+00:00,53924.37,53933.37,53918.87,53933.37,355
2026-08-07T10:20:00+00:00,53933.37,53937.37,53926.37,53929.87,332
2026-08-07T10:25:00+00:00,53929.87,53950.87,53928.37,53950.37,306
2026-08-07T10:30:00+00:00,53950.37,53960.37,53946.87,53959.37,283
2026-08-07T10:35:00+00:00,53959.37,53966.37,53953.87,53961.37,303
2026-08-07T10:40:00+00:00,53961.37,53961.37,53955.87,53959.87,197
2026-08-07T10:45:00+00:00,53959.87,53962.37,53939.87,53943.87,271
2026-08-07T10:50:00+00:00,53943.87,53955.87,53940.37,53942.37,288
2026-08-07T10:55:00+00:00,53942.37,53954.37,53936.37,53952.37,289
2026-08-07T11:00:00+00:00,53952.37,53966.37,53940.87,53962.37,600
2026-08-07T11:05:00+00:00,53962.37,53967.87,53954.87,53966.37,443
2026-08-07T11:10:00+00:00,53966.37,53970.37,53949.37,53953.37,459
2026-08-07T11:15:00+00:00,53953.37,53969.37,53952.37,53966.37,364
2026-08-07T11:20:00+00:00,53966.37,53973.87,53961.37,53969.87,359
2026-08-07T11:25:00+00:00,53969.87,53977.37,53961.87,53966.87,370
2026-08-07T11:30:00+00:00,53966.87,53989.87,53966.87,53987.87,446
2026-08-07T11:35:00+00:00,53987.87,53998.87,53986.37,53996.87,463
2026-08-07T11:40:00+00:00,53996.87,53999.87,53990.87,53998.87,414
2026-08-07T11:45:00+00:00,53998.87,54000.87,53985.37,53989.37,463
2026-08-07T11:50:00+00:00,53989.37,54001.37,53985.37,53989.37,637
2026-08-07T11:55:00+00:00,53989.37,53989.37,53957.37,53957.37,785
2026-08-07T12:00:00+00:00,53957.37,53993.37,53947.37,53987.37,928
2026-08-07T12:05:00+00:00,53987.37,53995.37,53973.87,53983.87,701
2026-08-07T12:10:00+00:00,53983.87,53984.37,53966.37,53970.37,619
2026-08-07T12:15:00+00:00,53970.37,53987.87,53970.37,53982.37,741
2026-08-07T12:20:00+00:00,53982.37,53986.37,53969.37,53985.37,684
2026-08-07T12:25:00+00:00,53985.37,53992.37,53952.12,53986.87,998
2026-08-07T12:30:00+00:00,53986.87,54090.37,53986.87,54041.37,5132
2026-08-07T12:35:00+00:00,54041.37,54100.37,54031.87,54097.87,3296
2026-08-07T12:40:00+00:00,54097.87,54107.37,54077.37,54078.37,2115
2026-08-07T12:45:00+00:00,54078.37,54099.37,54067.37,54088.37,1902
2026-08-07T12:50:00+00:00,54088.37,54106.37,54082.87,54095.37,2013
2026-08-07T12:55:00+00:00,54095.37,54098.37,54060.37,54068.37,1665
2026-08-07T13:00:00+00:00,54068.37,54070.37,54032.37,54032.37,1553
2026-08-07T13:05:00+00:00,54032.37,54036.37,53992.87,53997.87,1363
2026-08-07T13:10:00+00:00,53997.87,54004.37,53965.37,53983.37,1465
2026-08-07T13:15:00+00:00,53983.37,54007.37,53974.37,53991.87,1660
2026-08-07T13:20:00+00:00,53991.87,54008.87,53981.37,54002.87,1066
2026-08-07T13:25:00+00:00,54002.87,54003.37,53938.87,53959.87,1838
2026-08-07T13:30:00+00:00,53959.87,53973.72,53816.72,53851.72,7994
2026-08-07T13:35:00+00:00,53851.72,53992.22,53840.22,53985.72,7304
2026-08-07T13:40:00+00:00,53985.72,54051.22,53976.72,54010.22,6716
2026-08-07T13:45:00+00:00,54010.22,54020.22,53944.22,53977.22,6007
2026-08-07T13:50:00+00:00,53977.22,54036.22,53966.72,54034.72,4692
2026-08-07T13:55:00+00:00,54034.72,54043.72,53947.22,53979.72,5591
2026-08-07T14:00:00+00:00,53979.72,54037.22,53974.72,53978.22,5450
2026-08-07T14:05:00+00:00,53978.22,53996.72,53953.22,53972.72,4929
2026-08-07T14:10:00+00:00,53972.72,53989.22,53928.72,53944.22,4655
2026-08-07T14:15:00+00:00,53944.22,54022.72,53942.22,54022.22,4613
2026-08-07T14:20:00+00:00,54022.22,54049.22,53996.22,54044.22,3967
2026-08-07T14:25:00+00:00,54044.22,54105.22,54041.22,54101.22,3618
2026-08-07T14:30:00+00:00,54101.22,54102.72,54037.22,54055.22,3900
2026-08-07T14:35:00+00:00,54055.22,54062.22,54005.72,54011.72,3758
2026-08-07T14:40:00+00:00,54011.72,54041.72,54007.72,54025.22,4012
2026-08-07T14:45:00+00:00,54025.22,54059.22,54006.22,54023.72,3468
2026-08-07T14:50:00+00:00,54023.72,54049.22,53988.22,54045.22,3343
2026-08-07T14:55:00+00:00,54045.22,54075.22,54043.72,54062.22,2780
2026-08-07T15:00:00+00:00,54062.22,54062.22,54023.22,54024.22,2601
2026-08-07T15:05:00+00:00,54024.22,54052.22,54014.72,54050.22,2329
2026-08-07T15:10:00+00:00,54050.22,54060.22,54025.22,54047.22,2270
2026-08-07T15:15:00+00:00,54047.22,54050.22,54019.22,54020.22,2224
2026-08-07T15:20:00+00:00,54020.22,54046.22,54017.22,54037.72,2217
2026-08-07T15:25:00+00:00,54037.72,54043.22,54010.72,54016.22,2056
2026-08-07T15:30:00+00:00,54016.22,54021.22,53959.22,53966.22,2439
2026-08-07T15:35:00+00:00,53966.22,54012.22,53963.22,53995.72,2182
2026-08-07T15:40:00+00:00,53995.72,54007.22,53968.22,53979.72,2253
2026-08-07T15:45:00+00:00,53979.72,54014.22,53972.22,54014.22,1892
2026-08-07T15:50:00+00:00,54014.22,54017.22,53982.22,53995.22,1770
2026-08-07T15:55:00+00:00,53995.22,53996.22,53966.22,53966.22,1481
2026-08-07T16:00:00+00:00,53966.22,53987.22,53957.22,53987.22,1759
2026-08-07T16:05:00+00:00,53987.22,53997.22,53974.22,53978.22,1476
2026-08-07T16:10:00+00:00,53978.22,54002.22,53977.22,53981.22,1300
2026-08-07T16:15:00+00:00,53981.22,53998.22,53980.22,53989.72,1393
2026-08-07T16:20:00+00:00,53989.72,54013.72,53960.22,53961.22,2275
2026-08-07T16:25:00+00:00,53961.22,53962.72,53913.72,53935.72,3637
2026-08-07T16:30:00+00:00,53935.72,53943.22,53907.22,53943.22,3156
2026-08-07T16:35:00+00:00,53943.22,53968.72,53928.22,53966.22,1894
2026-08-07T16:40:00+00:00,53966.22,54001.22,53963.22,53997.22,1698
2026-08-07T16:45:00+00:00,53997.22,54000.22,53978.22,53992.22,1531
2026-08-07T16:50:00+00:00,53992.22,54007.22,53963.22,53973.22,1523
2026-08-07T16:55:00+00:00,53973.22,53975.72,53963.22,53966.22,1624
2026-08-07T17:00:00+00:00,53966.22,53991.72,53963.22,53983.22,1816
2026-08-07T17:05:00+00:00,53983.22,53996.22,53978.22,53987.72,1392
2026-08-07T17:10:00+00:00,53987.72,54000.72,53982.72,53997.22,1059
2026-08-07T17:15:00+00:00,53997.22,54016.72,53996.22,54014.22,1084
2026-08-07T17:20:00+00:00,54014.22,54019.22,53993.22,53993.22,1121
2026-08-07T17:25:00+00:00,53993.22,53999.22,53985.72,53991.22,1134
2026-08-07T17:30:00+00:00,53991.22,53999.22,53968.72,53984.22,1494
2026-08-07T17:35:00+00:00,53984.22,54002.22,53977.22,54002.22,1069
2026-08-07T17:40:00+00:00,54002.22,54004.22,53985.72,53987.22,1033
2026-08-07T17:45:00+00:00,53987.22,54006.22,53984.72,54000.22,999
2026-08-07T17:50:00+00:00,54000.22,54009.72,53981.22,54004.72,1188
2026-08-07T17:55:00+00:00,54004.72,54006.22,53991.22,53991.72,997
2026-08-07T18:00:00+00:00,53991.72,54001.22,53976.22,53977.22,1256
2026-08-07T18:05:00+00:00,53977.22,53983.22,53960.22,53969.22,1159
2026-08-07T18:10:00+00:00,53969.22,53971.22,53935.22,53942.72,1326
2026-08-07T18:15:00+00:00,53942.72,53954.22,53938.22,53945.22,1495
2026-08-07T18:20:00+00:00,53945.22,53954.22,53940.22,53946.22,997
2026-08-07T18:25:00+00:00,53946.22,53959.22,53945.22,53948.22,1039
2026-08-07T18:30:00+00:00,53948.22,53952.22,53935.22,53940.22,1093
2026-08-07T18:35:00+00:00,53940.22,53948.22,53933.72,53938.72,1013
2026-08-07T18:40:00+00:00,53938.72,53949.22,53924.72,53930.22,989
2026-08-07T18:45:00+00:00,53930.22,53961.22,53929.22,53959.22,1029
2026-08-07T18:50:00+00:00,53959.22,53976.22,53958.22,53968.22,968
2026-08-07T18:55:00+00:00,53968.22,53981.22,53961.22,53978.72,1073
2026-08-07T19:00:00+00:00,53978.72,54017.22,53978.72,54007.22,2247
2026-08-07T19:05:00+00:00,54007.22,54037.22,54006.72,54036.22,1388
2026-08-07T19:10:00+00:00,54036.22,54058.72,54036.22,54052.22,1566
2026-08-07T19:15:00+00:00,54052.22,54097.22,54051.22,54069.22,1756
2026-08-07T19:20:00+00:00,54069.22,54095.22,54068.72,54073.22,1391
2026-08-07T19:25:00+00:00,54073.22,54087.22,54069.22,54086.72,1345
2026-08-07T19:30:00+00:00,54086.72,54099.22,54069.72,54086.72,1720
2026-08-07T19:35:00+00:00,54086.72,54101.22,54074.72,54081.22,1542
2026-08-07T19:40:00+00:00,54081.22,54084.72,54053.22,54055.22,1487
2026-08-07T19:45:00+00:00,54055.22,54084.22,54052.22,54078.22,1522
2026-08-07T19:50:00+00:00,54078.22,54078.22,54035.22,54035.72,2166
2026-08-07T19:55:00+00:00,54035.72,54093.22,54027.22,54058.72,3292
2026-08-07T20:00:00+00:00,54058.72,54074.87,54055.87,54056.87,1424
2026-08-07T20:05:00+00:00,54056.87,54064.87,54043.87,54050.37,560
2026-08-07T20:10:00+00:00,54050.37,54062.37,54043.87,54054.87,558
2026-08-07T20:15:00+00:00,54054.87,54061.87,54039.87,54049.37,241
2026-08-07T20:20:00+00:00,54049.37,54050.37,54037.37,54040.87,239
2026-08-07T20:25:00+00:00,54040.87,54040.87,54026.87,54028.37,215
2026-08-07T20:30:00+00:00,54028.37,54038.37,54026.37,54038.37,282
2026-08-07T20:35:00+00:00,54038.37,54041.87,54034.37,54034.87,324
2026-08-07T20:40:00+00:00,54034.87,54035.37,54022.87,54026.62,275
2026-08-09T22:00:00+00:00,54026.62,54037.51,53943.51,53954.01,433
2026-08-09T22:05:00+00:00,53954.01,53961.01,53933.26,53951.01,577
2026-08-09T22:10:00+00:00,53951.01,53959.51,53926.51,53931.01,684
2026-08-09T22:15:00+00:00,53931.01,53931.01,53908.51,53912.51,675
2026-08-09T22:20:00+00:00,53912.51,53936.01,53912.51,53935.01,408
2026-08-09T22:25:00+00:00,53935.01,53945.01,53933.51,53943.51,475
2026-08-09T22:30:00+00:00,53943.51,53948.51,53927.51,53930.51,421
2026-08-09T22:35:00+00:00,53930.51,53945.51,53929.51,53942.01,194
2026-08-09T22:40:00+00:00,53942.01,53954.51,53942.01,53946.01,201
2026-08-09T22:45:00+00:00,53946.01,53947.01,53939.01,53943.51,159
2026-08-09T22:50:00+00:00,53943.51,53946.51,53939.51,53942.01,83
2026-08-09T22:55:00+00:00,53942.01,53943.51,53938.51,53939.51,58
2026-08-09T23:00:00+00:00,53939.51,53942.51,53932.51,53941.01,203
2026-08-09T23:05:00+00:00,53941.01,53948.01,53940.51,53944.51,119
2026-08-09T23:10:00+00:00,53944.51,53946.51,53943.01,53946.01,65
2026-08-09T23:15:00+00:00,53946.01,53953.51,53946.01,53948.01,88
2026-08-09T23:20:00+00:00,53948.01,53949.01,53944.51,53944.51,97
2026-08-09T23:25:00+00:00,53944.51,53946.01,53941.01,53944.51,106
2026-08-09T23:30:00+00:00,53944.51,53946.01,53927.51,53929.51,315
2026-08-09T23:35:00+00:00,53929.51,53932.51,53926.51,53931.51,147
2026-08-09T23:40:00+00:00,53931.51,53935.51,53928.01,53935.01,133
2026-08-09T23:45:00+00:00,53935.01,53940.01,53928.51,53931.51,226
2026-08-09T23:50:00+00:00,53931.51,53931.51,53919.51,53920.51,252
2026-08-09T23:55:00+00:00,53920.51,53922.01,53906.01,53906.51,233
2026-08-10T00:00:00+00:00,53906.51,53930.51,53901.51,53930.51,844
2026-08-10T00:05:00+00:00,53930.51,53960.51,53922.51,53952.01,920
2026-08-10T00:10:00+00:00,53952.01,53960.51,53943.51,53948.51,608
2026-08-10T00:15:00+00:00,53948.51,53960.51,53943.51,53949.51,664
2026-08-10T00:20:00+00:00,53949.51,53955.51,53939.51,53941.01,653
2026-08-10T00:25:00+00:00,53941.01,53942.51,53927.51,53928.01,472
2026-08-10T00:30:00+00:00,53928.01,53941.51,53926.51,53939.51,591
2026-08-10T00:35:00+00:00,53939.51,53945.01,53934.51,53939.51,574
2026-08-10T00:40:00+00:00,53939.51,53949.01,53938.01,53947.01,272
2026-08-10T00:45:00+00:00,53947.01,53953.01,53946.51,53950.01,275
2026-08-10T00:50:00+00:00,53950.01,53958.51,53945.01,53954.01,342
2026-08-10T00:55:00+00:00,53954.01,53962.01,53949.01,53958.51,358
2026-08-10T01:00:00+00:00,53958.51,53974.01,53952.51,53968.51,590
2026-08-10T01:05:00+00:00,53968.51,53979.01,53968.01,53972.51,503
2026-08-10T01:10:00+00:00,53972.51,53988.51,53971.01,53981.51,501
2026-08-10T01:15:00+00:00,53981.51,53989.51,53976.51,53980.51,355
2026-08-10T01:20:00+00:00,53980.51,53981.51,53971.01,53979.01,325
2026-08-10T01:25:00+00:00,53979.01,53986.51,53976.01,53981.01,295
2026-08-10T01:30:00+00:00,53981.01,53981.01,53963.01,53973.01,615
2026-08-10T01:35:00+00:00,53973.01,53976.51,53967.51,53971.01,423
2026-08-10T01:40:00+00:00,53971.01,53972.51,53961.51,53970.01,328
2026-08-10T01:45:00+00:00,53970.01,53977.01,53965.01,53972.01,329
2026-08-10T01:50:00+00:00,53972.01,53977.01,53964.51,53965.01,195
2026-08-10T01:55:00+00:00,53965.01,53971.51,53963.51,53971.01,164
2026-08-10T02:00:00+00:00,53971.01,53977.51,53967.01,53976.01,228
2026-08-10T02:05:00+00:00,53976.01,53982.51,53974.51,53979.01,203
2026-08-10T02:10:00+00:00,53979.01,53982.51,53973.51,53974.01,156
2026-08-10T02:15:00+00:00,53974.01,53975.51,53964.01,53968.51,217
2026-08-10T02:20:00+00:00,53968.51,53975.51,53966.01,53975.01,181
2026-08-10T02:25:00+00:00,53975.01,53977.01,53970.51,53975.01,206
2026-08-10T02:30:00+00:00,53975.01,53987.01,53975.01,53984.51,231
2026-08-10T02:35:00+00:00,53984.51,53996.01,53983.51,53995.01,263
2026-08-10T02:40:00+00:00,53995.01,53999.51,53991.01,53997.01,201
2026-08-10T02:45:00+00:00,53997.01,53997.01,53983.51,53984.51,138
2026-08-10T02:50:00+00:00,53984.51,53989.01,53983.51,53987.51,183
2026-08-10T02:55:00+00:00,53987.51,53988.51,53981.51,53987.01,110
2026-08-10T03:00:00+00:00,53987.01,53991.51,53985.51,53986.01,164
2026-08-10T03:05:00+00:00,53986.01,53987.01,53980.51,53982.01,102
2026-08-10T03:10:00+00:00,53982.01,53986.51,53981.51,53983.51,122
2026-08-10T03:15:00+00:00,53983.51,53992.51,53982.51,53990.01,136
2026-08-10T03:20:00+00:00,53990.01,53999.51,53990.01,53996.01,175
2026-08-10T03:25:00+00:00,53996.01,53997.01,53989.51,53997.01,178
2026-08-10T03:30:00+00:00,53997.01,54000.51,53992.01,53999.51,275
2026-08-10T03:35:00+00:00,53999.51,54003.51,53994.01,53999.01,215
2026-08-10T03:40:00+00:00,53999.01,54006.51,53997.01,54006.01,126
2026-08-10T03:45:00+00:00,54006.01,54010.01,54001.51,54003.01,124
2026-08-10T03:50:00+00:00,54003.01,54004.01,53997.51,53998.51,100
2026-08-10T03:55:00+00:00,53998.51,53999.51,53994.51,53996.51,113
2026-08-10T04:00:00+00:00,53996.51,54001.01,53993.01,53998.01,121
2026-08-10T04:05:00+00:00,53998.01,54006.01,53991.51,54005.51,342
2026-08-10T04:10:00+00:00,54005.51,54011.51,54002.51,54011.51,174
2026-08-10T04:15:00+00:00,54011.51,54019.01,54010.01,54014.51,227
2026-08-10T04:20:00+00:00,54014.51,54016.01,54011.01,54014.01,255
2026-08-10T04:25:00+00:00,54014.01,54020.51,54011.01,54014.51,163
2026-08-10T04:30:00+00:00,54014.51,54015.01,54008.51,54013.01,144
2026-08-10T04:35:00+00:00,54013.01,54016.01,54012.01,54015.01,199
2026-08-10T04:40:00+00:00,54015.01,54017.51,54001.51,54017.01,294
2026-08-10T04:45:00+00:00,54017.01,54024.01,54017.01,54021.01,104.85513245033113
2026-08-10T04:50:00+00:00,54021.01,54039.01,54021.01,54034.51,286
2026-08-10T04:55:00+00:00,54034.51,54036.51,54026.01,54034.51,245
2026-08-10T05:00:00+00:00,54034.51,54043.01,54034.01,54039.01,260
2026-08-10T05:05:00+00:00,54039.01,54052.01,54037.01,54043.01,212
2026-08-10T05:10:00+00:00,54043.01,54046.01,54039.51,54043.01,123
2026-08-10T05:15:00+00:00,54043.01,54043.01,54034.01,54034.01,124
2026-08-10T05:20:00+00:00,54034.01,54041.01,54031.01,54038.51,134
2026-08-10T05:25:00+00:00,54038.51,54040.01,54035.01,54039.51,282
2026-08-10T05:30:00+00:00,54039.51,54045.51,54036.01,54045.51,201
2026-08-10T05:35:00+00:00,54045.51,54052.51,54040.01,54048.01,155
2026-08-10T05:40:00+00:00,54048.01,54048.01,54038.51,54039.01,108
2026-08-10T05:45:00+00:00,54039.01,54044.01,54038.51,54041.01,134
2026-08-10T05:50:00+00:00,54041.01,54049.51,54040.01,54043.01,138
2026-08-10T05:55:00+00:00,54043.01,54045.01,54040.01,54042.01,172
2026-08-10T06:00:00+00:00,54042.01,54045.01,54036.01,54041.51,261
2026-08-10T06:05:00+00:00,54041.51,54045.51,54036.51,54043.51,171
2026-08-10T06:10:00+00:00,54043.51,54056.01,54028.51,54033.51,302
2026-08-10T06:15:00+00:00,54033.51,54040.51,54028.01,54036.51,292
2026-08-10T06:20:00+00:00,54036.51,54036.51,54017.01,54021.01,489
2026-08-10T06:25:00+00:00,54021.01,54029.51,54019.51,54020.51,403
2026-08-10T06:30:00+00:00,54020.51,54033.01,54010.51,54029.01,550
2026-08-10T06:35:00+00:00,54029.01,54030.01,54008.01,54009.01,336
2026-08-10T06:40:00+00:00,54009.01,54020.01,54007.51,54017.01,244
2026-08-10T06:45:00+00:00,54017.01,54030.01,54017.01,54023.01,311
2026-08-10T06:50:00+00:00,54023.01,54033.51,54023.01,54025.01,236
2026-08-10T06:55:00+00:00,54025.01,54049.01,54024.01,54045.01,459
2026-08-10T07:00:00+00:00,54045.01,54057.01,54032.01,54039.01,908
2026-08-10T07:05:00+00:00,54039.01,54041.51,54013.51,54018.51,630
2026-08-10T07:10:00+00:00,54018.51,54024.01,54006.51,54013.51,575
2026-08-10T07:15:00+00:00,54013.51,54025.51,54010.51,54021.01,491
2026-08-10T07:20:00+00:00,54021.01,54056.51,54014.51,54053.51,685
2026-08-10T07:25:00+00:00,54053.51,54060.01,54033.51,54059.51,543
2026-08-10T07:30:00+00:00,54059.51,54060.01,54042.51,54046.51,442
2026-08-10T07:35:00+00:00,54046.51,54054.01,54044.51,54047.51,462
2026-08-10T07:40:00+00:00,54047.51,54054.51,54045.51,54053.01,362
2026-08-10T07:45:00+00:00,54053.01,54074.01,54028.01,54032.51,1038
2026-08-10T07:50:00+00:00,54032.51,54039.51,54024.51,54034.01,514
2026-08-10T07:55:00+00:00,54034.01,54043.51,54029.51,54036.51,433
2026-08-10T08:00:00+00:00,54036.51,54045.51,54022.01,54032.01,1036
2026-08-10T08:05:00+00:00,54032.01,54039.51,54021.51,54024.01,467
2026-08-10T08:10:00+00:00,54024.01,54031.01,54008.51,54011.01,486
2026-08-10T08:15:00+00:00,54011.01,54038.51,54009.01,54032.51,626
2026-08-10T08:20:00+00:00,54032.51,54033.01,54008.51,54021.51,716
2026-08-10T08:25:00+00:00,54021.51,54029.51,54015.01,54018.51,649
2026-08-10T08:30:00+00:00,54018.51,54027.51,54001.01,54011.51,561
2026-08-10T08:35:00+00:00,54011.51,54029.51,54010.51,54018.01,504
2026-08-10T08:40:00+00:00,54018.01,54021.51,54007.51,54015.51,446
2026-08-10T08:45:00+00:00,54015.51,54019.51,54009.51,54013.01,382
2026-08-10T08:50:00+00:00,54013.01,54016.01,53999.01,54002.01,361
2026-08-10T08:55:00+00:00,54002.01,54019.01,54001.51,54011.01,435
2026-08-10T09:00:00+00:00,54011.01,54021.51,54009.51,54011.51,447
2026-08-10T09:05:00+00:00,54011.51,54021.01,54008.01,54008.01,353
2026-08-10T09:10:00+00:00,54008.01,54031.01,54006.01,54030.01,301
2026-08-10T09:15:00+00:00,54030.01,54032.51,54016.01,54017.51,334
2026-08-10T09:20:00+00:00,54017.51,54039.51,54016.01,54039.51,397
2026-08-10T09:25:00+00:00,54039.51,54042.51,54034.51,54042.51,278
2026-08-10T09:30:00+00:00,54042.51,54049.01,54035.51,54043.01,373
2026-08-10T09:35:00+00:00,54043.01,54044.01,54027.51,54030.51,338
2026-08-10T09:40:00+00:00,54030.51,54034.51,54017.01,54027.51,225
2026-08-10T09:45:00+00:00,54027.51,54037.01,54020.01,54020.51,339
2026-08-10T09:50:00+00:00,54020.51,54025.51,54014.51,54020.51,277
2026-08-10T09:55:00+00:00,54020.51,54025.51,54017.51,54019.01,236
2026-08-10T10:00:00+00:00,54019.01,54028.01,54006.01,54022.51,495
2026-08-10T10:05:00+00:00,54022.51,54032.51,54022.51,54027.01,379
2026-08-10T10:10:00+00:00,54027.01,54034.01,54018.51,54019.51,369
2026-08-10T10:15:00+00:00,54019.51,54037.51,54018.51,54035.51,250
2026-08-10T10:20:00+00:00,54035.51,54053.51,54035.51,54040.51,393
2026-08-10T10:25:00+00:00,54040.51,54043.51,54032.01,54032.51,269
2026-08-10T10:30:00+00:00,54032.51,54041.01,54009.51,54015.01,399
2026-08-10T10:35:00+00:00,54015.01,54018.01,53994.01,54001.51,588
2026-08-10T10:40:00+00:00,54001.51,54007.01,53987.51,54007.01,495
2026-08-10T10:45:00+00:00,54007.01,54016.01,54004.51,54012.51,436
2026-08-10T10:50:00+00:00,54012.51,54017.01,53991.51,53992.51,398
2026-08-10T10:55:00+00:00,53992.51,53997.01,53984.01,53995.01,487
2026-08-10T11:00:00+00:00,53995.01,54002.01,53962.01,53963.51,1019
2026-08-10T11:05:00+00:00,53963.51,53982.01,53962.51,53980.51,540
2026-08-10T11:10:00+00:00,53980.51,53984.01,53953.01,53960.51,536
2026-08-10T11:15:00+00:00,53960.51,53977.51,53957.01,53969.51,510
2026-08-10T11:20:00+00:00,53969.51,53980.01,53962.01,53976.01,499
2026-08-10T11:25:00+00:00,53976.01,53989.01,53974.01,53982.51,467
2026-08-10T11:30:00+00:00,53982.51,53994.51,53982.51,53993.01,450
2026-08-10T11:35:00+00:00,53993.01,53996.51,53975.51,53984.01,454
2026-08-10T11:40:00+00:00,53984.01,53999.51,53980.01,53986.51,545
2026-08-10T11:45:00+00:00,53986.51,53995.51,53982.51,53985.01,597
2026-08-10T11:50:00+00:00,53985.01,53999.51,53981.51,53987.51,590
2026-08-10T11:55:00+00:00,53987.51,53991.01,53980.51,53985.51,425
2026-08-10T12:00:00+00:00,53985.51,54015.51,53985.01,54009.51,566
2026-08-10T12:05:00+00:00,54009.51,54029.01,53998.51,54029.01,609
2026-08-10T12:10:00+00:00,54029.01,54029.01,54011.51,54014.01,494
2026-08-10T12:15:00+00:00,54014.01,54024.01,54011.51,54016.51,682
2026-08-10T12:20:00+00:00,54016.51,54018.51,53994.01,53995.51,593
2026-08-10T12:25:00+00:00,53995.51,54004.01,53985.51,54003.01,605
2026-08-10T12:30:00+00:00,54003.01,54013.01,53972.51,53974.01,964
2026-08-10T12:35:00+00:00,53974.01,53982.51,53962.01,53964.51,1000
2026-08-10T12:40:00+00:00,53964.51,53966.51,53944.01,53952.01,766
2026-08-10T12:45:00+00:00,53952.01,53954.01,53936.51,53937.01,566
2026-08-10T12:50:00+00:00,53937.01,53941.51,53921.01,53937.51,787
2026-08-10T12:55:00+00:00,53937.51,53969.51,53935.51,53968.01,620
2026-08-10T13:00:00+00:00,53968.01,53985.51,53967.01,53978.51,1146
2026-08-10T13:05:00+00:00,53978.51,53984.51,53949.51,53952.51,971
2026-08-10T13:10:00+00:00,53952.51,53961.51,53946.01,53952.01,954
2026-08-10T13:15:00+00:00,53952.01,53954.01,53914.01,53916.51,1119
2026-08-10T13:20:00+00:00,53916.51,53931.01,53901.51,53911.51,1039
2026-08-10T13:25:00+00:00,53911.51,53941.51,53885.51,53939.01,1832
2026-08-10T13:30:00+00:00,53939.01,54033.36,53938.86,53962.36,9753
2026-08-10T13:35:00+00:00,53962.36,53991.36,53924.86,53955.36,8694
2026-08-10T13:40:00+00:00,53955.36,54015.86,53939.86,53940.36,6303
2026-08-10T13:45:00+00:00,53940.36,53964.36,53906.86,53920.36,6404
2026-08-10T13:50:00+00:00,53920.36,53990.36,53869.86,53962.36,6296
2026-08-10T13:55:00+00:00,53962.36,53995.86,53948.36,53954.36,4531
2026-08-10T14:00:00+00:00,53954.36,53983.86,53936.86,53940.36,4425
2026-08-10T14:05:00+00:00,53940.36,53940.86,53903.36,53918.36,3729
2026-08-10T14:10:00+00:00,53918.36,53946.36,53894.26,53931.86,3528
2026-08-10T14:15:00+00:00,53931.86,53989.36,53922.86,53987.36,3460
2026-08-10T14:20:00+00:00,53987.36,53987.36,53957.36,53968.36,2901
2026-08-10T14:25:00+00:00,53968.36,54009.36,53967.36,53993.36,2637
2026-08-10T14:30:00+00:00,53993.36,53997.36,53972.36,53981.36,2752
2026-08-10T14:35:00+00:00,53981.36,54004.36,53958.86,53983.36,2573
2026-08-10T14:40:00+00:00,53983.36,54013.86,53983.36,54002.36,2115
2026-08-10T14:45:00+00:00,54002.36,54060.86,54002.36,54051.36,2380
2026-08-10T14:50:00+00:00,54051.36,54057.86,54005.36,54021.36,2767
2026-08-10T14:55:00+00:00,54021.36,54042.36,54000.86,54001.36,2875
2026-08-10T15:00:00+00:00,54001.36,54013.36,53979.86,54000.36,3089
2026-08-10T15:05:00+00:00,54000.36,54025.36,54000.36,54012.36,2037
2026-08-10T15:10:00+00:00,54012.36,54039.86,53996.36,54039.36,2011
2026-08-10T15:15:00+00:00,54039.36,54056.36,54020.86,54043.36,2057
2026-08-10T15:20:00+00:00,54043.36,54070.36,54043.36,54056.36,1715
2026-08-10T15:25:00+00:00,54056.36,54060.86,54027.36,54041.36,2072
2026-08-10T15:30:00+00:00,54041.36,54052.36,54031.86,54035.36,1891
2026-08-10T15:35:00+00:00,54035.36,54039.36,53998.86,54000.36,2046
2026-08-10T15:40:00+00:00,54000.36,54010.36,53967.36,53980.36,1816
2026-08-10T15:45:00+00:00,53980.36,54004.86,53968.36,53981.36,1669
2026-08-10T15:50:00+00:00,53981.36,54021.36,53975.86,54005.36,1743
2026-08-10T15:55:00+00:00,54005.36,54028.86,53989.36,54025.36,1473
2026-08-10T16:00:00+00:00,54025.36,54029.36,53978.36,53985.36,1584
2026-08-10T16:05:00+00:00,53985.36,54012.36,53984.36,54004.36,1237
2026-08-10T16:10:00+00:00,54004.36,54010.86,53981.36,53982.36,1368
2026-08-10T16:15:00+00:00,53982.36,53982.36,53956.36,53958.36,1512
2026-08-10T16:20:00+00:00,53958.36,53962.36,53931.36,53954.36,1489
2026-08-10T16:25:00+00:00,53954.36,53967.86,53943.86,53963.36,1364
2026-08-10T16:30:00+00:00,53963.36,53967.86,53855.26,53932.36,3474
2026-08-10T16:35:00+00:00,53932.36,53964.86,53930.36,53944.36,2007
2026-08-10T16:40:00+00:00,53944.36,53949.36,53911.36,53915.36,2143
2026-08-10T16:45:00+00:00,53915.36,53940.86,53901.86,53939.36,2030
2026-08-10T16:50:00+00:00,53939.36,53944.36,53922.36,53939.36,1430
2026-08-10T16:55:00+00:00,53939.36,53948.86,53925.36,53945.86,1512
2026-08-10T17:00:00+00:00,53945.86,53950.36,53911.36,53921.36,1485
2026-08-10T17:05:00+00:00,53921.36,53923.36,53903.36,53919.36,1477
2026-08-10T17:10:00+00:00,53919.36,53930.86,53900.86,53918.86,1334
2026-08-10T17:15:00+00:00,53918.86,53929.36,53909.86,53918.36,1012
2026-08-10T17:20:00+00:00,53918.36,53923.36,53892.26,53921.36,1047
2026-08-10T17:25:00+00:00,53921.36,53922.36,53901.36,53914.36,1070
2026-08-10T17:30:00+00:00,53914.36,53919.36,53902.36,53911.36,1253
2026-08-10T17:35:00+00:00,53911.36,53912.86,53886.86,53899.36,1156
2026-08-10T17:40:00+00:00,53899.36,53911.86,53888.36,53894.86,1063
2026-08-10T17:45:00+00:00,53894.86,53920.86,53886.36,53918.36,1107
2026-08-10T17:50:00+00:00,53918.36,53922.86,53901.36,53907.86,1120
2026-08-10T17:55:00+00:00,53907.86,53916.86,53896.36,53905.36,948
2026-08-10T18:00:00+00:00,53905.36,53923.36,53904.36,53914.36,1089
2026-08-10T18:05:00+00:00,53914.36,53917.86,53899.86,53905.36,831
2026-08-10T18:10:00+00:00,53905.36,53912.36,53880.36,53881.36,938
2026-08-10T18:15:00+00:00,53881.36,53895.36,53875.36,53877.36,981
2026-08-10T18:20:00+00:00,53877.36,53891.36,53868.86,53878.36,758
2026-08-10T18:25:00+00:00,53878.36,53892.86,53877.36,53878.36,790
2026-08-10T18:30:00+00:00,53878.36,53878.36,53861.86,53862.36,1234
2026-08-10T18:35:00+00:00,53862.36,53884.86,53860.36,53883.86,1088
2026-08-10T18:40:00+00:00,53883.86,53901.36,53883.36,53896.86,844
2026-08-10T18:45:00+00:00,53896.86,53904.86,53889.36,53895.36,996
2026-08-10T18:50:00+00:00,53895.36,53915.36,53894.86,53910.36,859
2026-08-10T18:55:00+00:00,53910.36,53915.86,53898.36,53899.36,975
2026-08-10T19:00:00+00:00,53899.36,53902.36,53884.36,53899.36,1010
2026-08-10T19:05:00+00:00,53899.36,53921.36,53893.36,53918.36,924
2026-08-10T19:10:00+00:00,53918.36,53918.36,53897.86,53902.36,820
2026-08-10T19:15:00+00:00,53902.36,53918.36,53898.36,53916.36,806
2026-08-10T19:20:00+00:00,53916.36,53920.86,53904.86,53914.86,738
2026-08-10T19:25:00+00:00,53914.86,53914.86,53878.36,53882.36,888
2026-08-10T19:30:00+00:00,53882.36,53889.36,53869.86,53883.36,1259
2026-08-10T19:35:00+00:00,53883.36,53910.86,53876.36,53905.36,1170
2026-08-10T19:40:00+00:00,53905.36,53916.86,53899.86,53908.36,992
2026-08-10T19:45:00+00:00,53908.36,53920.36,53902.36,53917.36,1146
2026-08-10T19:50:00+00:00,53917.36,53923.36,53896.36,53907.36,1839
2026-08-10T19:55:00+00:00,53907.36,53980.36,53899.86,53968.36,3226
2026-08-10T20:00:00+00:00,53968.36,53970.01,53936.01,53936.01,1240
2026-08-10T20:05:00+00:00,53936.01,53946.51,53933.51,53941.01,361
2026-08-10T20:10:00+00:00,53941.01,53944.51,53938.51,53940.01,347
2026-08-10T20:15:00+00:00,53940.01,53944.01,53920.51,53930.01,387
2026-08-10T20:20:00+00:00,53930.01,53932.01,53922.51,53931.51,355
2026-08-10T20:25:00+00:00,53931.51,53940.51,53929.51,53937.01,211
2026-08-10T20:30:00+00:00,53937.01,53943.01,53934.51,53940.01,265
2026-08-10T20:35:00+00:00,53940.01,53947.01,53938.01,53938.01,239
2026-08-10T20:40:00+00:00,53938.01,53961.51,53936.01,53953.51,318
2026-08-10T20:45:00+00:00,53953.51,53961.01,53950.51,53960.51,507
2026-08-10T20:50:00+00:00,53960.51,53964.51,53956.01,53961.01,356
2026-08-10T20:55:00+00:00,53961.01,53964.26,53957.51,53963.26,413
2026-08-10T22:00:00+00:00,53963.26,53979.61,53943.11,53948.61,206
2026-08-10T22:05:00+00:00,53948.61,53952.61,53938.86,53942.61,240
2026-08-10T22:10:00+00:00,53942.61,53945.61,53934.11,53941.61,120
2026-08-10T22:15:00+00:00,53941.61,53942.61,53929.11,53934.11,177
2026-08-10T22:20:00+00:00,53934.11,53940.11,53926.11,53926.11,180
2026-08-10T22:25:00+00:00,53926.11,53929.61,53922.61,53926.61,140
2026-08-10T22:30:00+00:00,53926.61,53927.61,53914.11,53915.61,180
2026-08-10T22:35:00+00:00,53915.61,53922.61,53913.61,53921.11,199
2026-08-10T22:40:00+00:00,53921.11,53924.61,53918.61,53921.11,182
2026-08-10T22:45:00+00:00,53921.11,53923.11,53919.11,53920.11,139
2026-08-10T22:50:00+00:00,53920.11,53923.61,53917.11,53917.11,118
2026-08-10T22:55:00+00:00,53917.11,53926.11,53917.11,53926.11,78
2026-08-10T23:00:00+00:00,53926.11,53931.11,53921.11,53924.61,374
2026-08-10T23:05:00+00:00,53924.61,53933.11,53924.61,53930.11,94
2026-08-10T23:10:00+00:00,53930.11,53933.11,53928.61,53931.11,86
2026-08-10T23:15:00+00:00,53931.11,53933.11,53922.61,53924.11,73
2026-08-10T23:20:00+00:00,53924.11,53926.11,53916.61,53922.11,285
2026-08-10T23:25:00+00:00,53922.11,53924.11,53911.11,53912.11,138
2026-08-10T23:30:00+00:00,53912.11,53916.11,53906.11,53910.11,240
2026-08-10T23:35:00+00:00,53910.11,53919.11,53910.11,53919.11,118
2026-08-10T23:40:00+00:00,53919.11,53928.11,53919.11,53927.11,116
2026-08-10T23:45:00+00:00,53927.11,53927.61,53919.61,53926.11,307
2026-08-10T23:50:00+00:00,53926.11,53926.11,53912.11,53914.11,221
2026-08-10T23:55:00+00:00,53914.11,53928.61,53903.11,53928.11,449
2026-08-11T00:00:00+00:00,53928.11,53930.11,53916.11,53920.61,580
2026-08-11T00:05:00+00:00,53920.61,53924.11,53912.11,53915.11,378
2026-08-11T00:10:00+00:00,53915.11,53930.61,53914.11,53925.11,413
2026-08-11T00:15:00+00:00,53925.11,53925.11,53913.61,53920.61,390
2026-08-11T00:20:00+00:00,53920.61,53924.61,53913.11,53923.61,303
2026-08-11T00:25:00+00:00,53923.61,53931.11,53921.11,53929.11,250
2026-08-11T00:30:00+00:00,53929.11,53938.61,53923.61,53938.11,207
2026-08-11T00:35:00+00:00,53938.11,53942.11,53932.11,53933.61,163
2026-08-11T00:40:00+00:00,53933.61,53943.11,53928.61,53940.61,168
2026-08-11T00:45:00+00:00,53940.61,53945.61,53933.61,53935.61,229
2026-08-11T00:50:00+00:00,53935.61,53940.61,53930.61,53930.61,180
2026-08-11T00:55:00+00:00,53930.61,53937.61,53928.61,53934.61,78
2026-08-11T01:00:00+00:00,53934.61,53936.61,53925.11,53936.61,340
2026-08-11T01:05:00+00:00,53936.61,53944.11,53933.11,53943.61,167
2026-08-11T01:10:00+00:00,53943.61,53957.61,53939.61,53951.11,302
2026-08-11T01:15:00+00:00,53951.11,53953.11,53938.61,53939.61,200
2026-08-11T01:20:00+00:00,53939.61,53955.61,53939.61,53953.61,199
2026-08-11T01:25:00+00:00,53953.61,53958.61,53949.61,53957.11,140
2026-08-11T01:30:00+00:00,53957.11,53961.11,53950.61,53955.11,150
2026-08-11T01:35:00+00:00,53955.11,53955.11,53946.11,53947.61,135
2026-08-11T01:40:00+00:00,53947.61,53949.61,53938.61,53941.61,166
2026-08-11T01:45:00+00:00,53941.61,53951.11,53936.61,53948.11,255
2026-08-11T01:50:00+00:00,53948.11,53949.61,53942.11,53944.61,177
2026-08-11T01:55:00+00:00,53944.61,53945.11,53932.61,53932.61,133
2026-08-11T02:00:00+00:00,53932.61,53938.61,53931.11,53938.11,100
2026-08-11T02:05:00+00:00,53938.11,53938.61,53931.61,53933.11,139
2026-08-11T02:10:00+00:00,53933.11,53943.11,53933.11,53943.11,111
2026-08-11T02:15:00+00:00,53943.11,53945.11,53941.11,53941.61,83
2026-08-11T02:20:00+00:00,53941.61,53942.61,53937.61,53942.61,76
2026-08-11T02:25:00+00:00,53942.61,53949.61,53942.61,53946.61,118
2026-08-11T02:30:00+00:00,53946.61,53958.11,53946.11,53956.11,146
2026-08-11T02:35:00+00:00,53956.11,53956.61,53950.61,53952.61,87
2026-08-11T02:40:00+00:00,53952.61,53959.61,53952.61,53958.11,87
2026-08-11T02:45:00+00:00,53958.11,53958.11,53949.61,53949.61,104
2026-08-11T02:50:00+00:00,53949.61,53949.61,53944.11,53947.11,74
2026-08-11T02:55:00+00:00,53947.11,53954.11,53946.61,53953.11,65
2026-08-11T03:00:00+00:00,53953.11,53962.11,53951.61,53962.11,84
2026-08-11T03:05:00+00:00,53962.11,53966.61,53961.61,53966.61,95
2026-08-11T03:10:00+00:00,53966.61,53970.11,53965.61,53966.11,45
2026-08-11T03:15:00+00:00,53966.11,53971.61,53964.11,53969.61,67
2026-08-11T03:20:00+00:00,53969.61,53979.61,53968.61,53979.61,89
2026-08-11T03:25:00+00:00,53979.61,53988.11,53979.61,53984.11,97
2026-08-11T03:30:00+00:00,53984.11,53984.61,53976.11,53977.61,61
2026-08-11T03:35:00+00:00,53977.61,53979.11,53975.61,53978.11,83
2026-08-11T03:40:00+00:00,53978.11,53985.11,53974.11,53975.11,69
2026-08-11T03:45:00+00:00,53975.11,53975.11,53969.11,53972.11,83
2026-08-11T03:50:00+00:00,53972.11,53974.61,53969.61,53973.61,70
2026-08-11T03:55:00+00:00,53973.61,53975.11,53968.61,53971.11,60
2026-08-11T04:00:00+00:00,53971.11,53977.11,53971.11,53973.11,74
2026-08-11T04:05:00+00:00,53973.11,53974.11,53971.61,53972.61,73
2026-08-11T04:10:00+00:00,53972.61,53976.11,53970.11,53973.11,67
2026-08-11T04:15:00+00:00,53973.11,53973.61,53968.11,53968.61,36
2026-08-11T04:20:00+00:00,53968.61,53968.61,53964.61,53967.11,38
2026-08-11T04:25:00+00:00,53967.11,53973.11,53965.11,53972.11,89
2026-08-11T04:30:00+00:00,53972.11,53989.61,53969.11,53978.11,207
2026-08-11T04:35:00+00:00,53978.11,53978.61,53972.11,53976.61,82
2026-08-11T04:40:00+00:00,53976.61,53976.61,53972.11,53974.11,81
2026-08-11T04:45:00+00:00,53974.11,53977.11,53972.11,53972.61,68
2026-08-11T04:50:00+00:00,53972.61,53974.11,53971.61,53971.61,45
2026-08-11T04:55:00+00:00,53971.61,53973.61,53969.61,53970.61,56
2026-08-11T05:00:00+00:00,53970.61,53975.11,53968.11,53974.11,84
2026-08-11T05:05:00+00:00,53974.11,53974.11,53968.11,53971.61,77
2026-08-11T05:10:00+00:00,53971.61,53973.61,53968.61,53973.61,110
2026-08-11T05:15:00+00:00,53973.61,53975.61,53967.11,53968.11,91
2026-08-11T05:20:00+00:00,53968.11,53968.11,53957.61,53963.11,151
2026-08-11T05:25:00+00:00,53963.11,53967.61,53962.61,53966.61,52
2026-08-11T05:30:00+00:00,53966.61,53974.11,53962.11,53972.61,161
2026-08-11T05:35:00+00:00,53972.61,53980.61,53970.61,53977.11,139
2026-08-11T05:40:00+00:00,53977.11,53984.61,53976.11,53979.11,90
2026-08-11T05:45:00+00:00,53979.11,53980.61,53956.61,53956.61,165
2026-08-11T05:50:00+00:00,53956.61,53961.61,53946.11,53946.61,210
2026-08-11T05:55:00+00:00,53946.61,53946.61,53940.11,53940.61,136
2026-08-11T06:00:00+00:00,53940.61,53965.11,53939.11,53961.61,256
2026-08-11T06:05:00+00:00,53961.61,53967.11,53954.61,53954.61,151
2026-08-11T06:10:00+00:00,53954.61,53957.61,53950.11,53951.61,169
2026-08-11T06:15:00+00:00,53951.61,53957.11,53921.61,53922.61,375
2026-08-11T06:20:00+00:00,53922.61,53934.61,53922.11,53930.11,354
2026-08-11T06:25:00+00:00,53930.11,53930.61,53903.61,53905.61,276
2026-08-11T06:30:00+00:00,53905.61,53914.61,53854.11,53883.11,820
2026-08-11T06:35:00+00:00,53883.11,53917.61,53879.61,53914.61,591
2026-08-11T06:40:00+00:00,53914.61,53920.11,53900.11,53903.11,531
2026-08-11T06:45:00+00:00,53903.11,53913.11,53900.61,53902.11,464
2026-08-11T06:50:00+00:00,53902.11,53909.11,53897.61,53900.11,493
2026-08-11T06:55:00+00:00,53900.11,53922.61,53900.11,53921.11,417
2026-08-11T07:00:00+00:00,53921.11,53946.11,53916.61,53929.61,841
2026-08-11T07:05:00+00:00,53929.61,53934.61,53906.11,53913.11,806
2026-08-11T07:10:00+00:00,53913.11,53921.61,53908.11,53916.11,543
2026-08-11T07:15:00+00:00,53916.11,53919.11,53898.11,53902.11,472
2026-08-11T07:20:00+00:00,53902.11,53905.11,53885.61,53891.11,554
2026-08-11T07:25:00+00:00,53891.11,53906.11,53891.11,53903.11,357
2026-08-11T07:30:00+00:00,53903.11,53917.11,53897.11,53915.61,450
2026-08-11T07:35:00+00:00,53915.61,53930.11,53907.11,53907.11,410
2026-08-11T07:40:00+00:00,53907.11,53915.11,53897.11,53911.11,403
2026-08-11T07:45:00+00:00,53911.11,53911.11,53896.11,53899.11,368
2026-08-11T07:50:00+00:00,53899.11,53908.11,53891.61,53891.61,337
2026-08-11T07:55:00+00:00,53891.61,53914.61,53890.11,53911.11,294
2026-08-11T08:00:00+00:00,53911.11,53937.61,53910.11,53917.11,774
2026-08-11T08:05:00+00:00,53917.11,53917.11,53897.11,53899.11,553
2026-08-11T08:10:00+00:00,53899.11,53905.61,53884.11,53884.11,462
2026-08-11T08:15:00+00:00,53884.11,53897.11,53878.61,53883.11,514
2026-08-11T08:20:00+00:00,53883.11,53894.11,53874.61,53891.11,564
2026-08-11T08:25:00+00:00,53891.11,53904.11,53882.61,53899.11,592
2026-08-11T08:30:00+00:00,53899.11,53910.11,53894.11,53908.11,454
2026-08-11T08:35:00+00:00,53908.11,53914.61,53898.61,53904.11,490
2026-08-11T08:40:00+00:00,53904.11,53926.61,53903.11,53924.11,428
2026-08-11T08:45:00+00:00,53924.11,53930.11,53915.61,53929.61,373
2026-08-11T08:50:00+00:00,53929.61,53932.61,53922.11,53927.11,314
2026-08-11T08:55:00+00:00,53927.11,53927.61,53904.11,53906.11,399
2026-08-11T09:00:00+00:00,53906.11,53914.61,53898.11,53899.11,493
2026-08-11T09:05:00+00:00,53899.11,53909.11,53880.11,53881.11,424
2026-08-11T09:10:00+00:00,53881.11,53902.11,53881.11,53897.11,416
2026-08-11T09:15:00+00:00,53897.11,53914.11,53890.61,53908.11,392
2026-08-11T09:20:00+00:00,53908.11,53921.11,53902.11,53904.11,324
2026-08-11T09:25:00+00:00,53904.11,53907.11,53892.11,53902.11,390
2026-08-11T09:30:00+00:00,53902.11,53925.61,53902.11,53916.11,523
2026-08-11T09:35:00+00:00,53916.11,53922.11,53912.11,53919.11,336
2026-08-11T09:40:00+00:00,53919.11,53929.11,53916.61,53916.61,315
2026-08-11T09:45:00+00:00,53916.61,53926.11,53916.61,53922.11,305
2026-08-11T09:50:00+00:00,53922.11,53922.11,53911.11,53918.11,222
2026-08-11T09:55:00+00:00,53918.11,53923.11,53908.61,53915.11,324
2026-08-11T10:00:00+00:00,53915.11,53920.11,53902.11,53904.11,468
2026-08-11T10:05:00+00:00,53904.11,53907.11,53898.61,53906.61,348
2026-08-11T10:10:00+00:00,53906.61,53909.11,53898.61,53898.61,325
2026-08-11T10:15:00+00:00,53898.61,53905.11,53896.11,53896.11,196
2026-08-11T10:20:00+00:00,53896.11,53937.61,53896.11,53930.11,886
2026-08-11T10:25:00+00:00,53930.11,53973.11,53925.61,53952.11,1282
2026-08-11T10:30:00+00:00,53952.11,53956.11,53933.61,53945.11,601
2026-08-11T10:35:00+00:00,53945.11,53951.11,53939.11,53939.61,376
2026-08-11T10:40:00+00:00,53939.61,53955.11,53936.11,53953.61,405
2026-08-11T10:45:00+00:00,53953.61,53961.11,53950.11,53960.61,430
2026-08-11T10:50:00+00:00,53960.61,53969.11,53960.61,53963.11,419
2026-08-11T10:55:00+00:00,53963.11,53964.61,53943.61,53953.11,392
2026-08-11T11:00:00+00:00,53953.11,54036.11,53939.61,54018.61,4225
2026-08-11T11:05:00+00:00,54018.61,54024.11,53994.61,54001.11,1574
2026-08-11T11:10:00+00:00,54001.11,54025.61,54001.11,54021.11,936
2026-08-11T11:15:00+00:00,54021.11,54034.61,53993.11,53995.61,840
2026-08-11T11:20:00+00:00,53995.61,54002.11,53982.11,53986.11,725
2026-08-11T11:25:00+00:00,53986.11,54007.11,53984.11,53999.11,571
2026-08-11T11:30:00+00:00,53999.11,54004.11,53988.61,53997.11,523
2026-08-11T11:35:00+00:00,53997.11,54000.61,53987.61,53991.61,446
2026-08-11T11:40:00+00:00,53991.61,54007.61,53990.11,54002.61,554
2026-08-11T11:45:00+00:00,54002.61,54010.61,53995.61,54001.11,407
2026-08-11T11:50:00+00:00,54001.11,54021.61,53999.11,54018.11,417
2026-08-11T11:55:00+00:00,54018.11,54019.61,54006.11,54017.11,387
2026-08-11T12:00:00+00:00,54017.11,54033.61,54011.11,54020.11,597
2026-08-11T12:05:00+00:00,54020.11,54036.11,54018.61,54032.61,538
2026-08-11T12:10:00+00:00,54032.61,54042.11,54029.61,54042.11,520
2026-08-11T12:15:00+00:00,54042.11,54053.61,54035.11,54038.61,575
2026-08-11T12:20:00+00:00,54038.61,54045.11,53972.61,53983.11,1564
2026-08-11T12:25:00+00:00,53983.11,54002.11,53983.11,53999.61,614
2026-08-11T12:30:00+00:00,53999.61,54001.11,53983.61,53998.11,716
2026-08-11T12:35:00+00:00,53998.11,54019.11,53993.11,54013.11,474
2026-08-11T12:40:00+00:00,54013.11,54020.61,54008.11,54019.61,447
2026-08-11T12:45:00+00:00,54019.61,54025.11,54007.11,54024.61,442
2026-08-11T12:50:00+00:00,54024.61,54026.11,54012.11,54019.11,379
2026-08-11T12:55:00+00:00,54019.11,54027.11,54018.11,54027.11,343
2026-08-11T13:00:00+00:00,54027.11,54048.61,54022.61,54044.11,920
2026-08-11T13:05:00+00:00,54044.11,54067.11,54043.11,54060.61,630
2026-08-11T13:10:00+00:00,54060.61,54061.11,54027.61,54032.11,560
2026-08-11T13:15:00+00:00,54032.11,54057.11,54021.61,54049.61,900
2026-08-11T13:20:00+00:00,54049.61,54056.11,54044.11,54053.11,380
2026-08-11T13:25:00+00:00,54053.11,54083.61,54051.61,54059.61,1000
2026-08-11T13:30:00+00:00,54059.61,54121.46,54009.96,54079.96,7873
2026-08-11T13:35:00+00:00,54079.96,54163.96,54058.96,54126.96,7396
2026-08-11T13:40:00+00:00,54126.96,54177.96,54097.46,54140.96,6210
2026-08-11T13:45:00+00:00,54140.96,54203.96,54140.96,54203.96,5549
2026-08-11T13:50:00+00:00,54203.96,54232.46,54187.96,54216.96,4052
2026-08-11T13:55:00+00:00,54216.96,54240.46,54176.46,54179.96,3214
2026-08-11T14:00:00+00:00,54179.96,54211.46,54135.96,54146.96,3927
2026-08-11T14:05:00+00:00,54146.96,54146.96,54045.96,54081.96,4050
2026-08-11T14:10:00+00:00,54081.96,54085.96,54039.96,54076.46,3659
2026-08-11T14:15:00+00:00,54076.46,54090.96,54027.96,54065.46,3765
2026-08-11T14:20:00+00:00,54065.46,54076.96,54026.96,54040.96,3016
2026-08-11T14:25:00+00:00,54040.96,54064.96,54035.96,54058.96,3138
2026-08-11T14:30:00+00:00,54058.96,54062.96,54006.46,54020.96,3006
2026-08-11T14:35:00+00:00,54020.96,54039.96,53977.46,54002.96,2931
2026-08-11T14:40:00+00:00,54002.96,54011.96,53960.96,53968.96,2851
2026-08-11T14:45:00+00:00,53968.96,54023.96,53968.96,54018.96,2777
2026-08-11T14:50:00+00:00,54018.96,54020.96,53982.96,53997.96,2669
2026-08-11T14:55:00+00:00,53997.96,54004.96,53961.46,53991.96,2158
2026-08-11T15:00:00+00:00,53991.96,54016.96,53978.46,53991.96,2086
2026-08-11T15:05:00+00:00,53991.96,53992.96,53940.96,53950.46,2106
2026-08-11T15:10:00+00:00,53950.46,53964.46,53930.96,53950.96,2035
2026-08-11T15:15:00+00:00,53950.96,53964.96,53924.46,53941.96,2013
2026-08-11T15:20:00+00:00,53941.96,53975.96,53935.96,53965.96,1723
2026-08-11T15:25:00+00:00,53965.96,53975.96,53946.46,53967.96,1622
2026-08-11T15:30:00+00:00,53967.96,53971.46,53918.46,53930.46,2757
2026-08-11T15:35:00+00:00,53930.46,53946.96,53913.46,53930.96,2300
2026-08-11T15:40:00+00:00,53930.96,53945.96,53924.96,53934.96,1739
2026-08-11T15:45:00+00:00,53934.96,53949.96,53928.96,53940.96,1466
2026-08-11T15:50:00+00:00,53940.96,53957.46,53921.96,53928.96,1490
2026-08-11T15:55:00+00:00,53928.96,53952.96,53928.96,53948.96,1262
2026-08-11T16:00:00+00:00,53948.96,53973.96,53945.96,53947.96,1336
2026-08-11T16:05:00+00:00,53947.96,53973.96,53938.96,53948.96,1294
2026-08-11T16:10:00+00:00,53948.96,53953.96,53922.96,53923.96,1318
2026-08-11T16:15:00+00:00,53923.96,53965.96,53922.96,53945.96,1074
2026-08-11T16:20:00+00:00,53945.96,53958.96,53912.46,53917.96,1342
2026-08-11T16:25:00+00:00,53917.96,53925.46,53905.96,53922.96,1635
2026-08-11T16:30:00+00:00,53922.96,53926.96,53887.46,53897.96,1207
2026-08-11T16:35:00+00:00,53897.96,53920.96,53895.96,53903.96,1051
2026-08-11T16:40:00+00:00,53903.96,53911.96,53894.46,53901.46,952
2026-08-11T16:45:00+00:00,53901.46,53910.96,53888.96,53906.96,1133
2026-08-11T16:50:00+00:00,53906.96,53914.96,53899.96,53908.96,956
2026-08-11T16:55:00+00:00,53908.96,53914.96,53889.46,53900.96,1139
2026-08-11T17:00:00+00:00,53900.96,53906.46,53883.96,53884.96,1048
2026-08-11T17:05:00+00:00,53884.96,53906.96,53883.96,53891.96,964
2026-08-11T17:10:00+00:00,53891.96,53899.96,53871.96,53873.96,1381
2026-08-11T17:15:00+00:00,53873.96,53893.96,53868.46,53890.96,1226
2026-08-11T17:20:00+00:00,53890.96,53898.46,53869.96,53885.96,1214
2026-08-11T17:25:00+00:00,53885.96,53890.96,53862.96,53875.96,984
2026-08-11T17:30:00+00:00,53875.96,53887.96,53870.96,53883.46,869
2026-08-11T17:35:00+00:00,53883.46,53890.96,53871.96,53877.96,973
2026-08-11T17:40:00+00:00,53877.96,53897.96,53875.46,53894.96,1031
2026-08-11T17:45:00+00:00,53894.96,53905.46,53888.96,53892.96,938
2026-08-11T17:50:00+00:00,53892.96,53903.96,53885.96,53889.96,792
2026-08-11T17:55:00+00:00,53889.96,53901.46,53880.96,53898.96,880
2026-08-11T18:00:00+00:00,53898.96,53899.96,53871.96,53877.46,1044
2026-08-11T18:05:00+00:00,53877.46,53882.46,53851.46,53854.96,1037
2026-08-11T18:10:00+00:00,53854.96,53873.46,53852.96,53868.96,861
2026-08-11T18:15:00+00:00,53868.96,53874.96,53854.96,53863.96,778
2026-08-11T18:20:00+00:00,53863.96,53874.96,53844.46,53872.96,1221
2026-08-11T18:25:00+00:00,53872.96,53881.96,53813.96,53818.96,1928
2026-08-11T18:30:00+00:00,53818.96,53855.96,53818.96,53843.96,1876
2026-08-11T18:35:00+00:00,53843.96,53856.96,53840.96,53842.96,1050
2026-08-11T18:40:00+00:00,53842.96,53842.96,53817.96,53829.96,963
2026-08-11T18:45:00+00:00,53829.96,53845.96,53827.96,53843.96,962
2026-08-11T18:50:00+00:00,53843.96,53846.46,53824.96,53832.96,940
2026-08-11T18:55:00+00:00,53832.96,53833.96,53814.46,53816.96,995
2026-08-11T19:00:00+00:00,53816.96,53820.96,53793.96,53793.96,1163
2026-08-11T19:05:00+00:00,53793.96,53796.96,53780.46,53790.96,952
2026-08-11T19:10:00+00:00,53790.96,53800.46,53784.96,53787.46,1027
2026-08-11T19:15:00+00:00,53787.46,53810.96,53781.46,53810.96,1032
2026-08-11T19:20:00+00:00,53810.96,53820.46,53802.96,53816.96,950
2026-08-11T19:25:00+00:00,53816.96,53820.96,53800.96,53813.46,923
2026-08-11T19:30:00+00:00,53813.46,53835.46,53807.96,53829.96,1375
2026-08-11T19:35:00+00:00,53829.96,53846.46,53825.96,53841.96,1153
2026-08-11T19:40:00+00:00,53841.96,53846.96,53825.46,53827.96,1123
2026-08-11T19:45:00+00:00,53827.96,53831.96,53812.46,53820.96,1623
2026-08-11T19:50:00+00:00,53820.96,53824.96,53774.46,53797.96,2525
2026-08-11T19:55:00+00:00,53797.96,53807.96,53759.46,53797.96,3143
2026-08-11T20:00:00+00:00,53797.96,53808.11,53787.11,53792.11,1082
2026-08-11T20:05:00+00:00,53792.11,53805.61,53785.61,53803.61,423
2026-08-11T20:10:00+00:00,53803.61,53806.11,53791.61,53799.11,358
2026-08-11T20:15:00+00:00,53799.11,53807.11,53795.61,53803.11,267
2026-08-11T20:20:00+00:00,53803.11,53813.11,53802.11,53812.61,132
2026-08-11T20:25:00+00:00,53812.61,53821.61,53812.11,53821.11,152
2026-08-11T20:30:00+00:00,53821.11,53830.61,53820.11,53828.11,189
2026-08-11T20:35:00+00:00,53828.11,53830.11,53820.61,53821.61,129
2026-08-11T20:40:00+00:00,53821.61,53821.61,53815.11,53820.11,91
2026-08-11T20:45:00+00:00,53820.11,53821.11,53805.11,53805.11,214
2026-08-11T20:50:00+00:00,53805.11,53809.11,53801.61,53805.11,291
2026-08-11T20:55:00+00:00,53805.11,53808.86,53802.11,53808.86,246
2026-08-11T22:00:00+00:00,53808.86,53824.93,53799.43,53801.93,171
2026-08-11T22:05:00+00:00,53801.93,53813.43,53797.93,53810.93,231
2026-08-11T22:10:00+00:00,53810.93,53819.43,53805.18,53817.93,110
2026-08-11T22:15:00+00:00,53817.93,53818.93,53811.93,53812.43,41
2026-08-11T22:20:00+00:00,53812.43,53817.43,53810.43,53811.43,61
2026-08-11T22:25:00+00:00,53811.43,53811.43,53804.93,53807.93,58
2026-08-11T22:30:00+00:00,53807.93,53807.93,53795.93,53797.43,111
2026-08-11T22:35:00+00:00,53797.43,53806.43,53797.43,53799.43,126
2026-08-11T22:40:00+00:00,53799.43,53804.93,53794.93,53799.43,158
2026-08-11T22:45:00+00:00,53799.43,53806.93,53796.43,53801.43,164
2026-08-11T22:50:00+00:00,53801.43,53809.43,53801.43,53805.43,69
2026-08-11T22:55:00+00:00,53805.43,53811.43,53801.93,53802.43,70
2026-08-11T23:00:00+00:00,53802.43,53811.43,53800.43,53806.43,201
2026-08-11T23:05:00+00:00,53806.43,53812.43,53805.43,53812.43,76
2026-08-11T23:10:00+00:00,53812.43,53813.43,53805.93,53807.43,60
2026-08-11T23:15:00+00:00,53807.43,53809.93,53806.43,53806.93,35
2026-08-11T23:20:00+00:00,53806.93,53808.43,53805.43,53806.43,37.259301014656145
2026-08-11T23:25:00+00:00,53806.43,53810.93,53804.43,53809.43,55
2026-08-11T23:30:00+00:00,53809.43,53809.93,53796.93,53800.93,92
2026-08-11T23:35:00+00:00,53800.93,53805.43,53799.43,53801.43,40
2026-08-11T23:40:00+00:00,53801.43,53805.43,53801.43,53803.43,48
2026-08-11T23:45:00+00:00,53803.43,53807.43,53802.43,53805.93,103
2026-08-11T23:50:00+00:00,53805.93,53817.43,53805.93,53814.43,206
2026-08-11T23:55:00+00:00,53814.43,53818.43,53809.43,53810.43,139
2026-08-12T00:00:00+00:00,53810.43,53812.43,53795.43,53798.93,793
2026-08-12T00:05:00+00:00,53798.93,53804.43,53786.93,53793.93,344
2026-08-12T00:10:00+00:00,53793.93,53797.43,53785.93,53793.93,266
2026-08-12T00:15:00+00:00,53793.93,53804.93,53787.43,53800.43,733
2026-08-12T00:20:00+00:00,53800.43,53802.43,53794.43,53797.93,761
2026-08-12T00:25:00+00:00,53797.93,53798.43,53781.43,53788.43,635
2026-08-12T00:30:00+00:00,53788.43,53789.43,53781.93,53785.43,713
2026-08-12T00:35:00+00:00,53785.43,53794.43,53785.43,53790.43,591
2026-08-12T00:40:00+00:00,53790.43,53790.93,53778.43,53781.43,259
2026-08-12T00:45:00+00:00,53781.43,53782.93,53772.43,53774.93,264
2026-08-12T00:50:00+00:00,53774.93,53776.43,53764.93,53767.43,230
2026-08-12T00:55:00+00:00,53767.43,53782.93,53767.43,53778.43,394
2026-08-12T01:00:00+00:00,53778.43,53783.93,53774.93,53780.43,481
2026-08-12T01:05:00+00:00,53780.43,53781.93,53771.93,53777.43,353
2026-08-12T01:10:00+00:00,53777.43,53781.43,53773.93,53776.93,300
2026-08-12T01:15:00+00:00,53776.93,53777.93,53765.43,53770.43,279
2026-08-12T01:20:00+00:00,53770.43,53776.43,53767.93,53771.43,234
2026-08-12T01:25:00+00:00,53771.43,53776.93,53769.93,53775.43,224
2026-08-12T01:30:00+00:00,53775.43,53775.43,53764.43,53771.43,263
2026-08-12T01:35:00+00:00,53771.43,53778.43,53766.43,53778.43,322
2026-08-12T01:40:00+00:00,53778.43,53780.43,53769.43,53775.93,290
2026-08-12T01:45:00+00:00,53775.93,53778.43,53770.43,53773.93,223
2026-08-12T01:50:00+00:00,53773.93,53776.43,53763.43,53767.93,207
2026-08-12T01:55:00+00:00,53767.93,53770.93,53763.93,53769.93,152
2026-08-12T02:00:00+00:00,53769.93,53779.93,53769.93,53776.93,259
2026-08-12T02:05:00+00:00,53776.93,53783.93,53776.93,53782.43,122
2026-08-12T02:10:00+00:00,53782.43,53789.93,53781.43,53789.93,214
2026-08-12T02:15:00+00:00,53789.93,53796.43,53788.43,53793.93,168
2026-08-12T02:20:00+00:00,53793.93,53796.43,53789.93,53791.43,107
2026-08-12T02:25:00+00:00,53791.43,53794.93,53790.43,53793.43,84
2026-08-12T02:30:00+00:00,53793.43,53800.43,53791.43,53791.43,188
2026-08-12T02:35:00+00:00,53791.43,53793.93,53789.43,53790.43,113
2026-08-12T02:40:00+00:00,53790.43,53793.93,53789.93,53791.93,159
2026-08-12T02:45:00+00:00,53791.93,53792.93,53787.43,53788.93,71
2026-08-12T02:50:00+00:00,53788.93,53797.43,53788.93,53796.93,77
2026-08-12T02:55:00+00:00,53796.93,53799.93,53795.93,53798.93,142
2026-08-12T03:00:00+00:00,53798.93,53803.43,53790.43,53790.93,133
2026-08-12T03:05:00+00:00,53790.93,53794.93,53790.93,53792.43,120
2026-08-12T03:10:00+00:00,53792.43,53797.43,53790.93,53797.43,129
2026-08-12T03:15:00+00:00,53797.43,53797.43,53787.43,53788.93,74.00554432220112
2026-08-12T03:20:00+00:00,53788.93,53793.43,53788.93,53791.93,71
2026-08-12T03:25:00+00:00,53791.93,53800.43,53791.93,53796.93,122
2026-08-12T03:30:00+00:00,53796.93,53799.43,53791.93,53794.43,297
2026-08-12T03:35:00+00:00,53794.43,53799.43,53785.43,53786.93,198
2026-08-12T03:40:00+00:00,53786.93,53791.43,53786.43,53788.93,235
2026-08-12T03:45:00+00:00,53788.93,53792.93,53783.93,53789.93,127
2026-08-12T03:50:00+00:00,53789.93,53793.93,53787.93,53792.43,137
2026-08-12T03:55:00+00:00,53792.43,53797.43,53792.43,53796.93,97
2026-08-12T04:00:00+00:00,53796.93,53802.43,53794.43,53797.93,135
2026-08-12T04:05:00+00:00,53797.93,53798.93,53788.93,53791.93,86
2026-08-12T04:10:00+00:00,53791.93,53800.43,53791.43,53795.43,84
2026-08-12T04:15:00+00:00,53795.43,53797.43,53790.93,53793.93,82
2026-08-12T04:20:00+00:00,53793.93,53797.93,53792.93,53793.93,63
2026-08-12T04:25:00+00:00,53793.93,53798.43,53793.93,53797.93,67
2026-08-12T04:30:00+00:00,53797.93,53799.43,53791.93,53794.43,65
2026-08-12T04:35:00+00:00,53794.43,53797.43,53793.93,53796.43,82
2026-08-12T04:40:00+00:00,53796.43,53798.43,53791.93,53793.43,81
2026-08-12T04:45:00+00:00,53793.43,53806.93,53791.43,53806.93,91
2026-08-12T04:50:00+00:00,53806.93,53811.43,53806.43,53807.93,127
2026-08-12T04:55:00+00:00,53807.93,53810.43,53805.43,53807.93,91
2026-08-12T05:00:00+00:00,53807.93,53811.43,53806.93,53808.43,108
2026-08-12T05:05:00+00:00,53808.43,53809.43,53803.93,53807.43,106
2026-08-12T05:10:00+00:00,53807.43,53808.93,53799.43,53799.43,73
2026-08-12T05:15:00+00:00,53799.43,53802.43,53795.43,53801.93,113
2026-08-12T05:20:00+00:00,53801.93,53805.43,53796.43,53804.43,180
2026-08-12T05:25:00+00:00,53804.43,53813.43,53804.43,53812.93,214
2026-08-12T05:30:00+00:00,53812.93,53820.93,53809.93,53809.93,195
2026-08-12T05:35:00+00:00,53809.93,53814.43,53808.93,53812.43,99
2026-08-12T05:40:00+00:00,53812.43,53813.93,53810.43,53811.43,103
2026-08-12T05:45:00+00:00,53811.43,53817.43,53810.93,53812.43,92
2026-08-12T05:50:00+00:00,53812.43,53814.93,53810.93,53812.43,70
2026-08-12T05:55:00+00:00,53812.43,53814.43,53804.93,53805.93,138
2026-08-12T06:00:00+00:00,53805.93,53808.43,53797.93,53805.93,174
2026-08-12T06:05:00+00:00,53805.93,53806.93,53797.43,53797.93,160
2026-08-12T06:10:00+00:00,53797.93,53797.93,53780.43,53783.43,233
2026-08-12T06:15:00+00:00,53783.43,53792.43,53780.93,53790.43,239
2026-08-12T06:20:00+00:00,53790.43,53801.43,53787.43,53798.93,219
2026-08-12T06:25:00+00:00,53798.93,53810.43,53797.93,53806.93,255
2026-08-12T06:30:00+00:00,53806.93,53819.43,53805.43,53816.93,337
2026-08-12T06:35:00+00:00,53816.93,53826.43,53814.93,53823.93,253
2026-08-12T06:40:00+00:00,53823.93,53824.93,53803.43,53806.43,283
2026-08-12T06:45:00+00:00,53806.43,53816.43,53806.43,53814.43,251
2026-08-12T06:50:00+00:00,53814.43,53820.93,53813.93,53818.43,188
2026-08-12T06:55:00+00:00,53818.43,53825.43,53815.43,53823.43,256
2026-08-12T07:00:00+00:00,53823.43,53823.93,53803.93,53806.93,677
2026-08-12T07:05:00+00:00,53806.93,53814.43,53800.93,53807.43,386
2026-08-12T07:10:00+00:00,53807.43,53822.93,53806.43,53812.93,435
2026-08-12T07:15:00+00:00,53812.93,53821.43,53810.43,53818.93,398
2026-08-12T07:20:00+00:00,53818.93,53820.43,53798.93,53801.43,287
2026-08-12T07:25:00+00:00,53801.43,53804.93,53794.93,53799.93,343
2026-08-12T07:30:00+00:00,53799.93,53808.43,53798.43,53804.43,410
2026-08-12T07:35:00+00:00,53804.43,53820.43,53804.43,53816.43,389
2026-08-12T07:40:00+00:00,53816.43,53823.43,53810.93,53821.43,306
2026-08-12T07:45:00+00:00,53821.43,53822.43,53807.43,53808.43,343
2026-08-12T07:50:00+00:00,53808.43,53815.43,53808.43,53812.43,304
2026-08-12T07:55:00+00:00,53812.43,53812.43,53790.93,53801.93,331
2026-08-12T08:00:00+00:00,53801.93,53814.93,53797.43,53804.43,718
2026-08-12T08:05:00+00:00,53804.43,53815.43,53796.43,53796.93,399
2026-08-12T08:10:00+00:00,53796.93,53805.43,53793.43,53802.43,362
2026-08-12T08:15:00+00:00,53802.43,53802.43,53783.93,53796.43,411
2026-08-12T08:20:00+00:00,53796.43,53800.43,53784.43,53791.43,335
2026-08-12T08:25:00+00:00,53791.43,53797.93,53784.93,53792.43,415
2026-08-12T08:30:00+00:00,53792.43,53792.43,53771.93,53773.93,425
2026-08-12T08:35:00+00:00,53773.93,53790.93,53773.93,53783.93,379
2026-08-12T08:40:00+00:00,53783.93,53791.93,53781.93,53784.93,285
2026-08-12T08:45:00+00:00,53784.93,53792.43,53777.43,53791.43,260
2026-08-12T08:50:00+00:00,53791.43,53798.93,53788.93,53796.43,286
2026-08-12T08:55:00+00:00,53796.43,53798.93,53785.43,53786.43,261
2026-08-12T09:00:00+00:00,53786.43,53806.93,53784.43,53804.93,375
2026-08-12T09:05:00+00:00,53804.93,53806.43,53794.43,53802.43,296
2026-08-12T09:10:00+00:00,53802.43,53814.93,53801.93,53814.93,280
2026-08-12T09:15:00+00:00,53814.93,53819.43,53807.43,53815.93,263
2026-08-12T09:20:00+00:00,53815.93,53868.93,53812.43,53868.43,1452
2026-08-12T09:25:00+00:00,53868.43,53881.93,53846.93,53847.43,1192
2026-08-12T09:30:00+00:00,53847.43,53865.93,53842.93,53849.43,682
2026-08-12T09:35:00+00:00,53849.43,53870.43,53846.43,53867.43,553
2026-08-12T09:40:00+00:00,53867.43,53874.93,53866.43,53868.43,311
2026-08-12T09:45:00+00:00,53868.43,53874.93,53859.43,53874.93,408
2026-08-12T09:50:00+00:00,53874.93,53895.43,53841.93,53844.43,1135
2026-08-12T09:55:00+00:00,53844.43,53855.93,53830.93,53853.43,480
2026-08-12T10:00:00+00:00,53853.43,53865.43,53852.43,53861.93,449
2026-08-12T10:05:00+00:00,53861.93,53872.93,53858.43,53869.43,401
2026-08-12T10:10:00+00:00,53869.43,53876.43,53856.43,53856.93,262
2026-08-12T10:15:00+00:00,53856.93,53862.43,53852.43,53856.93,236
2026-08-12T10:20:00+00:00,53856.93,53861.93,53851.93,53851.93,301
2026-08-12T10:25:00+00:00,53851.93,53852.43,53842.93,53842.93,255
2026-08-12T10:30:00+00:00,53842.93,53848.93,53832.93,53844.43,385
2026-08-12T10:35:00+00:00,53844.43,53846.43,53837.43,53842.43,205
2026-08-12T10:40:00+00:00,53842.43,53853.43,53841.93,53849.93,202
2026-08-12T10:45:00+00:00,53849.93,53861.93,53788.93,53819.43,1596
2026-08-12T10:50:00+00:00,53819.43,53832.93,53812.18,53827.43,1146
2026-08-12T10:55:00+00:00,53827.43,53846.93,53824.43,53846.43,380
2026-08-12T11:00:00+00:00,53846.43,53852.43,53824.93,53849.43,580
2026-08-12T11:05:00+00:00,53849.43,53861.93,53845.43,53861.93,338
2026-08-12T11:10:00+00:00,53861.93,53869.93,53857.43,53857.93,412
2026-08-12T11:15:00+00:00,53857.93,53859.43,53844.43,53857.43,270
2026-08-12T11:20:00+00:00,53857.43,53864.93,53854.43,53860.43,323
2026-08-12T11:25:00+00:00,53860.43,53874.93,53859.43,53871.93,292
2026-08-12T11:30:00+00:00,53871.93,53882.43,53867.43,53871.43,310
2026-08-12T11:35:00+00:00,53871.43,53872.93,53859.93,53869.43,393
2026-08-12T11:40:00+00:00,53869.43,53894.43,53864.93,53892.93,420
2026-08-12T11:45:00+00:00,53892.93,53904.93,53883.43,53884.43,516
2026-08-12T11:50:00+00:00,53884.43,53889.43,53874.93,53886.93,365
2026-08-12T11:55:00+00:00,53886.93,53897.43,53884.43,53884.93,418
2026-08-12T12:00:00+00:00,53884.93,53891.43,53866.43,53868.43,660
2026-08-12T12:05:00+00:00,53868.43,53872.43,53858.43,53863.93,388
2026-08-12T12:10:00+00:00,53863.93,53895.93,53861.93,53892.93,467
2026-08-12T12:15:00+00:00,53892.93,53908.93,53889.43,53906.93,758
2026-08-12T12:20:00+00:00,53906.93,53914.43,53898.43,53907.93,744
2026-08-12T12:25:00+00:00,53907.93,53964.93,53907.43,53963.93,1091
2026-08-12T12:30:00+00:00,53963.93,54058.43,53852.18,53933.93,4697
2026-08-12T12:35:00+00:00,53933.93,53937.93,53897.93,53937.93,3203
2026-08-12T12:40:00+00:00,53937.93,53965.93,53932.43,53934.43,2722
2026-08-12T12:45:00+00:00,53934.43,53945.43,53911.93,53933.43,1862
2026-08-12T12:50:00+00:00,53933.43,53946.43,53915.43,53932.43,1538
2026-08-12T12:55:00+00:00,53932.43,53953.93,53919.43,53951.43,1095
2026-08-12T13:00:00+00:00,53951.43,53956.93,53924.43,53952.43,1592
2026-08-12T13:05:00+00:00,53952.43,53963.43,53935.93,53943.93,1344
2026-08-12T13:10:00+00:00,53943.93,53958.93,53937.43,53952.43,1153
2026-08-12T13:15:00+00:00,53952.43,53978.93,53947.93,53975.43,1205
2026-08-12T13:20:00+00:00,53975.43,53981.43,53955.43,53960.43,996
2026-08-12T13:25:00+00:00,53960.43,53994.43,53943.43,53962.43,1708
2026-08-12T13:30:00+00:00,53962.43,53992.28,53804.78,53885.78,12101
2026-08-12T13:35:00+00:00,53885.78,53936.28,53869.18,53901.78,7809
2026-08-12T13:40:00+00:00,53901.78,53938.28,53847.28,53851.28,6245
2026-08-12T13:45:00+00:00,53851.28,53893.78,53813.78,53882.28,6020
2026-08-12T13:50:00+00:00,53882.28,53902.78,53836.28,53849.78,5388
2026-08-12T13:55:00+00:00,53849.78,53864.78,53794.28,53797.78,4395
2026-08-12T14:00:00+00:00,53797.78,53844.28,53783.78,53804.78,5058
2026-08-12T14:05:00+00:00,53804.78,53814.28,53752.78,53765.78,3993
2026-08-12T14:10:00+00:00,53765.78,53801.28,53753.28,53791.28,4021
2026-08-12T14:15:00+00:00,53791.28,53862.28,53776.28,53853.28,3219
2026-08-12T14:20:00+00:00,53853.28,53882.28,53817.78,53855.28,3340
2026-08-12T14:25:00+00:00,53855.28,53876.28,53830.78,53850.28,3069
2026-08-12T14:30:00+00:00,53850.28,53874.78,53755.18,53805.78,5386
2026-08-12T14:35:00+00:00,53805.78,53829.28,53794.78,53825.28,3388
2026-08-12T14:40:00+00:00,53825.28,53858.28,53819.28,53846.28,2640
2026-08-12T14:45:00+00:00,53846.28,53858.78,53803.28,53835.28,2654
2026-08-12T14:50:00+00:00,53835.28,53842.28,53788.78,53791.28,2879
2026-08-12T14:55:00+00:00,53791.28,53806.28,53777.28,53793.28,2391
2026-08-12T15:00:00+00:00,53793.28,53795.28,53766.28,53773.28,2636
2026-08-12T15:05:00+00:00,53773.28,53782.28,53757.28,53782.28,2299
2026-08-12T15:10:00+00:00,53782.28,53810.28,53773.78,53780.28,2211
2026-08-12T15:15:00+00:00,53780.28,53792.28,53761.28,53783.28,1832
2026-08-12T15:20:00+00:00,53783.28,53786.28,53752.28,53775.28,1825
2026-08-12T15:25:00+00:00,53775.28,53802.28,53767.78,53802.28,1586
2026-08-12T15:30:00+00:00,53802.28,53807.28,53773.28,53786.28,1896
2026-08-12T15:35:00+00:00,53786.28,53798.28,53765.78,53767.28,1732
2026-08-12T15:40:00+00:00,53767.28,53823.28,53763.28,53813.78,1717
2026-08-12T15:45:00+00:00,53813.78,53824.28,53804.28,53823.78,1473
2026-08-12T15:50:00+00:00,53823.78,53824.28,53799.28,53813.28,1222
2026-08-12T15:55:00+00:00,53813.28,53832.28,53808.28,53817.78,1285
2026-08-12T16:00:00+00:00,53817.78,53849.78,53814.28,53839.78,1561
2026-08-12T16:05:00+00:00,53839.78,53847.28,53811.28,53830.28,1294
2026-08-12T16:10:00+00:00,53830.28,53856.28,53816.28,53848.28,1278
2026-08-12T16:15:00+00:00,53848.28,53853.78,53835.28,53841.28,1210
2026-08-12T16:20:00+00:00,53841.28,53847.28,53831.78,53841.28,1167
2026-08-12T16:25:00+00:00,53841.28,53842.28,53820.28,53821.28,944
2026-08-12T16:30:00+00:00,53821.28,53833.28,53809.28,53821.28,1338
2026-08-12T16:35:00+00:00,53821.28,53846.78,53819.28,53838.28,1129
2026-08-12T16:40:00+00:00,53838.28,53844.28,53828.28,53836.28,1108
2026-08-12T16:45:00+00:00,53836.28,53836.28,53817.28,53827.28,1037
2026-08-12T16:50:00+00:00,53827.28,53844.28,53823.28,53834.28,1041
2026-08-12T16:55:00+00:00,53834.28,53836.28,53818.78,53825.78,944
2026-08-12T17:00:00+00:00,53825.78,53830.78,53813.28,53819.28,1031
2026-08-12T17:05:00+00:00,53819.28,53849.28,53812.28,53829.28,1036
2026-08-12T17:10:00+00:00,53829.28,53833.78,53813.78,53825.28,974
2026-08-12T17:15:00+00:00,53825.28,53825.28,53800.78,53809.28,987
2026-08-12T17:20:00+00:00,53809.28,53813.28,53793.28,53804.78,933
2026-08-12T17:25:00+00:00,53804.78,53827.28,53802.78,53814.28,881
2026-08-12T17:30:00+00:00,53814.28,53828.78,53806.28,53828.78,1137
2026-08-12T17:35:00+00:00,53828.78,53829.28,53814.28,53827.28,757
2026-08-12T17:40:00+00:00,53827.28,53843.28,53818.78,53829.28,933
2026-08-12T17:45:00+00:00,53829.28,53843.28,53818.28,53825.28,912
2026-08-12T17:50:00+00:00,53825.28,53837.78,53814.28,53814.28,951
2026-08-12T17:55:00+00:00,53814.28,53826.28,53803.78,53820.28,793
2026-08-12T18:00:00+00:00,53820.28,53827.68,53815.68,53818.18,943.5612917279311
2026-08-12T18:05:00+00:00,53818.18,53825.18,53812.18,53815.68,774
2026-08-12T18:10:00+00:00,53815.68,53823.18,53810.18,53818.68,901
2026-08-12T18:15:00+00:00,53818.68,53821.68,53808.18,53819.68,798
2026-08-12T18:20:00+00:00,53819.68,53823.68,53811.18,53817.68,737
2026-08-12T18:25:00+00:00,53817.68,53830.18,53809.18,53810.68,861
2026-08-12T18:30:00+00:00,53810.68,53831.68,53810.68,53827.68,813
2026-08-12T18:35:00+00:00,53827.68,53842.68,53826.68,53833.68,804
2026-08-12T18:40:00+00:00,53833.68,53865.18,53832.68,53857.68,703
2026-08-12T18:45:00+00:00,53857.68,53867.18,53853.18,53859.68,632
2026-08-12T18:50:00+00:00,53859.68,53863.68,53854.18,53859.68,556
2026-08-12T18:55:00+00:00,53859.68,53863.68,53835.68,53836.68,1083
2026-08-12T19:00:00+00:00,53836.68,53868.68,53836.68,53863.68,780
2026-08-12T19:05:00+00:00,53863.68,53868.68,53848.68,53850.68,626
2026-08-12T19:10:00+00:00,53850.68,53856.18,53826.68,53830.68,881
2026-08-12T19:15:00+00:00,53830.68,53837.68,53822.18,53826.68,709
2026-08-12T19:20:00+00:00,53826.68,53832.68,53813.18,53821.68,928
2026-08-12T19:25:00+00:00,53821.68,53830.18,53816.68,53828.68,725
2026-08-12T19:30:00+00:00,53828.68,53836.18,53822.68,53832.68,1142
2026-08-12T19:35:00+00:00,53832.68,53852.68,53831.18,53838.68,1053
2026-08-12T19:40:00+00:00,53838.68,53841.68,53812.18,53830.68,1229
2026-08-12T19:45:00+00:00,53830.68,53838.68,53813.68,53827.68,1335
2026-08-12T19:50:00+00:00,53827.68,53829.18,53764.18,53769.68,2308
2026-08-12T19:55:00+00:00,53769.68,53798.68,53762.68,53775.68,2721
2026-08-12T20:00:00+00:00,53775.68,53814.83,53770.83,53808.83,880
2026-08-12T20:05:00+00:00,53808.83,53854.83,53803.33,53816.83,1824
2026-08-12T20:10:00+00:00,53816.83,53823.33,53797.33,53806.83,820
2026-08-12T20:15:00+00:00,53806.83,53812.83,53793.83,53794.83,627
2026-08-12T20:20:00+00:00,53794.83,53803.83,53788.33,53793.33,475
2026-08-12T20:25:00+00:00,53793.33,53793.33,53777.83,53780.83,662
2026-08-12T20:30:00+00:00,53780.83,53782.33,53765.33,53773.33,381
2026-08-12T20:35:00+00:00,53773.33,53781.33,53769.83,53779.83,377
2026-08-12T20:40:00+00:00,53779.83,53790.83,53777.33,53784.83,256
2026-08-12T20:45:00+00:00,53784.83,53787.83,53780.83,53781.83,447
2026-08-12T20:50:00+00:00,53781.83,53791.83,53781.83,53783.33,370
2026-08-12T20:55:00+00:00,53783.33,53785.33,53770.33,53774.58,462
2026-08-12T22:00:00+00:00,53774.58,53809.33,53770.58,53784.83,463
2026-08-12T22:05:00+00:00,53784.83,53793.33,53780.33,53790.83,355
2026-08-12T22:10:00+00:00,53790.83,53791.83,53783.33,53790.33,139
2026-08-12T22:15:00+00:00,53790.33,53795.83,53787.33,53795.33,162
2026-08-12T22:20:00+00:00,53795.33,53798.83,53789.83,53797.83,125
2026-08-12T22:25:00+00:00,53797.83,53800.83,53792.33,53794.83,186
2026-08-12T22:30:00+00:00,53794.83,53795.82000000001,53785.83,53792.32000000001,150
2026-08-12T22:35:00+00:00,53792.32000000001,53798.82000000001,53791.32000000001,53797.32000000001,79
2026-08-12T22:40:00+00:00,53797.32000000001,53802.82000000001,53797.32000000001,53799.32000000001,98
2026-08-12T22:45:00+00:00,53799.32000000001,53801.82000000001,53794.82000000001,53796.32000000001,69
2026-08-12T22:50:00+00:00,53796.32000000001,53800.82000000001,53795.82000000001,53799.82000000001,64
2026-08-12T22:55:00+00:00,53799.82000000001,53801.82000000001,53794.82000000001,53795.82000000001,48
2026-08-12T23:00:00+00:00,53795.82000000001,53810.32000000001,53794.82000000001,53807.32000000001,227
2026-08-12T23:05:00+00:00,53807.32000000001,53813.32000000001,53806.32000000001,53810.82000000001,86
2026-08-12T23:10:00+00:00,53810.82000000001,53816.82000000001,53810.82000000001,53815.82000000001,103
2026-08-12T23:15:00+00:00,53815.82000000001,53816.82000000001,53812.32000000001,53815.82000000001,46
2026-08-12T23:20:00+00:00,53815.82000000001,53818.32000000001,53812.82000000001,53815.82000000001,50
2026-08-12T23:25:00+00:00,53815.82000000001,53818.32000000001,53813.32000000001,53815.82000000001,48
2026-08-12T23:30:00+00:00,53815.82000000001,53816.82000000001,53808.82000000001,53811.32000000001,120
2026-08-12T23:35:00+00:00,53811.32000000001,53814.82000000001,53810.32000000001,53813.32000000001,84
2026-08-12T23:40:00+00:00,53813.32000000001,53815.32000000001,53810.82000000001,53812.82000000001,64
2026-08-12T23:45:00+00:00,53812.82000000001,53812.82000000001,53791.32000000001,53795.82000000001,262
2026-08-12T23:50:00+00:00,53795.82000000001,53802.82000000001,53795.32000000001,53801.82000000001,292
2026-08-12T23:55:00+00:00,53801.82000000001,53802.32000000001,53790.82000000001,53792.82000000001,297
2026-08-13T00:00:00+00:00,53792.82000000001,53800.82000000001,53781.82000000001,53794.82000000001,863
2026-08-13T00:05:00+00:00,53794.82000000001,53800.32000000001,53784.32000000001,53786.32000000001,496
2026-08-13T00:10:00+00:00,53786.32000000001,53790.82000000001,53770.32000000001,53771.32000000001,397
2026-08-13T00:15:00+00:00,53771.32000000001,53773.32000000001,53757.32000000001,53761.32000000001,437
2026-08-13T00:20:00+00:00,53761.32000000001,53773.32000000001,53754.32000000001,53772.32000000001,396
2026-08-13T00:25:00+00:00,53772.32000000001,53772.82000000001,53751.82000000001,53752.32000000001,404
2026-08-13T00:30:00+00:00,53752.32000000001,53767.82000000001,53751.82000000001,53762.82000000001,422
2026-08-13T00:35:00+00:00,53762.82000000001,53769.82000000001,53752.32000000001,53753.32000000001,268
2026-08-13T00:40:00+00:00,53753.32000000001,53758.32000000001,53743.32000000001,53758.32000000001,234
2026-08-13T00:45:00+00:00,53758.32000000001,53763.32000000001,53752.32000000001,53754.32000000001,243
2026-08-13T00:50:00+00:00,53754.32000000001,53761.82000000001,53752.82000000001,53756.82000000001,244
2026-08-13T00:55:00+00:00,53756.82000000001,53763.82000000001,53753.32000000001,53760.82000000001,264
2026-08-13T01:00:00+00:00,53760.82000000001,53762.32000000001,53746.32000000001,53751.82000000001,521
2026-08-13T01:05:00+00:00,53751.82000000001,53751.82000000001,53733.82000000001,53739.82000000001,293
2026-08-13T01:10:00+00:00,53739.82000000001,53740.82000000001,53722.82000000001,53723.82000000001,414
2026-08-13T01:15:00+00:00,53723.82000000001,53726.82000000001,53718.32000000001,53724.32000000001,236
2026-08-13T01:20:00+00:00,53724.32000000001,53729.32000000001,53720.32000000001,53728.32000000001,238
2026-08-13T01:25:00+00:00,53728.32000000001,53729.82000000001,53721.32000000001,53722.82000000001,239
2026-08-13T01:30:00+00:00,53722.82000000001,53743.82000000001,53722.32000000001,53736.32000000001,237
2026-08-13T01:35:00+00:00,53736.32000000001,53740.32000000001,53733.32000000001,53737.32000000001,212
2026-08-13T01:40:00+00:00,53737.32000000001,53737.32000000001,53726.82000000001,53733.82000000001,218
2026-08-13T01:45:00+00:00,53733.82000000001,53737.32000000001,53730.82000000001,53736.82000000001,185
2026-08-13T01:50:00+00:00,53736.82000000001,53749.32000000001,53735.82000000001,53748.32000000001,180
2026-08-13T01:55:00+00:00,53748.32000000001,53752.32000000001,53740.82000000001,53741.82000000001,163
2026-08-13T02:00:00+00:00,53741.82000000001,53752.32000000001,53741.32000000001,53745.82000000001,272
2026-08-13T02:05:00+00:00,53745.82000000001,53754.82000000001,53745.82000000001,53751.82000000001,139
2026-08-13T02:10:00+00:00,53751.82000000001,53753.82000000001,53748.32000000001,53752.82000000001,177
2026-08-13T02:15:00+00:00,53752.82000000001,53754.32000000001,53749.82000000001,53753.82000000001,187
2026-08-13T02:20:00+00:00,53753.82000000001,53757.32000000001,53749.82000000001,53750.82000000001,202
2026-08-13T02:25:00+00:00,53750.82000000001,53751.32000000001,53740.82000000001,53742.32000000001,127
2026-08-13T02:30:00+00:00,53742.32000000001,53743.82000000001,53735.82000000001,53736.32000000001,276
2026-08-13T02:35:00+00:00,53736.32000000001,53740.32000000001,53735.82000000001,53738.82000000001,148
2026-08-13T02:40:00+00:00,53738.82000000001,53758.82000000001,53738.82000000001,53755.82000000001,261
2026-08-13T02:45:00+00:00,53755.82000000001,53761.32000000001,53755.82000000001,53757.32000000001,176
2026-08-13T02:50:00+00:00,53757.32000000001,53758.82000000001,53751.82000000001,53753.32000000001,73
2026-08-13T02:55:00+00:00,53753.32000000001,53755.32000000001,53751.32000000001,53751.32000000001,75
2026-08-13T03:00:00+00:00,53751.32000000001,53751.32000000001,53742.82000000001,53743.82000000001,178
2026-08-13T03:05:00+00:00,53743.82000000001,53748.82000000001,53743.82000000001,53746.32000000001,163
2026-08-13T03:10:00+00:00,53746.32000000001,53752.82000000001,53742.82000000001,53752.32000000001,100.2105734767025
2026-08-13T03:15:00+00:00,53752.32000000001,53752.32000000001,53744.32000000001,53745.32000000001,91
2026-08-13T03:20:00+00:00,53745.32000000001,53748.82000000001,53743.32000000001,53746.32000000001,118
2026-08-13T03:25:00+00:00,53746.32000000001,53751.82000000001,53746.32000000001,53747.32000000001,78
2026-08-13T03:30:00+00:00,53747.32000000001,53749.82000000001,53740.82000000001,53742.32000000001,186
2026-08-13T03:35:00+00:00,53742.32000000001,53757.32000000001,53741.32000000001,53755.32000000001,164
2026-08-13T03:40:00+00:00,53755.32000000001,53764.82000000001,53752.32000000001,53762.32000000001,67
2026-08-13T03:45:00+00:00,53762.32000000001,53768.32000000001,53760.82000000001,53766.32000000001,104
2026-08-13T03:50:00+00:00,53766.32000000001,53768.32000000001,53765.32000000001,53766.32000000001,57
2026-08-13T03:55:00+00:00,53766.32000000001,53766.32000000001,53761.32000000001,53762.32000000001,75
2026-08-13T04:00:00+00:00,53762.32000000001,53768.82000000001,53758.82000000001,53761.82000000001,141
2026-08-13T04:05:00+00:00,53761.82000000001,53770.32000000001,53761.82000000001,53769.32000000001,76
2026-08-13T04:10:00+00:00,53769.32000000001,53771.32000000001,53761.32000000001,53761.32000000001,174
2026-08-13T04:15:00+00:00,53761.32000000001,53762.82000000001,53760.32000000001,53761.82000000001,127
2026-08-13T04:20:00+00:00,53761.82000000001,53764.82000000001,53754.82000000001,53764.82000000001,176
2026-08-13T04:25:00+00:00,53764.82000000001,53774.82000000001,53764.82000000001,53770.32000000001,90
2026-08-13T04:30:00+00:00,53770.32000000001,53773.32000000001,53767.32000000001,53768.32000000001,63
2026-08-13T04:35:00+00:00,53768.32000000001,53771.82000000001,53767.82000000001,53768.82000000001,90
2026-08-13T04:40:00+00:00,53768.82000000001,53771.82000000001,53766.82000000001,53769.82000000001,87
2026-08-13T04:45:00+00:00,53769.82000000001,53779.82000000001,53766.82000000001,53778.82000000001,160
2026-08-13T04:50:00+00:00,53778.82000000001,53782.82000000001,53778.32000000001,53779.32000000001,70
2026-08-13T04:55:00+00:00,53779.32000000001,53783.32000000001,53774.32000000001,53774.32000000001,128
2026-08-13T05:00:00+00:00,53774.32000000001,53784.32000000001,53772.82000000001,53780.32000000001,199
2026-08-13T05:05:00+00:00,53780.32000000001,53780.82000000001,53776.32000000001,53778.32000000001,111
2026-08-13T05:10:00+00:00,53778.32000000001,53786.82000000001,53778.32000000001,53785.82000000001,126
2026-08-13T05:15:00+00:00,53785.82000000001,53787.32000000001,53777.82000000001,53779.32000000001,111
2026-08-13T05:20:00+00:00,53779.32000000001,53782.32000000001,53776.82000000001,53779.32000000001,123
2026-08-13T05:25:00+00:00,53779.32000000001,53785.32000000001,53775.32000000001,53785.32000000001,136
2026-08-13T05:30:00+00:00,53785.32000000001,53787.32000000001,53777.32000000001,53787.32000000001,196
2026-08-13T05:35:00+00:00,53787.32000000001,53792.82000000001,53785.32000000001,53792.82000000001,141
2026-08-13T05:40:00+00:00,53792.82000000001,53793.82000000001,53788.82000000001,53789.82000000001,140
2026-08-13T05:45:00+00:00,53789.82000000001,53792.82000000001,53785.32000000001,53789.82000000001,107
2026-08-13T05:50:00+00:00,53789.82000000001,53793.32000000001,53787.32000000001,53791.82000000001,92
2026-08-13T05:55:00+00:00,53791.82000000001,53792.82000000001,53786.32000000001,53787.32000000001,123
2026-08-13T06:00:00+00:00,53787.32000000001,53798.82000000001,53786.32000000001,53797.82000000001,200
2026-08-13T06:05:00+00:00,53797.82000000001,53808.32000000001,53797.32000000001,53808.32000000001,199
2026-08-13T06:10:00+00:00,53808.32000000001,53809.32000000001,53804.32000000001,53804.82000000001,139
2026-08-13T06:15:00+00:00,53804.82000000001,53815.82000000001,53804.32000000001,53811.82000000001,168
2026-08-13T06:20:00+00:00,53811.82000000001,53812.82000000001,53807.82000000001,53811.32000000001,181
2026-08-13T06:25:00+00:00,53811.32000000001,53815.32000000001,53804.32000000001,53806.82000000001,203
2026-08-13T06:30:00+00:00,53806.82000000001,53808.82000000001,53800.32000000001,53804.32000000001,217
2026-08-13T06:35:00+00:00,53804.32000000001,53806.82000000001,53796.32000000001,53805.32000000001,156
2026-08-13T06:40:00+00:00,53805.32000000001,53807.32000000001,53799.82000000001,53806.32000000001,257
2026-08-13T06:45:00+00:00,53806.32000000001,53807.32000000001,53793.82000000001,53795.32000000001,158
2026-08-13T06:50:00+00:00,53795.32000000001,53813.82000000001,53795.32000000001,53813.82000000001,188
2026-08-13T06:55:00+00:00,53813.82000000001,53826.32000000001,53811.32000000001,53821.82000000001,321
2026-08-13T07:00:00+00:00,53821.82000000001,53831.82000000001,53811.32000000001,53824.32000000001,656
2026-08-13T07:05:00+00:00,53824.32000000001,53829.82000000001,53817.82000000001,53826.82000000001,318
2026-08-13T07:10:00+00:00,53826.82000000001,53834.32000000001,53817.82000000001,53818.82000000001,329
2026-08-13T07:15:00+00:00,53818.82000000001,53821.82000000001,53805.82000000001,53813.82000000001,285
2026-08-13T07:20:00+00:00,53813.82000000001,53826.82000000001,53813.82000000001,53824.32000000001,326
2026-08-13T07:25:00+00:00,53824.32000000001,53825.82000000001,53811.32000000001,53824.82000000001,282
2026-08-13T07:30:00+00:00,53824.82000000001,53842.82000000001,53823.82000000001,53837.82000000001,426
2026-08-13T07:35:00+00:00,53837.82000000001,53841.82000000001,53829.32000000001,53835.32000000001,371
2026-08-13T07:40:00+00:00,53835.32000000001,53849.82000000001,53832.82000000001,53848.32000000001,341
2026-08-13T07:45:00+00:00,53848.32000000001,53849.82000000001,53836.32000000001,53846.32000000001,401
2026-08-13T07:50:00+00:00,53846.32000000001,53856.82000000001,53844.32000000001,53849.82000000001,223
2026-08-13T07:55:00+00:00,53849.82000000001,53854.32000000001,53836.82000000001,53838.82000000001,219
2026-08-13T08:00:00+00:00,53838.82000000001,53849.32000000001,53820.82000000001,53841.82000000001,780
2026-08-13T08:05:00+00:00,53841.82000000001,53858.32000000001,53839.82000000001,53853.82000000001,438
2026-08-13T08:10:00+00:00,53853.82000000001,53879.82000000001,53851.82000000001,53872.82000000001,386
2026-08-13T08:15:00+00:00,53872.82000000001,53879.32000000001,53852.82000000001,53858.82000000001,445
2026-08-13T08:20:00+00:00,53858.82000000001,53883.32000000001,53850.82000000001,53879.82000000001,378
2026-08-13T08:25:00+00:00,53879.82000000001,53889.82000000001,53878.32000000001,53882.32000000001,409
2026-08-13T08:30:00+00:00,53882.32000000001,53895.32000000001,53879.82000000001,53893.32000000001,426
2026-08-13T08:35:00+00:00,53893.32000000001,53893.32000000001,53880.57000000001,53882.82000000001,291
2026-08-13T08:40:00+00:00,53882.82000000001,53898.82000000001,53882.32000000001,53893.32000000001,275
2026-08-13T08:45:00+00:00,53893.32000000001,53899.32000000001,53885.82000000001,53894.82000000001,254
2026-08-13T08:50:00+00:00,53894.82000000001,53901.82000000001,53885.32000000001,53885.32000000001,282
2026-08-13T08:55:00+00:00,53885.32000000001,53899.82000000001,53884.82000000001,53895.82000000001,209
2026-08-13T09:00:00+00:00,53895.82000000001,53914.32000000001,53894.32000000001,53904.82000000001,466
2026-08-13T09:05:00+00:00,53904.82000000001,53909.32000000001,53897.82000000001,53901.82000000001,332
2026-08-13T09:10:00+00:00,53901.82000000001,53915.82000000001,53891.82000000001,53909.82000000001,322
2026-08-13T09:15:00+00:00,53909.82000000001,53928.82000000001,53907.32000000001,53927.82000000001,445
2026-08-13T09:20:00+00:00,53927.82000000001,53933.82000000001,53926.82000000001,53932.82000000001,263
2026-08-13T09:25:00+00:00,53932.82000000001,53936.32000000001,53920.82000000001,53925.32000000001,298
2026-08-13T09:30:00+00:00,53925.32000000001,53926.82000000001,53916.32000000001,53920.82000000001,240
2026-08-13T09:35:00+00:00,53920.82000000001,53920.82000000001,53906.32000000001,53909.82000000001,217
2026-08-13T09:40:00+00:00,53909.82000000001,53914.82000000001,53907.82000000001,53912.32000000001,169
2026-08-13T09:45:00+00:00,53912.32000000001,53918.82000000001,53911.82000000001,53912.82000000001,221
2026-08-13T09:50:00+00:00,53912.82000000001,53920.32000000001,53907.82000000001,53912.32000000001,293
2026-08-13T09:55:00+00:00,53912.32000000001,53913.32000000001,53900.32000000001,53902.32000000001,243
2026-08-13T10:00:00+00:00,53902.32000000001,53936.82000000001,53902.32000000001,53906.32000000001,490
2026-08-13T10:05:00+00:00,53906.32000000001,53912.82000000001,53903.82000000001,53904.82000000001,171
2026-08-13T10:10:00+00:00,53904.82000000001,53907.32000000001,53892.82000000001,53893.82000000001,238
2026-08-13T10:15:00+00:00,53893.82000000001,53904.32000000001,53892.82000000001,53896.32000000001,186
2026-08-13T10:20:00+00:00,53896.32000000001,53900.82000000001,53892.82000000001,53899.82000000001,269
2026-08-13T10:25:00+00:00,53899.82000000001,53906.32000000001,53884.82000000001,53893.32000000001,342
2026-08-13T10:30:00+00:00,53893.32000000001,53902.82000000001,53889.82000000001,53897.82000000001,204
2026-08-13T10:35:00+00:00,53897.82000000001,53898.32000000001,53889.32000000001,53895.32000000001,190
2026-08-13T10:40:00+00:00,53895.32000000001,53897.32000000001,53890.32000000001,53896.32000000001,180
2026-08-13T10:45:00+00:00,53896.32000000001,53903.32000000001,53893.32000000001,53900.82000000001,109
2026-08-13T10:50:00+00:00,53900.82000000001,53908.32000000001,53899.82000000001,53905.32000000001,148
2026-08-13T10:55:00+00:00,53905.32000000001,53907.82000000001,53893.32000000001,53903.32000000001,226
2026-08-13T11:00:00+00:00,53903.32000000001,53913.82000000001,53899.32000000001,53899.32000000001,430
2026-08-13T11:05:00+00:00,53899.32000000001,53903.82000000001,53894.32000000001,53901.32000000001,193
2026-08-13T11:10:00+00:00,53901.32000000001,53911.82000000001,53898.32000000001,53910.82000000001,240
2026-08-13T11:15:00+00:00,53910.82000000001,53913.82000000001,53906.32000000001,53910.32000000001,233
2026-08-13T11:20:00+00:00,53910.32000000001,53918.82000000001,53905.32000000001,53916.82000000001,219
2026-08-13T11:25:00+00:00,53916.82000000001,53925.82000000001,53910.32000000001,53920.82000000001,374
2026-08-13T11:30:00+00:00,53920.82000000001,53935.82000000001,53919.32000000001,53932.32000000001,286
2026-08-13T11:35:00+00:00,53932.32000000001,53942.82000000001,53928.32000000001,53941.82000000001,316
2026-08-13T11:40:00+00:00,53941.82000000001,53956.82000000001,53938.82000000001,53955.32000000001,264
2026-08-13T11:45:00+00:00,53955.32000000001,53959.32000000001,53934.32000000001,53934.82000000001,313
2026-08-13T11:50:00+00:00,53934.82000000001,53947.32000000001,53929.32000000001,53945.32000000001,299
2026-08-13T11:55:00+00:00,53945.32000000001,53946.82000000001,53919.82000000001,53923.32000000001,299
2026-08-13T12:00:00+00:00,53923.32000000001,53938.32000000001,53923.32000000001,53936.32000000001,565
2026-08-13T12:05:00+00:00,53936.32000000001,53961.32000000001,53935.32000000001,53955.32000000001,536
2026-08-13T12:10:00+00:00,53955.32000000001,53960.82000000001,53934.82000000001,53941.82000000001,635
2026-08-13T12:15:00+00:00,53941.82000000001,53948.32000000001,53921.82000000001,53922.82000000001,471
2026-08-13T12:20:00+00:00,53922.82000000001,53928.32000000001,53895.32000000001,53899.32000000001,610
2026-08-13T12:25:00+00:00,53899.32000000001,53926.82000000001,53898.32000000001,53922.32000000001,583
2026-08-13T12:30:00+00:00,53922.32000000001,53969.82000000001,53889.82000000001,53914.82000000001,1648
2026-08-13T12:35:00+00:00,53914.82000000001,53951.82000000001,53913.82000000001,53949.32000000001,1020
2026-08-13T12:40:00+00:00,53949.32000000001,53957.32000000001,53932.82000000001,53950.82000000001,1001
2026-08-13T12:45:00+00:00,53950.82000000001,53968.32000000001,53948.82000000001,53952.82000000001,726
2026-08-13T12:50:00+00:00,53952.82000000001,53964.82000000001,53949.82000000001,53955.82000000001,578
2026-08-13T12:55:00+00:00,53955.82000000001,53973.32000000001,53955.82000000001,53972.82000000001,877
2026-08-13T13:00:00+00:00,53972.82000000001,53985.32000000001,53951.82000000001,53958.82000000001,1165
2026-08-13T13:05:00+00:00,53958.82000000001,53964.82000000001,53941.32000000001,53942.82000000001,1152
2026-08-13T13:10:00+00:00,53942.82000000001,53954.82000000001,53935.32000000001,53945.82000000001,671
2026-08-13T13:15:00+00:00,53945.82000000001,53964.82000000001,53937.82000000001,53960.82000000001,915
2026-08-13T13:20:00+00:00,53960.82000000001,53972.32000000001,53934.32000000001,53940.32000000001,564
2026-08-13T13:25:00+00:00,53940.32000000001,53959.32000000001,53920.82000000001,53941.82000000001,1172
2026-08-13T13:30:00+00:00,53941.82000000001,53999.170000000006,53883.170000000006,53889.170000000006,8113
2026-08-13T13:35:00+00:00,53889.170000000006,53946.670000000006,53861.170000000006,53945.170000000006,5979
2026-08-13T13:40:00+00:00,53945.170000000006,53959.670000000006,53894.170000000006,53904.170000000006,5402
2026-08-13T13:45:00+00:00,53904.170000000006,53969.170000000006,53890.670000000006,53891.170000000006,5791
2026-08-13T13:50:00+00:00,53891.170000000006,53909.170000000006,53850.670000000006,53898.170000000006,5931
2026-08-13T13:55:00+00:00,53898.170000000006,53931.670000000006,53874.670000000006,53913.170000000006,4835
2026-08-13T14:00:00+00:00,53913.170000000006,54004.670000000006,53911.170000000006,53998.670000000006,5034
2026-08-13T14:05:00+00:00,53998.670000000006,54027.670000000006,53957.170000000006,53981.170000000006,4124
2026-08-13T14:10:00+00:00,53981.170000000006,53985.170000000006,53955.170000000006,53978.170000000006,2953
2026-08-13T14:15:00+00:00,53978.170000000006,54000.670000000006,53917.670000000006,53998.170000000006,3320
2026-08-13T14:20:00+00:00,53998.170000000006,54063.670000000006,53995.170000000006,54049.670000000006,3038
2026-08-13T14:25:00+00:00,54049.670000000006,54061.670000000006,54022.170000000006,54025.670000000006,2685
2026-08-13T14:30:00+00:00,54025.670000000006,54030.670000000006,53971.670000000006,53978.670000000006,3202
2026-08-13T14:35:00+00:00,53978.670000000006,53999.670000000006,53953.670000000006,53978.670000000006,2907
2026-08-13T14:40:00+00:00,53978.670000000006,53983.170000000006,53917.670000000006,53918.670000000006,2781
2026-08-13T14:45:00+00:00,53918.670000000006,53920.170000000006,53852.670000000006,53862.170000000006,3523
2026-08-13T14:50:00+00:00,53862.170000000006,53872.670000000006,53839.670000000006,53856.170000000006,3331
2026-08-13T14:55:00+00:00,53856.170000000006,53858.670000000006,53819.170000000006,53854.670000000006,3175
2026-08-13T15:00:00+00:00,53854.670000000006,53882.670000000006,53813.670000000006,53821.170000000006,3155
2026-08-13T15:05:00+00:00,53821.170000000006,53830.670000000006,53789.170000000006,53805.170000000006,3321
2026-08-13T15:10:00+00:00,53805.170000000006,53807.170000000006,53747.670000000006,53754.670000000006,2827
2026-08-13T15:15:00+00:00,53754.670000000006,53759.670000000006,53705.670000000006,53739.670000000006,2822
2026-08-13T15:20:00+00:00,53739.670000000006,53744.670000000006,53698.57000000001,53717.670000000006,2537
2026-08-13T15:25:00+00:00,53717.670000000006,53719.170000000006,53630.170000000006,53657.170000000006,3666
2026-08-13T15:30:00+00:00,53657.170000000006,53702.170000000006,53649.670000000006,53684.670000000006,3302
2026-08-13T15:35:00+00:00,53684.670000000006,53715.170000000006,53680.670000000006,53701.670000000006,2890
2026-08-13T15:40:00+00:00,53701.670000000006,53720.670000000006,53688.170000000006,53698.670000000006,2355
2026-08-13T15:45:00+00:00,53698.670000000006,53729.170000000006,53697.170000000006,53715.170000000006,2236
2026-08-13T15:50:00+00:00,53715.170000000006,53729.670000000006,53705.670000000006,53712.170000000006,1915
2026-08-13T15:55:00+00:00,53712.170000000006,53722.170000000006,53670.170000000006,53674.670000000006,2076
2026-08-13T16:00:00+00:00,53674.670000000006,53704.670000000006,53671.170000000006,53692.170000000006,1794
2026-08-13T16:05:00+00:00,53692.170000000006,53714.170000000006,53679.670000000006,53681.670000000006,1558
2026-08-13T16:10:00+00:00,53681.670000000006,53695.670000000006,53675.170000000006,53689.670000000006,1718
2026-08-13T16:15:00+00:00,53689.670000000006,53695.670000000006,53680.670000000006,53690.670000000006,1534
2026-08-13T16:20:00+00:00,53690.670000000006,53706.670000000006,53687.670000000006,53694.670000000006,1431
2026-08-13T16:25:00+00:00,53694.670000000006,53729.670000000006,53692.670000000006,53728.670000000006,1407
2026-08-13T16:30:00+00:00,53728.670000000006,53753.170000000006,53718.670000000006,53748.670000000006,1330
2026-08-13T16:35:00+00:00,53748.670000000006,53752.670000000006,53724.670000000006,53728.670000000006,1319
2026-08-13T16:40:00+00:00,53728.670000000006,53738.670000000006,53715.670000000006,53727.670000000006,1178
2026-08-13T16:45:00+00:00,53727.670000000006,53738.670000000006,53723.170000000006,53725.670000000006,976
2026-08-13T16:50:00+00:00,53725.670000000006,53748.170000000006,53725.170000000006,53742.670000000006,1215
2026-08-13T16:55:00+00:00,53742.670000000006,53747.670000000006,53732.170000000006,53737.670000000006,1025
2026-08-13T17:00:00+00:00,53737.670000000006,53751.170000000006,53734.170000000006,53742.170000000006,1055
2026-08-13T17:05:00+00:00,53742.170000000006,53775.170000000006,53732.670000000006,53760.170000000006,1158
2026-08-13T17:10:00+00:00,53760.170000000006,53762.170000000006,53744.670000000006,53756.670000000006,898
2026-08-13T17:15:00+00:00,53756.670000000006,53779.170000000006,53756.670000000006,53773.670000000006,906
2026-08-13T17:20:00+00:00,53773.670000000006,53778.670000000006,53763.670000000006,53776.670000000006,978
2026-08-13T17:25:00+00:00,53776.670000000006,53779.670000000006,53758.670000000006,53760.670000000006,935
2026-08-13T17:30:00+00:00,53760.670000000006,53765.670000000006,53735.670000000006,53740.670000000006,1113
2026-08-13T17:35:00+00:00,53740.670000000006,53742.670000000006,53722.670000000006,53741.670000000006,1258
2026-08-13T17:40:00+00:00,53741.670000000006,53748.670000000006,53731.670000000006,53738.170000000006,1074
2026-08-13T17:45:00+00:00,53738.170000000006,53755.670000000006,53737.170000000006,53754.670000000006,1036
2026-08-13T17:50:00+00:00,53754.670000000006,53768.170000000006,53751.670000000006,53759.670000000006,912
2026-08-13T17:55:00+00:00,53759.670000000006,53763.670000000006,53747.170000000006,53758.170000000006,877
2026-08-13T18:00:00+00:00,53758.170000000006,53783.670000000006,53758.170000000006,53781.670000000006,1022
2026-08-13T18:05:00+00:00,53781.670000000006,53787.670000000006,53773.670000000006,53777.670000000006,854
2026-08-13T18:10:00+00:00,53777.670000000006,53808.670000000006,53768.670000000006,53803.670000000006,1002
2026-08-13T18:15:00+00:00,53803.670000000006,53807.670000000006,53777.670000000006,53783.670000000006,929
2026-08-13T18:20:00+00:00,53783.670000000006,53786.670000000006,53763.170000000006,53768.670000000006,997
2026-08-13T18:25:00+00:00,53768.670000000006,53781.170000000006,53766.670000000006,53775.670000000006,879
2026-08-13T18:30:00+00:00,53775.670000000006,53785.670000000006,53768.670000000006,53785.670000000006,1046
2026-08-13T18:35:00+00:00,53785.670000000006,53814.670000000006,53782.170000000006,53814.670000000006,1206
2026-08-13T18:40:00+00:00,53814.670000000006,53834.670000000006,53809.670000000006,53825.170000000006,1273
2026-08-13T18:45:00+00:00,53825.170000000006,53829.670000000006,53804.170000000006,53815.670000000006,1090
2026-08-13T18:50:00+00:00,53815.670000000006,53823.670000000006,53799.670000000006,53812.670000000006,1025
2026-08-13T18:55:00+00:00,53812.670000000006,53819.670000000006,53782.670000000006,53789.670000000006,914
2026-08-13T19:00:00+00:00,53789.670000000006,53806.170000000006,53788.670000000006,53799.670000000006,929
2026-08-13T19:05:00+00:00,53799.670000000006,53829.170000000006,53796.170000000006,53820.670000000006,1162
2026-08-13T19:10:00+00:00,53820.670000000006,53820.670000000006,53794.670000000006,53809.170000000006,1078
2026-08-13T19:15:00+00:00,53809.170000000006,53833.170000000006,53800.670000000006,53831.170000000006,1113
2026-08-13T19:20:00+00:00,53831.170000000006,53853.670000000006,53827.670000000006,53850.670000000006,1099
2026-08-13T19:25:00+00:00,53850.670000000006,53857.670000000006,53834.170000000006,53840.170000000006,1014
2026-08-13T19:30:00+00:00,53840.170000000006,53859.170000000006,53838.170000000006,53848.170000000006,1370
2026-08-13T19:35:00+00:00,53848.170000000006,53848.670000000006,53829.170000000006,53841.670000000006,1193
2026-08-13T19:40:00+00:00,53841.670000000006,53851.170000000006,53827.670000000006,53829.170000000006,1282
2026-08-13T19:45:00+00:00,53829.170000000006,53850.170000000006,53827.170000000006,53841.170000000006,1649
2026-08-13T19:50:00+00:00,53841.170000000006,53849.670000000006,53818.670000000006,53834.170000000006,2012
2026-08-13T19:55:00+00:00,53834.170000000006,53868.670000000006,53834.170000000006,53851.670000000006,2346
2026-08-13T20:00:00+00:00,53851.670000000006,53868.82000000001,53834.82000000001,53859.32000000001,1392
2026-08-13T20:05:00+00:00,53859.32000000001,53860.82000000001,53844.82000000001,53849.82000000001,325
2026-08-13T20:10:00+00:00,53849.82000000001,53850.82000000001,53843.82000000001,53847.32000000001,417
2026-08-13T20:15:00+00:00,53847.32000000001,53851.32000000001,53836.32000000001,53842.82000000001,293
2026-08-13T20:20:00+00:00,53842.82000000001,53853.82000000001,53842.82000000001,53850.82000000001,174
2026-08-13T20:25:00+00:00,53850.82000000001,53852.32000000001,53841.32000000001,53844.32000000001,188
2026-08-13T20:30:00+00:00,53844.32000000001,53856.82000000001,53844.32000000001,53854.82000000001,323
2026-08-13T20:35:00+00:00,53854.82000000001,53859.32000000001,53852.82000000001,53858.82000000001,119
2026-08-13T20:40:00+00:00,53858.82000000001,53864.32000000001,53858.82000000001,53861.32000000001,156
2026-08-13T20:45:00+00:00,53861.32000000001,53868.82000000001,53860.82000000001,53865.82000000001,183
2026-08-13T20:50:00+00:00,53865.82000000001,53883.32000000001,53865.82000000001,53874.82000000001,297
2026-08-13T20:55:00+00:00,53874.82000000001,53882.32000000001,53868.82000000001,53878.07000000001,330
2026-08-13T22:00:00+00:00,53878.07000000001,53890.86,53872.86,53880.86,384
2026-08-13T22:05:00+00:00,53880.86,53885.86,53867.86,53873.86,259
2026-08-13T22:10:00+00:00,53873.86,53875.36,53857.86,53859.86,130
2026-08-13T22:15:00+00:00,53859.86,53871.36,53856.86,53870.86,115
2026-08-13T22:20:00+00:00,53870.86,53871.86,53859.86,53866.86,228
2026-08-13T22:25:00+00:00,53866.86,53871.36,53865.86,53867.86,108
2026-08-13T22:30:00+00:00,53867.86,53869.36,53864.36,53864.36,54
2026-08-13T22:35:00+00:00,53864.36,53866.36,53861.86,53863.36,40
2026-08-13T22:40:00+00:00,53863.36,53868.86,53861.36,53862.36,90
2026-08-13T22:45:00+00:00,53862.36,53864.36,53847.11,53862.36,94
2026-08-13T22:50:00+00:00,53862.36,53863.36,53860.36,53863.36,42.91603831261463
2026-08-13T22:55:00+00:00,53863.36,53863.36,53857.86,53861.36,58.542645340827306
2026-08-13T23:00:00+00:00,53861.36,53861.36,53858.350000000006,53858.350000000006,90.36288230414607
2026-08-13T23:05:00+00:00,53858.350000000006,53869.36,53858.350000000006,53868.36,31
2026-08-13T23:10:00+00:00,53868.36,53869.36,53865.86,53866.36,29.285063186244045
2026-08-13T23:15:00+00:00,53866.36,53868.86,53860.86,53868.36,71.96512352086361
2026-08-13T23:20:00+00:00,53868.36,53871.36,53866.36,53867.36,77.09763190693809
2026-08-13T23:25:00+00:00,53867.36,53873.36,53866.36,53869.36,69
2026-08-13T23:30:00+00:00,53869.36,53875.86,53866.86,53875.86,95
2026-08-13T23:35:00+00:00,53875.86,53876.86,53871.86,53873.36,53
2026-08-13T23:40:00+00:00,53873.36,53879.86,53869.86,53876.36,116
2026-08-13T23:45:00+00:00,53876.36,53881.36,53872.36,53875.36,261
2026-08-13T23:50:00+00:00,53875.36,53878.36,53871.86,53873.36,164
2026-08-13T23:55:00+00:00,53873.36,53876.36,53867.36,53867.86,116
2026-08-14T00:00:00+00:00,53867.86,53871.86,53862.36,53867.86,355
2026-08-14T00:05:00+00:00,53867.86,53874.36,53862.36,53864.36,199
2026-08-14T00:10:00+00:00,53864.36,53868.36,53861.86,53862.36,166
2026-08-14T00:15:00+00:00,53862.36,53877.86,53862.36,53876.86,235
2026-08-14T00:20:00+00:00,53876.86,53877.36,53867.86,53870.36,167
2026-08-14T00:25:00+00:00,53870.36,53870.36,53857.86,53857.86,125
2026-08-14T00:30:00+00:00,53857.86,53863.86,53854.86,53855.86,164
2026-08-14T00:35:00+00:00,53855.86,53859.36,53852.86,53855.86,82
2026-08-14T00:40:00+00:00,53855.86,53855.86,53842.86,53842.86,118
2026-08-14T00:45:00+00:00,53842.86,53850.36,53839.86,53849.36,160
2026-08-14T00:50:00+00:00,53849.36,53869.86,53848.86,53869.86,222
2026-08-14T00:55:00+00:00,53869.86,53880.36,53868.86,53876.86,181
2026-08-14T01:00:00+00:00,53876.86,53882.86,53874.36,53878.86,363
2026-08-14T01:05:00+00:00,53878.86,53884.86,53873.36,53882.36,218
2026-08-14T01:10:00+00:00,53882.36,53888.36,53872.36,53876.36,231
2026-08-14T01:15:00+00:00,53876.36,53880.36,53873.36,53873.86,193
2026-08-14T01:20:00+00:00,53873.86,53877.36,53869.86,53872.36,148
2026-08-14T01:25:00+00:00,53872.36,53879.36,53870.86,53879.36,129
2026-08-14T01:30:00+00:00,53879.36,53896.86,53876.86,53896.86,172
2026-08-14T01:35:00+00:00,53896.86,53905.86,53893.36,53902.86,148
2026-08-14T01:40:00+00:00,53902.86,53905.36,53893.36,53898.86,156
2026-08-14T01:45:00+00:00,53898.86,53901.36,53896.86,53900.86,80
2026-08-14T01:50:00+00:00,53900.86,53900.86,53892.86,53894.36,100
2026-08-14T01:55:00+00:00,53894.36,53903.36,53892.86,53901.86,107
2026-08-14T02:00:00+00:00,53901.86,53909.86,53900.86,53909.86,217
2026-08-14T02:05:00+00:00,53909.86,53910.86,53900.36,53902.86,104
2026-08-14T02:10:00+00:00,53902.86,53912.86,53902.86,53912.86,92
2026-08-14T02:15:00+00:00,53912.86,53914.86,53908.36,53909.86,90
2026-08-14T02:20:00+00:00,53909.86,53910.36,53905.86,53906.86,124
2026-08-14T02:25:00+00:00,53906.86,53907.86,53903.36,53905.36,105
2026-08-14T02:30:00+00:00,53905.36,53907.86,53899.36,53899.86,68
2026-08-14T02:35:00+00:00,53899.86,53899.86,53893.36,53893.86,112
2026-08-14T02:40:00+00:00,53893.86,53899.86,53892.36,53895.36,161
2026-08-14T02:45:00+00:00,53895.36,53899.36,53893.36,53895.36,131
2026-08-14T02:50:00+00:00,53895.36,53895.86,53891.36,53892.36,60
2026-08-14T02:55:00+00:00,53892.36,53892.36,53884.86,53889.86,103
2026-08-14T03:00:00+00:00,53889.86,53899.86,53887.36,53899.86,97
2026-08-14T03:05:00+00:00,53899.86,53903.36,53899.86,53900.86,58
2026-08-14T03:10:00+00:00,53900.86,53902.36,53896.36,53899.36,72
2026-08-14T03:15:00+00:00,53899.36,53905.86,53899.36,53904.86,82
2026-08-14T03:20:00+00:00,53904.86,53908.86,53900.36,53905.36,88
2026-08-14T03:25:00+00:00,53905.36,53905.86,53900.86,53904.86,65
2026-08-14T03:30:00+00:00,53904.86,53906.86,53902.86,53904.86,83
2026-08-14T03:35:00+00:00,53904.86,53904.86,53892.86,53894.36,81
2026-08-14T03:40:00+00:00,53894.36,53896.86,53892.86,53895.36,64
2026-08-14T03:45:00+00:00,53895.36,53896.36,53888.86,53890.36,63
2026-08-14T03:50:00+00:00,53890.36,53892.86,53888.36,53888.86,86
2026-08-14T03:55:00+00:00,53888.86,53888.86,53882.36,53884.86,75
2026-08-14T04:00:00+00:00,53884.86,53891.36,53883.36,53887.86,75
2026-08-14T04:05:00+00:00,53887.86,53890.86,53886.36,53889.86,78
2026-08-14T04:10:00+00:00,53889.86,53892.86,53889.36,53892.86,67
2026-08-14T04:15:00+00:00,53892.86,53892.86,53887.36,53887.86,79
2026-08-14T04:20:00+00:00,53887.86,53889.36,53885.86,53887.86,55.642981945253354
2026-08-14T04:25:00+00:00,53887.86,53890.86,53884.86,53886.86,92
2026-08-14T04:30:00+00:00,53886.86,53888.36,53879.86,53880.86,72
2026-08-14T04:35:00+00:00,53880.86,53886.36,53878.36,53885.86,126
2026-08-14T04:40:00+00:00,53885.86,53888.86,53880.86,53881.86,92
2026-08-14T04:45:00+00:00,53881.86,53886.86,53880.36,53884.36,111
2026-08-14T04:50:00+00:00,53884.36,53884.86,53882.36,53883.86,41
2026-08-14T04:55:00+00:00,53883.86,53885.86,53882.36,53882.86,48
2026-08-14T05:00:00+00:00,53882.86,53885.86,53877.86,53879.36,64
2026-08-14T05:05:00+00:00,53879.36,53880.86,53875.36,53879.86,144
2026-08-14T05:10:00+00:00,53879.86,53883.86,53876.36,53881.36,166
2026-08-14T05:15:00+00:00,53881.36,53881.86,53875.36,53876.86,96
2026-08-14T05:20:00+00:00,53876.86,53877.86,53871.86,53874.36,69
2026-08-14T05:25:00+00:00,53874.36,53877.86,53873.86,53876.86,103
2026-08-14T05:30:00+00:00,53876.86,53877.36,53871.86,53872.36,127
2026-08-14T05:35:00+00:00,53872.36,53873.86,53867.86,53868.36,92
2026-08-14T05:40:00+00:00,53868.36,53869.86,53864.36,53869.36,71.23559445660102
2026-08-14T05:45:00+00:00,53869.36,53871.36,53867.86,53870.36,57
2026-08-14T05:50:00+00:00,53870.36,53873.36,53868.86,53871.86,47
2026-08-14T05:55:00+00:00,53871.86,53871.86,53857.36,53857.86,92
2026-08-14T06:00:00+00:00,53857.86,53860.36,53848.36,53850.36,192
2026-08-14T06:05:00+00:00,53850.36,53855.86,53843.86,53847.36,169
2026-08-14T06:10:00+00:00,53847.36,53848.86,53840.86,53844.86,155
2026-08-14T06:15:00+00:00,53844.86,53846.36,53833.36,53833.36,130
2026-08-14T06:20:00+00:00,53833.36,53837.86,53832.86,53834.86,107
2026-08-14T06:25:00+00:00,53834.86,53837.36,53829.86,53832.36,135
2026-08-14T06:30:00+00:00,53832.36,53840.36,53832.36,53835.86,113
2026-08-14T06:35:00+00:00,53835.86,53835.86,53827.86,53829.36,110
2026-08-14T06:40:00+00:00,53829.36,53832.36,53824.36,53832.36,95
2026-08-14T06:45:00+00:00,53832.36,53832.86,53825.86,53826.86,124
2026-08-14T06:50:00+00:00,53826.86,53826.86,53814.86,53815.86,101
2026-08-14T06:55:00+00:00,53815.86,53822.86,53811.86,53813.86,132
2026-08-14T07:00:00+00:00,53813.86,53821.36,53791.36,53798.36,549
2026-08-14T07:05:00+00:00,53798.36,53801.86,53787.36,53796.86,289
2026-08-14T07:10:00+00:00,53796.86,53800.36,53764.86,53769.36,438
2026-08-14T07:15:00+00:00,53769.36,53781.86,53769.36,53774.36,333
2026-08-14T07:20:00+00:00,53774.36,53784.86,53770.36,53784.36,263
2026-08-14T07:25:00+00:00,53784.36,53784.36,53766.36,53774.36,234
2026-08-14T07:30:00+00:00,53774.36,53783.36,53771.36,53777.36,236
2026-08-14T07:35:00+00:00,53777.36,53780.36,53769.36,53779.86,212
2026-08-14T07:40:00+00:00,53779.86,53802.36,53777.36,53798.86,244
2026-08-14T07:45:00+00:00,53798.86,53806.86,53790.36,53805.86,268
2026-08-14T07:50:00+00:00,53805.86,53806.86,53795.36,53803.86,232
2026-08-14T07:55:00+00:00,53803.86,53811.86,53791.36,53792.86,275
2026-08-14T08:00:00+00:00,53792.86,53796.36,53783.36,53784.86,678
2026-08-14T08:05:00+00:00,53784.86,53786.86,53751.86,53760.36,603
2026-08-14T08:10:00+00:00,53760.36,53761.86,53743.86,53755.36,455
2026-08-14T08:15:00+00:00,53755.36,53760.86,53750.36,53752.86,297
2026-08-14T08:20:00+00:00,53752.86,53762.86,53739.86,53760.86,350
2026-08-14T08:25:00+00:00,53760.86,53783.36,53760.36,53776.36,450
2026-08-14T08:30:00+00:00,53776.36,53780.36,53764.36,53764.86,443
2026-08-14T08:35:00+00:00,53764.86,53782.86,53764.36,53774.86,299
2026-08-14T08:40:00+00:00,53774.86,53782.36,53772.36,53773.86,298
2026-08-14T08:45:00+00:00,53773.86,53788.86,53772.36,53780.36,203
2026-08-14T08:50:00+00:00,53780.36,53796.86,53776.36,53789.86,219
2026-08-14T08:55:00+00:00,53789.86,53792.86,53777.86,53778.86,197
2026-08-14T09:00:00+00:00,53778.86,53780.86,53764.36,53768.86,346
2026-08-14T09:05:00+00:00,53768.86,53785.86,53766.36,53785.86,243
2026-08-14T09:10:00+00:00,53785.86,53791.36,53776.86,53783.36,186
2026-08-14T09:15:00+00:00,53783.36,53787.36,53778.36,53779.86,224
2026-08-14T09:20:00+00:00,53779.86,53796.86,53779.86,53790.36,273
2026-08-14T09:25:00+00:00,53790.36,53792.36,53762.36,53770.86,303
2026-08-14T09:30:00+00:00,53770.86,53774.36,53760.36,53761.36,302
2026-08-14T09:35:00+00:00,53761.36,53761.36,53749.36,53750.36,227
2026-08-14T09:40:00+00:00,53750.36,53773.36,53750.36,53773.36,258
2026-08-14T09:45:00+00:00,53773.36,53784.86,53773.36,53781.36,278
2026-08-14T09:50:00+00:00,53781.36,53783.86,53774.86,53783.36,244
2026-08-14T09:55:00+00:00,53783.36,53787.36,53777.86,53787.36,323
2026-08-14T10:00:00+00:00,53787.36,53788.36,53777.36,53781.86,232
2026-08-14T10:05:00+00:00,53781.86,53792.36,53781.36,53787.86,204
2026-08-14T10:10:00+00:00,53787.86,53795.86,53783.36,53788.36,230
2026-08-14T10:15:00+00:00,53788.36,53801.36,53784.86,53801.36,227
2026-08-14T10:20:00+00:00,53801.36,53803.86,53789.36,53796.36,170
2026-08-14T10:25:00+00:00,53796.36,53799.36,53783.86,53787.86,157
2026-08-14T10:30:00+00:00,53787.86,53791.36,53783.86,53784.86,212
2026-08-14T10:35:00+00:00,53784.86,53789.86,53778.86,53786.86,236
2026-08-14T10:40:00+00:00,53786.86,53789.36,53770.36,53774.86,245
2026-08-14T10:45:00+00:00,53774.86,53774.86,53761.36,53768.36,173
2026-08-14T10:50:00+00:00,53768.36,53777.86,53767.36,53768.36,246
2026-08-14T10:55:00+00:00,53768.36,53774.86,53760.36,53774.86,368
2026-08-14T11:00:00+00:00,53774.86,53776.36,53739.36,53746.36,514
2026-08-14T11:05:00+00:00,53746.36,53746.86,53722.36,53738.86,425
2026-08-14T11:10:00+00:00,53738.86,53739.36,53716.86,53721.36,348
2026-08-14T11:15:00+00:00,53721.36,53736.36,53714.36,53734.36,321
2026-08-14T11:20:00+00:00,53734.36,53751.36,53733.86,53748.36,268
2026-08-14T11:25:00+00:00,53748.36,53752.36,53735.86,53745.36,191
2026-08-14T11:30:00+00:00,53745.36,53766.36,53745.36,53764.36,244
2026-08-14T11:35:00+00:00,53764.36,53781.86,53758.36,53778.36,464
2026-08-14T11:40:00+00:00,53778.36,53792.36,53778.36,53791.86,295
2026-08-14T11:45:00+00:00,53791.86,53791.86,53778.86,53782.36,265
2026-08-14T11:50:00+00:00,53782.36,53784.36,53771.36,53772.86,270
2026-08-14T11:55:00+00:00,53772.86,53772.86,53757.36,53763.36,242
2026-08-14T12:00:00+00:00,53763.36,53766.36,53745.86,53751.36,493
2026-08-14T12:05:00+00:00,53751.36,53761.36,53746.36,53751.36,338
2026-08-14T12:10:00+00:00,53751.36,53759.36,53708.86,53759.36,981
2026-08-14T12:15:00+00:00,53759.36,53768.86,53747.36,53758.36,699
2026-08-14T12:20:00+00:00,53758.36,53771.86,53754.36,53755.86,439
2026-08-14T12:25:00+00:00,53755.86,53779.36,53754.36,53772.11,612
2026-08-14T12:30:00+00:00,53772.11,53789.36,53764.36,53775.36,971
2026-08-14T12:35:00+00:00,53775.36,53778.86,53762.36,53763.36,631
2026-08-14T12:40:00+00:00,53763.36,53768.36,53753.36,53762.36,515
2026-08-14T12:45:00+00:00,53762.36,53788.36,53760.36,53784.86,555
2026-08-14T12:50:00+00:00,53784.86,53788.86,53780.36,53785.36,274
2026-08-14T12:55:00+00:00,53785.36,53793.36,53781.36,53781.36,253
2026-08-14T13:00:00+00:00,53781.36,53787.86,53746.36,53752.36,768
2026-08-14T13:05:00+00:00,53752.36,53757.36,53727.86,53746.86,558
2026-08-14T13:10:00+00:00,53746.86,53748.86,53718.86,53720.86,469
2026-08-14T13:15:00+00:00,53720.86,53755.86,53720.36,53745.86,952
2026-08-14T13:20:00+00:00,53745.86,53770.86,53744.86,53761.36,526
2026-08-14T13:25:00+00:00,53761.36,53798.36,53758.86,53778.86,1265
2026-08-14T13:30:00+00:00,53778.86,53816.71000000001,53673.21000000001,53811.71000000001,11016
2026-08-14T13:35:00+00:00,53811.71000000001,53840.21000000001,53768.21000000001,53771.71000000001,7727
2026-08-14T13:40:00+00:00,53771.71000000001,53814.71000000001,53738.21000000001,53797.71000000001,5994
2026-08-14T13:45:00+00:00,53797.71000000001,53845.21000000001,53785.71000000001,53813.21000000001,5834
2026-08-14T13:50:00+00:00,53813.21000000001,53872.71000000001,53803.21000000001,53863.21000000001,4466
2026-08-14T13:55:00+00:00,53863.21000000001,53863.71000000001,53815.21000000001,53845.71000000001,3179
2026-08-14T14:00:00+00:00,53845.71000000001,53858.71000000001,53794.21000000001,53813.71000000001,3039
2026-08-14T14:05:00+00:00,53813.71000000001,53829.21000000001,53776.21000000001,53796.71000000001,3104
2026-08-14T14:10:00+00:00,53796.71000000001,53823.21000000001,53785.71000000001,53801.21000000001,2966
2026-08-14T14:15:00+00:00,53801.21000000001,53845.21000000001,53786.71000000001,53821.21000000001,3667
2026-08-14T14:20:00+00:00,53821.21000000001,53826.21000000001,53786.71000000001,53812.21000000001,3116
2026-08-14T14:25:00+00:00,53812.21000000001,53814.21000000001,53785.21000000001,53805.21000000001,2790
2026-08-14T14:30:00+00:00,53805.21000000001,53811.21000000001,53752.11,53756.21000000001,2858
2026-08-14T14:35:00+00:00,53756.21000000001,53775.21000000001,53733.21000000001,53764.21000000001,2445
2026-08-14T14:40:00+00:00,53764.21000000001,53766.21000000001,53729.71000000001,53738.21000000001,2187
2026-08-14T14:45:00+00:00,53738.21000000001,53764.71000000001,53735.71000000001,53754.21000000001,2213
2026-08-14T14:50:00+00:00,53754.21000000001,53755.71000000001,53722.71000000001,53728.21000000001,1847
2026-08-14T14:55:00+00:00,53728.21000000001,53745.71000000001,53715.21000000001,53733.21000000001,1733
2026-08-14T15:00:00+00:00,53733.21000000001,53776.71000000001,53729.21000000001,53760.21000000001,1965
2026-08-14T15:05:00+00:00,53760.21000000001,53770.71000000001,53733.21000000001,53746.21000000001,1772
2026-08-14T15:10:00+00:00,53746.21000000001,53753.21000000001,53727.21000000001,53730.21000000001,1612
2026-08-14T15:15:00+00:00,53730.21000000001,53746.71000000001,53725.21000000001,53731.21000000001,1570
2026-08-14T15:20:00+00:00,53731.21000000001,53738.21000000001,53718.71000000001,53729.21000000001,1840
2026-08-14T15:25:00+00:00,53729.21000000001,53737.21000000001,53708.21000000001,53721.21000000001,1936
2026-08-14T15:30:00+00:00,53721.21000000001,53744.21000000001,53715.21000000001,53729.21000000001,1687
2026-08-14T15:35:00+00:00,53729.21000000001,53738.21000000001,53711.21000000001,53724.21000000001,1571
2026-08-14T15:40:00+00:00,53724.21000000001,53725.21000000001,53691.71000000001,53707.21000000001,1558
2026-08-14T15:45:00+00:00,53707.21000000001,53718.21000000001,53685.71000000001,53689.21000000001,1212
2026-08-14T15:50:00+00:00,53689.21000000001,53693.21000000001,53674.71000000001,53678.71000000001,1466
2026-08-14T15:55:00+00:00,53678.71000000001,53691.21000000001,53672.21000000001,53678.21000000001,1127
2026-08-14T16:00:00+00:00,53678.21000000001,53700.71000000001,53678.21000000001,53691.21000000001,1337
2026-08-14T16:05:00+00:00,53691.21000000001,53709.21000000001,53687.21000000001,53692.71000000001,1168
2026-08-14T16:10:00+00:00,53692.71000000001,53722.21000000001,53680.71000000001,53721.21000000001,1141
2026-08-14T16:15:00+00:00,53721.21000000001,53733.21000000001,53712.71000000001,53714.21000000001,1164
2026-08-14T16:20:00+00:00,53714.21000000001,53724.71000000001,53705.21000000001,53716.21000000001,884
2026-08-14T16:25:00+00:00,53716.21000000001,53718.71000000001,53703.71000000001,53711.21000000001,721
2026-08-14T16:30:00+00:00,53711.21000000001,53726.21000000001,53701.71000000001,53722.21000000001,1243
2026-08-14T16:35:00+00:00,53722.21000000001,53734.71000000001,53713.21000000001,53731.21000000001,919
2026-08-14T16:40:00+00:00,53731.21000000001,53737.71000000001,53718.21000000001,53719.21000000001,1021
2026-08-14T16:45:00+00:00,53719.21000000001,53721.71000000001,53703.71000000001,53708.21000000001,853
2026-08-14T16:50:00+00:00,53708.21000000001,53708.21000000001,53682.21000000001,53693.21000000001,981
2026-08-14T16:55:00+00:00,53693.21000000001,53696.21000000001,53660.71000000001,53669.21000000001,884
2026-08-14T17:00:00+00:00,53669.21000000001,53689.21000000001,53668.21000000001,53683.21000000001,1148
2026-08-14T17:05:00+00:00,53683.21000000001,53695.21000000001,53681.21000000001,53695.21000000001,1028
2026-08-14T17:10:00+00:00,53695.21000000001,53713.21000000001,53690.71000000001,53712.21000000001,1129
2026-08-14T17:15:00+00:00,53712.21000000001,53715.71000000001,53697.71000000001,53709.21000000001,835
2026-08-14T17:20:00+00:00,53709.21000000001,53725.21000000001,53706.21000000001,53716.21000000001,773
2026-08-14T17:25:00+00:00,53716.21000000001,53718.21000000001,53706.21000000001,53716.71000000001,812
2026-08-14T17:30:00+00:00,53716.71000000001,53728.71000000001,53710.21000000001,53712.21000000001,1050
2026-08-14T17:35:00+00:00,53712.21000000001,53712.21000000001,53681.71000000001,53687.21000000001,989
2026-08-14T17:40:00+00:00,53687.21000000001,53695.21000000001,53679.21000000001,53690.21000000001,781
2026-08-14T17:45:00+00:00,53690.21000000001,53699.61000000001,53682.21000000001,53697.61000000001,696.4271768499957
2026-08-14T17:50:00+00:00,53697.61000000001,53707.61000000001,53690.61000000001,53707.61000000001,700
2026-08-14T17:55:00+00:00,53707.61000000001,53722.61000000001,53703.61000000001,53718.11000000001,764
2026-08-14T18:00:00+00:00,53718.11000000001,53741.11000000001,53708.61000000001,53728.61000000001,951
2026-08-14T18:05:00+00:00,53728.61000000001,53742.61000000001,53723.11000000001,53738.61000000001,871
2026-08-14T18:10:00+00:00,53738.61000000001,53761.11000000001,53736.61000000001,53754.11000000001,829
2026-08-14T18:15:00+00:00,53754.11000000001,53766.61000000001,53751.61000000001,53757.11000000001,643
2026-08-14T18:20:00+00:00,53757.11000000001,53766.61000000001,53746.61000000001,53761.61000000001,826
2026-08-14T18:25:00+00:00,53761.61000000001,53770.11000000001,53754.11000000001,53760.61000000001,967
2026-08-14T18:30:00+00:00,53760.61000000001,53775.61000000001,53754.61000000001,53760.61000000001,971
2026-08-14T18:35:00+00:00,53760.61000000001,53769.11000000001,53754.61000000001,53766.61000000001,675
2026-08-14T18:40:00+00:00,53766.61000000001,53772.61000000001,53759.61000000001,53765.61000000001,858
2026-08-14T18:45:00+00:00,53765.61000000001,53788.11000000001,53761.11000000001,53788.11000000001,690
2026-08-14T18:50:00+00:00,53788.11000000001,53803.11000000001,53787.61000000001,53794.61000000001,833
2026-08-14T18:55:00+00:00,53794.61000000001,53794.61000000001,53780.61000000001,53783.61000000001,713
2026-08-14T19:00:00+00:00,53783.61000000001,53786.61000000001,53751.11000000001,53754.61000000001,851
2026-08-14T19:05:00+00:00,53754.61000000001,53759.61000000001,53745.11000000001,53755.61000000001,702
2026-08-14T19:10:00+00:00,53755.61000000001,53771.11000000001,53747.61000000001,53762.61000000001,737
2026-08-14T19:15:00+00:00,53762.61000000001,53770.61000000001,53750.11000000001,53757.11000000001,859
2026-08-14T19:20:00+00:00,53757.11000000001,53765.11000000001,53748.61000000001,53764.61000000001,792
2026-08-14T19:25:00+00:00,53764.61000000001,53773.61000000001,53751.61000000001,53753.61000000001,891
2026-08-14T19:30:00+00:00,53753.61000000001,53767.61000000001,53746.61000000001,53759.61000000001,1005
2026-08-14T19:35:00+00:00,53759.61000000001,53764.61000000001,53738.11000000001,53747.61000000001,1016
2026-08-14T19:40:00+00:00,53747.61000000001,53758.11000000001,53740.61000000001,53741.61000000001,961
2026-08-14T19:45:00+00:00,53741.61000000001,53751.61000000001,53728.61000000001,53737.61000000001,1077
2026-08-14T19:50:00+00:00,53737.61000000001,53741.61000000001,53712.11000000001,53718.11000000001,1930
2026-08-14T19:55:00+00:00,53718.11000000001,53734.11000000001,53695.61000000001,53731.61000000001,2358
2026-08-14T20:00:00+00:00,53731.61000000001,53732.26,53698.76,53701.26,991
2026-08-14T20:05:00+00:00,53701.26,53703.76,53693.76,53701.26,279
2026-08-14T20:10:00+00:00,53701.26,53709.26,53691.76,53697.26,376
2026-08-14T20:15:00+00:00,53697.26,53714.7,53697.26,53706.7,204
2026-08-14T20:20:00+00:00,53706.7,53708.2,53704.2,53707.7,80
2026-08-14T20:25:00+00:00,53707.7,53711.2,53705.2,53708.7,143
2026-08-14T20:30:00+00:00,53708.7,53723.7,53704.2,53722.7,243
2026-08-14T20:35:00+00:00,53722.7,53724.7,53720.7,53721.7,142
2026-08-14T20:40:00+00:00,53721.7,53723.7,53715.2,53716.7,96
2026-08-16T22:00:00+00:00,53716.7,53758.43,53716.7,53754.43,542
2026-08-16T22:05:00+00:00,53754.43,53764.93,53747.93,53763.43,315
2026-08-16T22:10:00+00:00,53763.43,53770.43,53761.93,53768.93,183
2026-08-16T22:15:00+00:00,53768.93,53773.93,53763.43,53772.43,142
2026-08-16T22:20:00+00:00,53772.43,53776.43,53766.43,53772.43,145
2026-08-16T22:25:00+00:00,53772.43,53773.93,53770.43,53772.43,64
2026-08-16T22:30:00+00:00,53772.43,53773.43,53763.93,53769.43,230
2026-08-16T22:35:00+00:00,53769.43,53772.43,53764.93,53769.43,79
2026-08-16T22:40:00+00:00,53769.43,53777.43,53767.93,53768.93,183
2026-08-16T22:45:00+00:00,53768.93,53772.93,53764.93,53771.43,217
2026-08-16T22:50:00+00:00,53771.43,53772.43,53765.93,53766.43,133
2026-08-16T22:55:00+00:00,53766.43,53767.93,53759.93,53765.43,155
2026-08-16T23:00:00+00:00,53765.43,53766.43,53757.43,53758.93,227
2026-08-16T23:05:00+00:00,53758.93,53761.43,53757.93,53759.43,55.52893865320927
2026-08-16T23:10:00+00:00,53759.43,53764.93,53759.43,53759.43,85
2026-08-16T23:15:00+00:00,53759.43,53761.43,53758.43,53761.43,35
2026-08-16T23:20:00+00:00,53761.43,53766.43,53760.93,53765.43,90
2026-08-16T23:25:00+00:00,53765.43,53765.93,53759.43,53760.93,52
2026-08-16T23:30:00+00:00,53760.93,53762.43,53753.43,53754.93,109
2026-08-16T23:35:00+00:00,53754.93,53763.43,53754.93,53763.43,82
2026-08-16T23:40:00+00:00,53763.43,53766.43,53761.93,53764.93,54
2026-08-16T23:45:00+00:00,53764.93,53771.43,53762.43,53770.43,202
2026-08-16T23:50:00+00:00,53770.43,53772.93,53761.93,53762.43,163
2026-08-16T23:55:00+00:00,53762.43,53764.43,53759.93,53759.93,93
2026-08-17T00:00:00+00:00,53759.93,53771.93,53757.93,53764.93,366
2026-08-17T00:05:00+00:00,53764.93,53764.93,53746.93,53748.43,193
2026-08-17T00:10:00+00:00,53748.43,53756.93,53745.93,53754.43,147
2026-08-17T00:15:00+00:00,53754.43,53760.93,53735.43,53735.43,379
2026-08-17T00:20:00+00:00,53735.43,53736.43,53725.93,53731.43,191
2026-08-17T00:25:00+00:00,53731.43,53735.93,53725.43,53729.93,176
2026-08-17T00:30:00+00:00,53729.93,53729.93,53717.93,53719.43,188
2026-08-17T00:35:00+00:00,53719.43,53721.93,53715.93,53718.43,149
2026-08-17T00:40:00+00:00,53718.43,53730.43,53718.43,53723.93,189
2026-08-17T00:45:00+00:00,53723.93,53729.43,53723.93,53727.43,137
2026-08-17T00:50:00+00:00,53727.43,53730.43,53724.43,53726.43,201
2026-08-17T00:55:00+00:00,53726.43,53731.43,53724.43,53730.43,204
2026-08-17T01:00:00+00:00,53730.43,53733.93,53716.93,53719.43,350
2026-08-17T01:05:00+00:00,53719.43,53720.43,53707.43,53709.93,277
2026-08-17T01:10:00+00:00,53709.93,53712.43,53704.93,53705.43,252
2026-08-17T01:15:00+00:00,53705.43,53716.43,53702.43,53716.43,262
2026-08-17T01:20:00+00:00,53716.43,53718.43,53711.43,53712.43,233
2026-08-17T01:25:00+00:00,53712.43,53716.93,53711.43,53712.93,255
2026-08-17T01:30:00+00:00,53712.93,53715.43,53695.43,53696.43,238
2026-08-17T01:35:00+00:00,53696.43,53709.43,53696.43,53709.43,214
2026-08-17T01:40:00+00:00,53709.43,53709.43,53685.43,53690.43,259
2026-08-17T01:45:00+00:00,53690.43,53691.43,53682.93,53684.43,151
2026-08-17T01:50:00+00:00,53684.43,53684.93,53674.43,53676.43,270
2026-08-17T01:55:00+00:00,53676.43,53679.43,53675.43,53677.93,75
2026-08-17T02:00:00+00:00,53677.93,53683.43,53671.93,53675.43,200
2026-08-17T02:05:00+00:00,53675.43,53677.43,53667.43,53672.43,188
2026-08-17T02:10:00+00:00,53672.43,53672.43,53665.43,53670.43,137
2026-08-17T02:15:00+00:00,53670.43,53675.93,53668.43,53674.93,86
2026-08-17T02:20:00+00:00,53674.93,53679.93,53671.43,53677.43,158
2026-08-17T02:25:00+00:00,53677.43,53680.93,53674.43,53675.93,156
2026-08-17T02:30:00+00:00,53675.93,53676.43,53669.93,53671.43,168
2026-08-17T02:35:00+00:00,53671.43,53672.43,53668.93,53670.93,106
2026-08-17T02:40:00+00:00,53670.93,53675.43,53668.43,53672.43,126
2026-08-17T02:45:00+00:00,53672.43,53674.43,53667.93,53671.43,115
2026-08-17T02:50:00+00:00,53671.43,53674.43,53664.43,53667.43,141
2026-08-17T02:55:00+00:00,53667.43,53670.43,53664.43,53665.93,107
2026-08-17T03:00:00+00:00,53665.93,53671.43,53664.43,53667.93,136
2026-08-17T03:05:00+00:00,53667.93,53674.43,53666.43,53672.93,113
2026-08-17T03:10:00+00:00,53672.93,53672.93,53665.43,53670.43,118
2026-08-17T03:15:00+00:00,53670.43,53673.93,53667.43,53671.93,122
2026-08-17T03:20:00+00:00,53671.93,53675.43,53671.93,53674.93,110
2026-08-17T03:25:00+00:00,53674.93,53683.43,53674.93,53681.43,131
2026-08-17T03:30:00+00:00,53681.43,53681.43,53674.43,53679.43,111
2026-08-17T03:35:00+00:00,53679.43,53686.43,53678.93,53686.43,102
2026-08-17T03:40:00+00:00,53686.43,53689.43,53684.93,53684.93,108
2026-08-17T03:45:00+00:00,53684.93,53691.93,53684.93,53689.43,98
2026-08-17T03:50:00+00:00,53689.43,53691.43,53687.43,53689.43,107
2026-08-17T03:55:00+00:00,53689.43,53692.43,53683.93,53692.43,135
2026-08-17T04:00:00+00:00,53692.43,53699.43,53690.43,53693.93,216
2026-08-17T04:05:00+00:00,53693.93,53697.43,53689.43,53689.93,90
2026-08-17T04:10:00+00:00,53689.93,53693.43,53688.43,53690.43,89
2026-08-17T04:15:00+00:00,53690.43,53691.43,53682.43,53690.43,91
2026-08-17T04:20:00+00:00,53690.43,53695.93,53690.43,53694.43,90
2026-08-17T04:25:00+00:00,53694.43,53694.43,53688.43,53689.43,99
2026-08-17T04:30:00+00:00,53689.43,53692.43,53684.43,53692.43,100
2026-08-17T04:35:00+00:00,53692.43,53694.43,53690.43,53692.93,90
2026-08-17T04:40:00+00:00,53692.93,53701.93,53692.93,53701.43,81
2026-08-17T04:45:00+00:00,53701.43,53701.93,53696.93,53696.93,51
2026-08-17T04:50:00+00:00,53696.93,53697.93,53692.93,53692.93,149
2026-08-17T04:55:00+00:00,53692.93,53697.43,53692.93,53694.93,89
2026-08-17T05:00:00+00:00,53694.93,53700.43,53693.43,53696.93,130
2026-08-17T05:05:00+00:00,53696.93,53701.43,53696.93,53700.43,126.5661971830986
2026-08-17T05:10:00+00:00,53700.43,53700.93,53695.43,53698.43,111
2026-08-17T05:15:00+00:00,53698.43,53698.43,53692.43,53692.43,70
2026-08-17T05:20:00+00:00,53692.43,53693.43,53688.93,53691.43,62
2026-08-17T05:25:00+00:00,53691.43,53694.93,53688.43,53694.43,87
2026-08-17T05:30:00+00:00,53694.43,53709.43,53693.43,53708.93,197
2026-08-17T05:35:00+00:00,53708.93,53710.93,53702.93,53705.43,116
2026-08-17T05:40:00+00:00,53705.43,53707.93,53703.93,53706.43,97
2026-08-17T05:45:00+00:00,53706.43,53715.43,53706.43,53715.43,70
2026-08-17T05:50:00+00:00,53715.43,53716.43,53706.93,53707.43,104
2026-08-17T05:55:00+00:00,53707.43,53715.43,53707.43,53715.43,77
2026-08-17T06:00:00+00:00,53715.43,53726.93,53711.43,53726.93,290
2026-08-17T06:05:00+00:00,53726.93,53730.43,53720.93,53723.93,155
2026-08-17T06:10:00+00:00,53723.93,53733.93,53721.43,53728.93,178
2026-08-17T06:15:00+00:00,53728.93,53729.43,53718.93,53721.43,202
2026-08-17T06:20:00+00:00,53721.43,53724.93,53717.93,53720.93,164
2026-08-17T06:25:00+00:00,53720.93,53730.43,53719.93,53727.93,168
2026-08-17T06:30:00+00:00,53727.93,53728.43,53719.93,53721.43,222
2026-08-17T06:35:00+00:00,53721.43,53726.93,53704.43,53704.93,245
2026-08-17T06:40:00+00:00,53704.93,53707.43,53701.43,53703.43,154
2026-08-17T06:45:00+00:00,53703.43,53710.43,53697.93,53703.93,172
2026-08-17T06:50:00+00:00,53703.93,53711.43,53701.93,53708.43,155
2026-08-17T06:55:00+00:00,53708.43,53722.43,53706.43,53718.93,276
2026-08-17T07:00:00+00:00,53718.93,53726.43,53709.43,53715.43,626
2026-08-17T07:05:00+00:00,53715.43,53727.93,53715.43,53724.43,354
2026-08-17T07:10:00+00:00,53724.43,53728.43,53698.93,53700.93,287
2026-08-17T07:15:00+00:00,53700.93,53702.93,53686.43,53691.43,385
2026-08-17T07:20:00+00:00,53691.43,53695.93,53677.93,53680.43,282
2026-08-17T07:25:00+00:00,53680.43,53710.43,53670.43,53709.43,376
2026-08-17T07:30:00+00:00,53709.43,53709.43,53687.43,53695.93,397
2026-08-17T07:35:00+00:00,53695.93,53718.43,53695.93,53708.43,349
2026-08-17T07:40:00+00:00,53708.43,53712.43,53705.43,53708.43,185
2026-08-17T07:45:00+00:00,53708.43,53719.43,53707.43,53719.43,193
2026-08-17T07:50:00+00:00,53719.43,53724.43,53700.43,53700.93,286
2026-08-17T07:55:00+00:00,53700.93,53710.43,53700.43,53710.43,265
2026-08-17T08:00:00+00:00,53710.43,53717.93,53665.43,53665.43,478
2026-08-17T08:05:00+00:00,53665.43,53677.93,53660.93,53666.43,448
2026-08-17T08:10:00+00:00,53666.43,53671.43,53654.93,53667.43,447
2026-08-17T08:15:00+00:00,53667.43,53670.43,53645.93,53647.43,416
2026-08-17T08:20:00+00:00,53647.43,53651.93,53639.43,53642.43,324
2026-08-17T08:25:00+00:00,53642.43,53644.93,53634.93,53639.93,304
2026-08-17T08:30:00+00:00,53639.93,53665.93,53639.93,53652.43,447
2026-08-17T08:35:00+00:00,53652.43,53657.93,53647.43,53657.43,356
2026-08-17T08:40:00+00:00,53657.43,53660.43,53640.43,53650.43,397
2026-08-17T08:45:00+00:00,53650.43,53655.43,53642.43,53646.43,299
2026-08-17T08:50:00+00:00,53646.43,53651.93,53634.93,53649.43,289
2026-08-17T08:55:00+00:00,53649.43,53666.93,53649.43,53666.93,297
2026-08-17T09:00:00+00:00,53666.93,53669.93,53654.43,53668.43,494
2026-08-17T09:05:00+00:00,53668.43,53678.43,53661.43,53677.43,317
2026-08-17T09:10:00+00:00,53677.43,53682.93,53669.43,53678.43,296
2026-08-17T09:15:00+00:00,53678.43,53693.93,53676.93,53686.43,262
2026-08-17T09:20:00+00:00,53686.43,53696.43,53684.43,53695.93,239
2026-08-17T09:25:00+00:00,53695.93,53700.43,53683.43,53683.93,212
2026-08-17T09:30:00+00:00,53683.93,53689.93,53673.93,53677.43,345
2026-08-17T09:35:00+00:00,53677.43,53686.43,53670.43,53672.43,270
2026-08-17T09:40:00+00:00,53672.43,53680.43,53671.93,53680.43,137
2026-08-17T09:45:00+00:00,53680.43,53689.43,53670.93,53672.43,186
2026-08-17T09:50:00+00:00,53672.43,53672.93,53657.43,53657.43,290
2026-08-17T09:55:00+00:00,53657.43,53665.43,53651.93,53663.43,211
2026-08-17T10:00:00+00:00,53663.43,53674.93,53663.43,53666.43,161
2026-08-17T10:05:00+00:00,53666.43,53680.43,53663.93,53674.43,243
2026-08-17T10:10:00+00:00,53674.43,53684.43,53670.43,53683.43,184
2026-08-17T10:15:00+00:00,53683.43,53696.93,53681.93,53682.93,276
2026-08-17T10:20:00+00:00,53682.93,53685.93,53663.93,53668.43,322
2026-08-17T10:25:00+00:00,53668.43,53752.43,53647.43,53746.43,1468
2026-08-17T10:30:00+00:00,53746.43,53752.93,53684.93,53686.93,2641
2026-08-17T10:35:00+00:00,53686.93,53690.93,53677.43,53685.93,745
2026-08-17T10:40:00+00:00,53685.93,53698.93,53685.93,53692.43,456
2026-08-17T10:45:00+00:00,53692.43,53696.43,53688.43,53689.43,269
2026-08-17T10:50:00+00:00,53689.43,53695.43,53683.93,53687.93,457
2026-08-17T10:55:00+00:00,53687.93,53689.43,53674.93,53675.43,392
2026-08-17T11:00:00+00:00,53675.43,53681.43,53666.43,53674.93,612
2026-08-17T11:05:00+00:00,53674.93,53680.93,53657.93,53676.43,375
2026-08-17T11:10:00+00:00,53676.43,53680.43,53668.93,53674.43,514
2026-08-17T11:15:00+00:00,53674.43,53674.93,53646.93,53646.93,365
2026-08-17T11:20:00+00:00,53646.93,53667.43,53646.93,53666.43,440
2026-08-17T11:25:00+00:00,53666.43,53667.43,53657.43,53659.43,340
2026-08-17T11:30:00+00:00,53659.43,53670.43,53658.43,53660.43,400
2026-08-17T11:35:00+00:00,53660.43,53666.93,53659.43,53662.43,315
2026-08-17T11:40:00+00:00,53662.43,53663.43,53648.93,53654.43,397
2026-08-17T11:45:00+00:00,53654.43,53655.43,53632.93,53635.43,425
2026-08-17T11:50:00+00:00,53635.43,53641.43,53626.93,53633.93,506
2026-08-17T11:55:00+00:00,53633.93,53637.43,53628.43,53635.93,334
2026-08-17T12:00:00+00:00,53635.93,53641.43,53617.43,53617.93,567
2026-08-17T12:05:00+00:00,53617.93,53632.93,53616.43,53627.43,395
2026-08-17T12:10:00+00:00,53627.43,53633.43,53617.43,53627.43,421
2026-08-17T12:15:00+00:00,53627.43,53636.43,53627.43,53630.43,418
2026-08-17T12:20:00+00:00,53630.43,53633.43,53605.93,53609.43,556
2026-08-17T12:25:00+00:00,53609.43,53620.43,53548.93,53560.18,2742
2026-08-17T12:30:00+00:00,53560.18,53583.93,53558.43,53581.43,981
2026-08-17T12:35:00+00:00,53581.43,53583.43,53561.43,53563.43,923
2026-08-17T12:40:00+00:00,53563.43,53576.93,53562.43,53576.93,889
2026-08-17T12:45:00+00:00,53576.93,53580.43,53556.93,53557.43,631
2026-08-17T12:50:00+00:00,53557.43,53567.93,53557.43,53559.43,660
2026-08-17T12:55:00+00:00,53559.43,53572.93,53554.43,53567.93,442
2026-08-17T13:00:00+00:00,53567.93,53570.93,53545.43,53546.43,886
2026-08-17T13:05:00+00:00,53546.43,53550.43,53529.93,53545.43,785
2026-08-17T13:10:00+00:00,53545.43,53555.43,53539.93,53551.93,606
2026-08-17T13:15:00+00:00,53551.93,53575.93,53545.43,53574.43,655
2026-08-17T13:20:00+00:00,53574.43,53576.93,53565.43,53575.93,439
2026-08-17T13:25:00+00:00,53575.93,53576.43,53510.93,53515.93,952
2026-08-17T13:30:00+00:00,53515.93,53625.78,53515.93,53566.28,7747
2026-08-17T13:35:00+00:00,53566.28,53596.28,53519.28,53580.78,7009
2026-08-17T13:40:00+00:00,53580.78,53623.28,53543.28,53601.28,5924
2026-08-17T13:45:00+00:00,53601.28,53663.28,53584.78,53655.28,5424
2026-08-17T13:50:00+00:00,53655.28,53658.28,53572.28,53575.28,4552
2026-08-17T13:55:00+00:00,53575.28,53586.28,53556.28,53571.78,3541
2026-08-17T14:00:00+00:00,53571.78,53633.28,53549.78,53616.28,4294
2026-08-17T14:05:00+00:00,53616.28,53661.28,53603.28,53654.78,3496
2026-08-17T14:10:00+00:00,53654.78,53662.28,53609.28,53614.78,2837
2026-08-17T14:15:00+00:00,53614.78,53620.28,53575.28,53602.28,2713
2026-08-17T14:20:00+00:00,53602.28,53611.28,53570.78,53601.28,2745
2026-08-17T14:25:00+00:00,53601.28,53607.28,53564.78,53577.28,2463
2026-08-17T14:30:00+00:00,53577.28,53596.28,53566.28,53588.78,2114
2026-08-17T14:35:00+00:00,53588.78,53589.28,53501.28,53523.78,2579
2026-08-17T14:40:00+00:00,53523.78,53540.28,53505.28,53516.28,2524
2026-08-17T14:45:00+00:00,53516.28,53549.28,53503.28,53544.28,2170
2026-08-17T14:50:00+00:00,53544.28,53554.28,53520.28,53520.28,2290
2026-08-17T14:55:00+00:00,53520.28,53529.28,53508.28,53521.28,1714
2026-08-17T15:00:00+00:00,53521.28,53542.28,53508.28,53530.28,2357
2026-08-17T15:05:00+00:00,53530.28,53539.78,53501.28,53538.78,2117
2026-08-17T15:10:00+00:00,53538.78,53566.28,53538.78,53541.28,1818
2026-08-17T15:15:00+00:00,53541.28,53578.28,53535.28,53566.28,1691
2026-08-17T15:20:00+00:00,53566.28,53590.28,53563.78,53571.28,1720
2026-08-17T15:25:00+00:00,53571.28,53577.28,53560.28,53568.78,1460
2026-08-17T15:30:00+00:00,53568.78,53576.28,53524.28,53529.28,1783
2026-08-17T15:35:00+00:00,53529.28,53543.28,53522.28,53539.78,1594
2026-08-17T15:40:00+00:00,53539.78,53541.28,53513.28,53528.28,1786
2026-08-17T15:45:00+00:00,53528.28,53534.28,53519.28,53527.28,1089
2026-08-17T15:50:00+00:00,53527.28,53543.28,53517.28,53543.28,1080
2026-08-17T15:55:00+00:00,53543.28,53547.78,53522.78,53528.28,1012
2026-08-17T16:00:00+00:00,53528.28,53557.28,53525.78,53555.78,1270
2026-08-17T16:05:00+00:00,53555.78,53572.28,53545.28,53559.28,1332
2026-08-17T16:10:00+00:00,53559.28,53604.28,53558.28,53597.28,1247
2026-08-17T16:15:00+00:00,53597.28,53614.28,53596.28,53596.28,1138
2026-08-17T16:20:00+00:00,53596.28,53628.28,53595.28,53618.28,1066
2026-08-17T16:25:00+00:00,53618.28,53619.28,53594.28,53599.28,849
2026-08-17T16:30:00+00:00,53599.28,53606.28,53566.28,53566.28,1195
2026-08-17T16:35:00+00:00,53566.28,53584.28,53566.28,53583.78,752
2026-08-17T16:40:00+00:00,53583.78,53589.28,53559.78,53562.28,724
2026-08-17T16:45:00+00:00,53562.28,53571.28,53543.28,53547.28,997
2026-08-17T16:50:00+00:00,53547.28,53553.28,53523.28,53529.28,996
2026-08-17T16:55:00+00:00,53529.28,53534.28,53515.28,53519.28,1015
2026-08-17T17:00:00+00:00,53519.28,53531.28,53508.28,53528.28,1172
2026-08-17T17:05:00+00:00,53528.28,53543.28,53522.28,53535.78,1154
2026-08-17T17:10:00+00:00,53535.78,53559.28,53535.28,53549.28,995
2026-08-17T17:15:00+00:00,53549.28,53554.28,53532.78,53543.28,1459
2026-08-17T17:20:00+00:00,53543.28,53557.28,53499.78,53502.78,1738
2026-08-17T17:25:00+00:00,53502.78,53505.28,53471.28,53485.28,2017
2026-08-17T17:30:00+00:00,53485.28,53492.28,53445.28,53445.28,1882
2026-08-17T17:35:00+00:00,53445.28,53445.78,53411.28,53411.28,1775
2026-08-17T17:40:00+00:00,53411.28,53468.28,53409.28,53464.28,1549
2026-08-17T17:45:00+00:00,53464.28,53476.28,53442.28,53445.78,1265
2026-08-17T17:50:00+00:00,53445.78,53456.28,53435.78,53451.28,1093
2026-08-17T17:55:00+00:00,53451.28,53456.78,53446.78,53451.28,965
2026-08-17T18:00:00+00:00,53451.28,53469.28,53442.78,53469.28,1622
2026-08-17T18:05:00+00:00,53469.28,53484.78,53459.78,53461.78,1320
2026-08-17T18:10:00+00:00,53461.78,53486.28,53459.28,53479.78,1527
2026-08-17T18:15:00+00:00,53479.78,53500.28,53470.28,53477.28,1349
2026-08-17T18:20:00+00:00,53477.28,53497.28,53464.28,53493.78,995
2026-08-17T18:25:00+00:00,53493.78,53502.28,53487.28,53497.28,1042
2026-08-17T18:30:00+00:00,53497.28,53500.28,53463.28,53467.28,1263
2026-08-17T18:35:00+00:00,53467.28,53493.78,53467.28,53490.28,898
2026-08-17T18:40:00+00:00,53490.28,53493.28,53480.28,53486.28,773
2026-08-17T18:45:00+00:00,53486.28,53515.28,53485.28,53511.28,1023
2026-08-17T18:50:00+00:00,53511.28,53513.78,53489.28,53491.28,784
2026-08-17T18:55:00+00:00,53491.28,53495.78,53481.78,53482.28,852
2026-08-17T19:00:00+00:00,53482.28,53496.28,53474.28,53490.28,1060
2026-08-17T19:05:00+00:00,53490.28,53506.28,53489.28,53501.78,1049
2026-08-17T19:10:00+00:00,53501.78,53516.28,53492.28,53509.28,1211
2026-08-17T19:15:00+00:00,53509.28,53524.28,53505.28,53516.28,905
2026-08-17T19:20:00+00:00,53516.28,53525.28,53498.28,53498.28,838
2026-08-17T19:25:00+00:00,53498.28,53507.28,53492.28,53493.28,953
2026-08-17T19:30:00+00:00,53493.28,53496.28,53455.28,53470.28,1823
2026-08-17T19:35:00+00:00,53470.28,53485.28,53458.28,53468.78,1100
2026-08-17T19:40:00+00:00,53468.78,53471.28,53456.78,53466.28,960
2026-08-17T19:45:00+00:00,53466.28,53482.78,53461.28,53480.28,1417
2026-08-17T19:50:00+00:00,53480.28,53484.78,53456.28,53475.28,1896
2026-08-17T19:55:00+00:00,53475.28,53507.28,53469.78,53487.28,2865
2026-08-17T20:00:00+00:00,53487.28,53487.28,53461.93,53461.93,1140
2026-08-17T20:05:00+00:00,53461.93,53463.43,53448.93,53461.43,655
2026-08-17T20:10:00+00:00,53461.43,53466.43,53454.43,53462.43,393
2026-08-17T20:15:00+00:00,53462.43,53466.43,53450.43,53464.43,341
2026-08-17T20:20:00+00:00,53464.43,53466.43,53459.93,53460.43,132
2026-08-17T20:25:00+00:00,53460.43,53460.43,53450.93,53452.43,193
2026-08-17T20:30:00+00:00,53452.43,53455.43,53448.43,53455.43,239
2026-08-17T20:35:00+00:00,53455.43,53459.43,53453.43,53457.93,173
2026-08-17T20:40:00+00:00,53457.93,53459.93,53453.93,53455.43,230
2026-08-17T20:45:00+00:00,53455.43,53459.43,53452.93,53453.43,175
2026-08-17T20:50:00+00:00,53453.43,53457.93,53447.93,53457.43,199
2026-08-17T20:55:00+00:00,53457.43,53462.93,53448.43,53456.18,291
2026-08-17T22:00:00+00:00,53456.18,53474.31,53456.18,53469.31,126
2026-08-17T22:05:00+00:00,53469.31,53471.81,53462.81,53470.81,167
2026-08-17T22:10:00+00:00,53470.81,53472.31,53460.31,53462.81,87
2026-08-17T22:15:00+00:00,53462.81,53463.81,53437.81,53449.31,399
2026-08-17T22:20:00+00:00,53449.31,53452.81,53444.31,53450.81,180
2026-08-17T22:25:00+00:00,53450.81,53455.81,53446.81,53453.81,126
2026-08-17T22:30:00+00:00,53453.81,53457.81,53451.31,53454.31,221
2026-08-17T22:35:00+00:00,53454.31,53454.81,53448.31,53452.81,192
2026-08-17T22:40:00+00:00,53452.81,53459.31,53452.81,53454.81,80
2026-08-17T22:45:00+00:00,53454.81,53458.81,53452.81,53455.81,84
2026-08-17T22:50:00+00:00,53455.81,53458.81,53453.31,53458.81,148
2026-08-17T22:55:00+00:00,53458.81,53459.81,53456.31,53456.81,92
2026-08-17T23:00:00+00:00,53456.81,53457.81,53448.81,53457.31,248
2026-08-17T23:05:00+00:00,53457.31,53463.81,53456.81,53460.81,124
2026-08-17T23:10:00+00:00,53460.81,53463.81,53459.31,53459.31,74
2026-08-17T23:15:00+00:00,53459.31,53459.31,53453.31,53459.31,71
2026-08-17T23:20:00+00:00,53459.31,53459.31,53454.31,53456.81,49
2026-08-17T23:25:00+00:00,53456.81,53463.31,53456.31,53459.31,124
2026-08-17T23:30:00+00:00,53459.31,53472.81,53458.31,53471.31,261
2026-08-17T23:35:00+00:00,53471.31,53477.81,53471.31,53475.81,122
2026-08-17T23:40:00+00:00,53475.81,53479.81,53474.81,53479.81,141
2026-08-17T23:45:00+00:00,53479.81,53486.31,53468.81,53476.81,490
2026-08-17T23:50:00+00:00,53476.81,53479.81,53467.31,53479.31,294
2026-08-17T23:55:00+00:00,53479.31,53486.31,53476.31,53483.31,183
2026-08-18T00:00:00+00:00,53483.31,53495.31,53467.31,53494.31,608
2026-08-18T00:05:00+00:00,53494.31,53494.81,53482.81,53492.31,228
2026-08-18T00:10:00+00:00,53492.31,53493.81,53484.81,53490.31,192
2026-08-18T00:15:00+00:00,53490.31,53491.81,53484.31,53489.81,246
2026-08-18T00:20:00+00:00,53489.81,53491.31,53477.31,53479.31,210
2026-08-18T00:25:00+00:00,53479.31,53480.31,53472.31,53474.81,221
2026-08-18T00:30:00+00:00,53474.81,53475.31,53463.31,53467.31,291
2026-08-18T00:35:00+00:00,53467.31,53469.31,53459.31,53463.31,166
2026-08-18T00:40:00+00:00,53463.31,53464.81,53454.31,53461.31,155
2026-08-18T00:45:00+00:00,53461.31,53462.31,53455.31,53458.31,171
2026-08-18T00:50:00+00:00,53458.31,53465.31,53454.31,53454.31,196
2026-08-18T00:55:00+00:00,53454.31,53466.31,53454.31,53466.31,160
2026-08-18T01:00:00+00:00,53466.31,53475.31,53463.81,53466.31,241
2026-08-18T01:05:00+00:00,53466.31,53469.31,53462.81,53467.31,196
2026-08-18T01:10:00+00:00,53467.31,53473.31,53467.31,53472.31,231
2026-08-18T01:15:00+00:00,53472.31,53478.31,53466.31,53477.31,174
2026-08-18T01:20:00+00:00,53477.31,53492.81,53475.31,53492.81,178
2026-08-18T01:25:00+00:00,53492.81,53492.81,53479.31,53483.31,183
2026-08-18T01:30:00+00:00,53483.31,53483.81,53476.31,53480.31,230
2026-08-18T01:35:00+00:00,53480.31,53486.81,53478.31,53478.31,125
2026-08-18T01:40:00+00:00,53478.31,53479.31,53465.81,53475.31,283
2026-08-18T01:45:00+00:00,53475.31,53485.31,53472.81,53483.31,415
2026-08-18T01:50:00+00:00,53483.31,53484.81,53464.81,53483.31,806
2026-08-18T01:55:00+00:00,53483.31,53505.81,53483.31,53505.81,478
2026-08-18T02:00:00+00:00,53505.81,53507.31,53493.81,53497.81,370
2026-08-18T02:05:00+00:00,53497.81,53499.81,53491.31,53491.81,352
2026-08-18T02:10:00+00:00,53491.81,53491.81,53476.81,53479.81,333
2026-08-18T02:15:00+00:00,53479.81,53482.31,53457.81,53462.81,948
2026-08-18T02:20:00+00:00,53462.81,53471.81,53451.31,53452.31,474
2026-08-18T02:25:00+00:00,53452.31,53465.31,53451.31,53460.31,333
2026-08-18T02:30:00+00:00,53460.31,53469.31,53456.81,53459.31,380
2026-08-18T02:35:00+00:00,53459.31,53475.31,53457.31,53472.81,285
2026-08-18T02:40:00+00:00,53472.81,53476.31,53456.31,53457.31,382
2026-08-18T02:45:00+00:00,53457.31,53469.81,53451.31,53468.81,588
2026-08-18T02:50:00+00:00,53468.81,53477.31,53466.31,53475.81,249
2026-08-18T02:55:00+00:00,53475.81,53478.31,53468.81,53476.31,306
2026-08-18T03:00:00+00:00,53476.31,53480.31,53475.31,53476.31,173
2026-08-18T03:05:00+00:00,53476.31,53481.81,53473.31,53480.31,210
2026-08-18T03:10:00+00:00,53480.31,53480.31,53468.31,53472.31,205
2026-08-18T03:15:00+00:00,53472.31,53472.31,53463.31,53470.31,202
2026-08-18T03:20:00+00:00,53470.31,53470.31,53443.31,53449.31,415
2026-08-18T03:25:00+00:00,53449.31,53454.81,53446.31,53448.81,271
2026-08-18T03:30:00+00:00,53448.81,53448.81,53437.31,53439.81,414
2026-08-18T03:35:00+00:00,53439.81,53458.81,53438.31,53457.31,446
2026-08-18T03:40:00+00:00,53457.31,53461.31,53451.81,53453.31,221
2026-08-18T03:45:00+00:00,53453.31,53459.31,53449.31,53449.31,193
2026-08-18T03:50:00+00:00,53449.31,53456.31,53443.81,53445.31,245
2026-08-18T03:55:00+00:00,53445.31,53445.31,53431.31,53435.81,205
2026-08-18T04:00:00+00:00,53435.81,53436.31,53420.81,53424.81,311
2026-08-18T04:05:00+00:00,53424.81,53438.31,53423.31,53430.31,348
2026-08-18T04:10:00+00:00,53430.31,53431.31,53418.81,53420.31,281
2026-08-18T04:15:00+00:00,53420.31,53426.31,53420.31,53421.81,315
2026-08-18T04:20:00+00:00,53421.81,53422.31,53407.31,53410.31,227
2026-08-18T04:25:00+00:00,53410.31,53420.31,53406.31,53416.31,271
2026-08-18T04:30:00+00:00,53416.31,53424.31,53415.31,53416.31,269
2026-08-18T04:35:00+00:00,53416.31,53423.31,53411.31,53412.81,256
2026-08-18T04:40:00+00:00,53412.81,53419.31,53411.81,53414.31,135
2026-08-18T04:45:00+00:00,53414.31,53416.31,53407.31,53411.31,167
2026-08-18T04:50:00+00:00,53411.31,53418.31,53407.81,53415.31,185
2026-08-18T04:55:00+00:00,53415.31,53419.31,53414.31,53418.31,141
2026-08-18T05:00:00+00:00,53418.31,53418.31,53392.31,53397.31,382
2026-08-18T05:05:00+00:00,53397.31,53412.31,53397.31,53404.81,234
2026-08-18T05:10:00+00:00,53404.81,53405.81,53390.81,53402.31,252
2026-08-18T05:15:00+00:00,53402.31,53419.31,53402.31,53419.31,185
2026-08-18T05:20:00+00:00,53419.31,53422.31,53413.31,53416.31,148
2026-08-18T05:25:00+00:00,53416.31,53420.81,53408.31,53408.31,179
2026-08-18T05:30:00+00:00,53408.31,53417.31,53401.81,53413.31,255
2026-08-18T05:35:00+00:00,53413.31,53419.31,53405.81,53409.31,288
2026-08-18T05:40:00+00:00,53409.31,53410.31,53401.81,53407.81,268
2026-08-18T05:45:00+00:00,53407.81,53414.31,53405.31,53414.31,216
2026-08-18T05:50:00+00:00,53414.31,53428.31,53413.81,53419.31,340
2026-08-18T05:55:00+00:00,53419.31,53431.31,53412.81,53415.81,388
2026-08-18T06:00:00+00:00,53415.81,53416.31,53375.81,53383.81,1217
2026-08-18T06:05:00+00:00,53383.81,53394.31,53375.31,53394.31,600
2026-08-18T06:10:00+00:00,53394.31,53423.31,53392.81,53420.31,569
2026-08-18T06:15:00+00:00,53420.31,53423.31,53405.81,53422.31,558
2026-08-18T06:20:00+00:00,53422.31,53433.81,53415.31,53415.31,432
2026-08-18T06:25:00+00:00,53415.31,53422.81,53404.81,53421.31,480
2026-08-18T06:30:00+00:00,53421.31,53423.31,53406.81,53416.31,437
2026-08-18T06:35:00+00:00,53416.31,53424.81,53406.81,53423.31,466
2026-08-18T06:40:00+00:00,53423.31,53434.81,53421.81,53425.81,325
2026-08-18T06:45:00+00:00,53425.81,53440.81,53425.81,53440.81,359
2026-08-18T06:50:00+00:00,53440.81,53446.31,53428.31,53440.31,317
2026-08-18T06:55:00+00:00,53440.31,53477.31,53440.31,53474.81,493
2026-08-18T07:00:00+00:00,53474.81,53475.81,53434.81,53437.31,1302
2026-08-18T07:05:00+00:00,53437.31,53450.81,53425.81,53430.81,808
2026-08-18T07:10:00+00:00,53430.81,53437.31,53418.31,53423.31,663
2026-08-18T07:15:00+00:00,53423.31,53436.81,53420.81,53427.81,630
2026-08-18T07:20:00+00:00,53427.81,53441.81,53427.31,53439.31,448
2026-08-18T07:25:00+00:00,53439.31,53452.31,53424.31,53424.81,529
2026-08-18T07:30:00+00:00,53424.81,53430.81,53404.81,53406.31,626
2026-08-18T07:35:00+00:00,53406.31,53434.31,53401.81,53428.81,697
2026-08-18T07:40:00+00:00,53428.81,53433.81,53397.81,53398.31,541
2026-08-18T07:45:00+00:00,53398.31,53403.31,53379.31,53390.31,715
2026-08-18T07:50:00+00:00,53390.31,53396.81,53373.31,53386.31,838
2026-08-18T07:55:00+00:00,53386.31,53386.31,53342.31,53346.81,979
2026-08-18T08:00:00+00:00,53346.81,53377.81,53334.81,53364.31,1611
2026-08-18T08:05:00+00:00,53364.31,53366.31,53343.31,53357.81,1360
2026-08-18T08:10:00+00:00,53357.81,53388.31,53354.81,53380.31,1407
2026-08-18T08:15:00+00:00,53380.31,53390.31,53370.81,53379.81,809
2026-08-18T08:20:00+00:00,53379.81,53381.31,53356.81,53373.81,847
2026-08-18T08:25:00+00:00,53373.81,53385.81,53370.81,53375.31,685
2026-08-18T08:30:00+00:00,53375.31,53401.31,53374.81,53400.81,745
2026-08-18T08:35:00+00:00,53400.81,53434.81,53400.81,53429.81,923
2026-08-18T08:40:00+00:00,53429.81,53438.81,53428.81,53433.81,718
2026-08-18T08:45:00+00:00,53433.81,53434.81,53413.31,53416.81,648
2026-08-18T08:50:00+00:00,53416.81,53440.31,53411.81,53437.81,706
2026-08-18T08:55:00+00:00,53437.81,53445.81,53430.81,53444.81,698
2026-08-18T09:00:00+00:00,53444.81,53466.31,53436.81,53460.81,1114
2026-08-18T09:05:00+00:00,53460.81,53464.81,53425.81,53427.81,769
2026-08-18T09:10:00+00:00,53427.81,53444.81,53422.81,53424.81,727
2026-08-18T09:15:00+00:00,53424.81,53439.31,53423.81,53433.81,787
2026-08-18T09:20:00+00:00,53433.81,53439.31,53424.31,53426.81,763
2026-08-18T09:25:00+00:00,53426.81,53446.81,53425.31,53442.31,664
2026-08-18T09:30:00+00:00,53442.31,53458.31,53441.81,53451.81,909
2026-08-18T09:35:00+00:00,53451.81,53457.81,53445.81,53449.81,697
2026-08-18T09:40:00+00:00,53449.81,53452.31,53431.81,53443.31,591
2026-08-18T09:45:00+00:00,53443.31,53444.31,53428.81,53442.31,608
2026-08-18T09:50:00+00:00,53442.31,53462.81,53432.31,53462.31,534
2026-08-18T09:55:00+00:00,53462.31,53468.31,53451.81,53467.31,480
2026-08-18T10:00:00+00:00,53467.31,53536.31,53465.81,53493.31,1485
2026-08-18T10:05:00+00:00,53493.31,53507.81,53475.81,53503.81,869
2026-08-18T10:10:00+00:00,53503.81,53512.31,53487.31,53511.31,1059
2026-08-18T10:15:00+00:00,53511.31,53512.81,53488.81,53492.31,520
2026-08-18T10:20:00+00:00,53492.31,53499.81,53486.81,53494.81,397
2026-08-18T10:25:00+00:00,53494.81,53496.81,53480.81,53493.81,450
2026-08-18T10:30:00+00:00,53493.81,53501.31,53491.81,53494.31,459
2026-08-18T10:35:00+00:00,53494.31,53515.81,53491.81,53504.31,489
2026-08-18T10:40:00+00:00,53504.31,53515.81,53485.81,53486.31,584
2026-08-18T10:45:00+00:00,53486.31,53499.81,53485.31,53495.31,365
2026-08-18T10:50:00+00:00,53495.31,53506.31,53493.81,53504.81,304
2026-08-18T10:55:00+00:00,53504.81,53504.81,53481.31,53482.31,433
2026-08-18T11:00:00+00:00,53482.31,53499.81,53476.31,53479.81,835
2026-08-18T11:05:00+00:00,53479.81,53493.31,53479.31,53485.31,548
2026-08-18T11:10:00+00:00,53485.31,53500.31,53481.81,53495.81,385
2026-08-18T11:15:00+00:00,53495.81,53496.81,53485.31,53489.81,388
2026-08-18T11:20:00+00:00,53489.81,53502.31,53485.81,53485.81,444
2026-08-18T11:25:00+00:00,53485.81,53490.31,53477.81,53481.81,390
2026-08-18T11:30:00+00:00,53481.81,53484.81,53459.81,53469.81,475
2026-08-18T11:35:00+00:00,53469.81,53476.31,53460.81,53460.81,475
2026-08-18T11:40:00+00:00,53460.81,53474.31,53452.31,53473.81,516
2026-08-18T11:45:00+00:00,53473.81,53482.31,53461.31,53464.31,471
2026-08-18T11:50:00+00:00,53464.31,53464.31,53433.31,53434.81,484
2026-08-18T11:55:00+00:00,53434.81,53452.31,53432.31,53442.81,416
2026-08-18T12:00:00+00:00,53442.81,53460.31,53423.81,53453.81,788
2026-08-18T12:05:00+00:00,53453.81,53460.81,53438.81,53448.81,971
2026-08-18T12:10:00+00:00,53448.81,53451.81,53434.81,53442.81,725
2026-08-18T12:15:00+00:00,53442.81,53463.31,53437.56,53463.31,676
2026-08-18T12:20:00+00:00,53463.31,53482.31,53446.31,53447.31,918
2026-08-18T12:25:00+00:00,53447.31,53447.31,53429.31,53430.56,674
2026-08-18T12:30:00+00:00,53430.56,53446.31,53410.81,53416.31,888
2026-08-18T12:35:00+00:00,53416.31,53417.81,53398.81,53413.81,1130
2026-08-18T12:40:00+00:00,53413.81,53422.81,53405.31,53413.81,885
2026-08-18T12:45:00+00:00,53413.81,53443.81,53411.81,53443.81,826
2026-08-18T12:50:00+00:00,53443.81,53454.81,53434.31,53452.81,777
2026-08-18T12:55:00+00:00,53452.81,53460.31,53441.31,53456.31,597
2026-08-18T13:00:00+00:00,53456.31,53464.31,53443.81,53446.31,1103
2026-08-18T13:05:00+00:00,53446.31,53448.81,53437.81,53441.81,860
2026-08-18T13:10:00+00:00,53441.81,53444.31,53422.31,53425.31,695
2026-08-18T13:15:00+00:00,53425.31,53450.31,53410.81,53411.81,1065
2026-08-18T13:20:00+00:00,53411.81,53418.31,53389.81,53395.31,854
2026-08-18T13:25:00+00:00,53395.31,53432.31,53383.81,53402.31,1612
2026-08-18T13:30:00+00:00,53402.31,53433.16,53261.66,53333.16,10249
2026-08-18T13:35:00+00:00,53333.16,53361.66,53273.16,53351.16,8383
2026-08-18T13:40:00+00:00,53351.16,53413.66,53298.66,53390.66,7334
2026-08-18T13:45:00+00:00,53390.66,53468.66,53372.16,53418.16,6626
2026-08-18T13:50:00+00:00,53418.16,53447.66,53382.66,53438.66,5802
2026-08-18T13:55:00+00:00,53438.66,53444.16,53406.16,53421.66,4953
2026-08-18T14:00:00+00:00,53421.66,53449.16,53404.16,53427.16,5050
2026-08-18T14:05:00+00:00,53427.16,53454.66,53398.66,53432.66,4365
2026-08-18T14:10:00+00:00,53432.66,53439.66,53381.66,53429.66,4535
2026-08-18T14:15:00+00:00,53429.66,53467.66,53424.66,53450.66,4276
2026-08-18T14:20:00+00:00,53450.66,53458.16,53397.66,53437.66,3757
2026-08-18T14:25:00+00:00,53437.66,53440.66,53397.66,53400.66,3412
2026-08-18T14:30:00+00:00,53400.66,53458.66,53399.16,53430.66,3601
2026-08-18T14:35:00+00:00,53430.66,53460.16,53421.16,53457.66,3036
2026-08-18T14:40:00+00:00,53457.66,53473.66,53416.66,53421.16,3130
2026-08-18T14:45:00+00:00,53421.16,53448.66,53407.16,53447.66,2999
2026-08-18T14:50:00+00:00,53447.66,53491.66,53412.16,53424.66,3777
2026-08-18T14:55:00+00:00,53424.66,53439.16,53411.16,53433.66,3615
2026-08-18T15:00:00+00:00,53433.66,53454.66,53400.66,53452.66,3563
2026-08-18T15:05:00+00:00,53452.66,53467.66,53407.66,53407.66,2813
2026-08-18T15:10:00+00:00,53407.66,53421.66,53396.66,53398.16,2799
2026-08-18T15:15:00+00:00,53398.16,53401.66,53361.66,53361.66,2503
2026-08-18T15:20:00+00:00,53361.66,53364.66,53326.16,53334.16,2596
2026-08-18T15:25:00+00:00,53334.16,53363.66,53315.66,53345.66,2561
2026-08-18T15:30:00+00:00,53345.66,53361.66,53336.66,53351.66,2613
2026-08-18T15:35:00+00:00,53351.66,53374.66,53332.66,53370.66,1904
2026-08-18T15:40:00+00:00,53370.66,53394.66,53360.16,53375.66,1939
2026-08-18T15:45:00+00:00,53375.66,53389.16,53369.66,53371.66,1829
2026-08-18T15:50:00+00:00,53371.66,53379.66,53354.66,53365.66,1901
2026-08-18T15:55:00+00:00,53365.66,53365.66,53340.66,53356.16,1570
2026-08-18T16:00:00+00:00,53356.16,53384.66,53351.66,53381.66,1542
2026-08-18T16:05:00+00:00,53381.66,53389.66,53365.66,53368.66,1398
2026-08-18T16:10:00+00:00,53368.66,53391.66,53368.66,53386.66,1319
2026-08-18T16:15:00+00:00,53386.66,53394.66,53374.66,53389.66,1293
2026-08-18T16:20:00+00:00,53389.66,53423.66,53389.66,53414.66,1395
2026-08-18T16:25:00+00:00,53414.66,53423.66,53381.16,53387.66,1297
2026-08-18T16:30:00+00:00,53387.66,53392.66,53376.66,53380.66,1378
2026-08-18T16:35:00+00:00,53380.66,53393.66,53369.66,53383.16,1490
2026-08-18T16:40:00+00:00,53383.16,53391.66,53377.16,53391.66,1220
2026-08-18T16:45:00+00:00,53391.66,53412.66,53385.16,53404.16,1304
2026-08-18T16:50:00+00:00,53404.16,53405.66,53384.66,53402.16,1207
2026-08-18T16:55:00+00:00,53402.16,53404.66,53382.66,53382.66,1128
2026-08-18T17:00:00+00:00,53382.66,53386.66,53365.66,53381.66,1329
2026-08-18T17:05:00+00:00,53381.66,53409.66,53378.66,53407.66,1254
2026-08-18T17:10:00+00:00,53407.66,53413.16,53386.66,53388.66,948
2026-08-18T17:15:00+00:00,53388.66,53397.66,53381.16,53386.66,933
2026-08-18T17:20:00+00:00,53386.66,53398.66,53382.16,53383.66,1090
2026-08-18T17:25:00+00:00,53383.66,53385.66,53364.66,53374.66,1091
2026-08-18T17:30:00+00:00,53374.66,53389.66,53362.66,53383.66,1265
2026-08-18T17:35:00+00:00,53383.66,53389.66,53370.16,53384.66,859
2026-08-18T17:40:00+00:00,53384.66,53386.66,53371.66,53373.66,926
2026-08-18T17:45:00+00:00,53373.66,53378.16,53363.16,53373.66,754
2026-08-18T17:50:00+00:00,53373.66,53381.66,53367.66,53375.66,805
2026-08-18T17:55:00+00:00,53375.66,53376.66,53344.66,53344.66,970
2026-08-18T18:00:00+00:00,53344.66,53356.66,53338.66,53346.66,1348
2026-08-18T18:05:00+00:00,53346.66,53354.66,53339.66,53348.66,1091
2026-08-18T18:10:00+00:00,53348.66,53398.66,53344.66,53395.66,1116
2026-08-18T18:15:00+00:00,53395.66,53406.66,53395.16,53400.66,1321
2026-08-18T18:20:00+00:00,53400.66,53408.66,53388.66,53395.66,1224
2026-08-18T18:25:00+00:00,53395.66,53405.66,53380.66,53404.66,834
2026-08-18T18:30:00+00:00,53404.66,53413.16,53399.66,53412.66,921
2026-08-18T18:35:00+00:00,53412.66,53427.66,53411.66,53417.16,799
2026-08-18T18:40:00+00:00,53417.16,53429.66,53412.16,53418.66,976
2026-08-18T18:45:00+00:00,53418.66,53428.66,53413.66,53419.16,946
2026-08-18T18:50:00+00:00,53419.16,53421.66,53393.66,53393.66,835
2026-08-18T18:55:00+00:00,53393.66,53400.66,53378.66,53379.66,1136
2026-08-18T19:00:00+00:00,53379.66,53394.16,53375.66,53390.66,1032
2026-08-18T19:05:00+00:00,53390.66,53400.66,53378.66,53390.66,930
2026-08-18T19:10:00+00:00,53390.66,53399.66,53373.66,53376.66,853
2026-08-18T19:15:00+00:00,53376.66,53405.66,53374.66,53404.66,969
2026-08-18T19:20:00+00:00,53404.66,53425.66,53396.66,53425.66,991
2026-08-18T19:25:00+00:00,53425.66,53426.66,53400.66,53403.66,887
2026-08-18T19:30:00+00:00,53403.66,53422.66,53403.66,53407.66,1267
2026-08-18T19:35:00+00:00,53407.66,53415.66,53399.66,53411.66,940
2026-08-18T19:40:00+00:00,53411.66,53413.66,53402.66,53402.66,1066
2026-08-18T19:45:00+00:00,53402.66,53413.66,53391.66,53409.66,1144
2026-08-18T19:50:00+00:00,53409.66,53414.66,53385.66,53392.16,2052
2026-08-18T19:55:00+00:00,53392.16,53392.16,53333.16,53356.66,3292
2026-08-18T20:00:00+00:00,53356.66,53363.81,53346.31,53354.81,1110
2026-08-18T20:05:00+00:00,53354.81,53358.81,53339.31,53341.31,405
2026-08-18T20:10:00+00:00,53341.31,53361.31,53339.81,53354.31,518
2026-08-18T20:15:00+00:00,53354.31,53358.81,53351.81,53357.31,289
2026-08-18T20:20:00+00:00,53357.31,53357.81,53346.81,53350.81,238
2026-08-18T20:25:00+00:00,53350.81,53360.81,53350.81,53357.81,158
2026-08-18T20:30:00+00:00,53357.81,53368.81,53354.81,53368.31,142
2026-08-18T20:35:00+00:00,53368.31,53371.81,53365.31,53370.81,145
2026-08-18T20:40:00+00:00,53370.81,53370.81,53358.81,53359.31,233
2026-08-18T20:45:00+00:00,53359.31,53364.31,53341.31,53345.31,371
2026-08-18T20:50:00+00:00,53345.31,53353.81,53345.31,53351.81,224
2026-08-18T20:55:00+00:00,53351.81,53358.81,53350.81,53356.06,191
2026-08-18T22:00:00+00:00,53356.06,53364.62,53349.62,53356.62,89
2026-08-18T22:05:00+00:00,53356.62,53359.12,53349.12,53351.62,350
2026-08-18T22:10:00+00:00,53351.62,53351.62,53346.62,53348.62,76
2026-08-18T22:15:00+00:00,53348.62,53359.62,53348.62,53358.12,119
2026-08-18T22:20:00+00:00,53358.12,53364.12,53352.12,53354.12,459
2026-08-18T22:25:00+00:00,53354.12,53355.12,53343.62,53347.12,321
2026-08-18T22:30:00+00:00,53347.12,53350.62,53341.12,53350.12,186
2026-08-18T22:35:00+00:00,53350.12,53351.12,53345.12,53346.12,141
2026-08-18T22:40:00+00:00,53346.12,53352.62,53344.62,53352.62,181
2026-08-18T22:45:00+00:00,53352.62,53352.62,53345.12,53350.12,127
2026-08-18T22:50:00+00:00,53350.12,53351.12,53342.12,53345.12,212
2026-08-18T22:55:00+00:00,53345.12,53345.12,53337.12,53340.12,140
2026-08-18T23:00:00+00:00,53340.12,53344.62,53335.12,53341.12,204
2026-08-18T23:05:00+00:00,53341.12,53355.12,53339.62,53349.62,273
2026-08-18T23:10:00+00:00,53349.62,53351.62,53344.62,53346.12,79
2026-08-18T23:15:00+00:00,53346.12,53346.12,53340.12,53340.12,97
2026-08-18T23:20:00+00:00,53340.12,53358.12,53339.62,53352.12,223
2026-08-18T23:25:00+00:00,53352.12,53354.12,53348.12,53348.62,134
2026-08-18T23:30:00+00:00,53348.62,53350.62,53345.12,53348.12,189
2026-08-18T23:35:00+00:00,53348.12,53352.12,53346.62,53347.12,116
2026-08-18T23:40:00+00:00,53347.12,53349.62,53344.12,53348.12,134
2026-08-18T23:45:00+00:00,53348.12,53349.62,53343.62,53347.12,526
2026-08-18T23:50:00+00:00,53347.12,53358.62,53345.62,53352.12,696
2026-08-18T23:55:00+00:00,53352.12,53352.12,53342.62,53345.62,454
2026-08-19T00:00:00+00:00,53345.62,53346.62,53331.62,53334.12,1108
2026-08-19T00:05:00+00:00,53334.12,53335.12,53313.62,53325.12,880
2026-08-19T00:10:00+00:00,53325.12,53330.62,53312.12,53315.12,966
2026-08-19T00:15:00+00:00,53315.12,53331.62,53309.12,53329.62,723
2026-08-19T00:20:00+00:00,53329.62,53345.12,53327.62,53339.62,906
2026-08-19T00:25:00+00:00,53339.62,53343.12,53333.62,53342.12,572
2026-08-19T00:30:00+00:00,53342.12,53354.62,53337.62,53339.62,553
2026-08-19T00:35:00+00:00,53339.62,53352.62,53338.62,53348.62,410
2026-08-19T00:40:00+00:00,53348.62,53350.62,53336.62,53338.12,281
2026-08-19T00:45:00+00:00,53338.12,53340.62,53327.62,53331.62,306
2026-08-19T00:50:00+00:00,53331.62,53333.62,53324.62,53324.62,308
2026-08-19T00:55:00+00:00,53324.62,53330.12,53323.62,53326.62,371
2026-08-19T01:00:00+00:00,53326.62,53327.12,53311.12,53324.62,541
2026-08-19T01:05:00+00:00,53324.62,53326.12,53314.62,53319.12,545
2026-08-19T01:10:00+00:00,53319.12,53322.12,53311.62,53319.12,472
2026-08-19T01:15:00+00:00,53319.12,53322.12,53307.62,53315.62,591
2026-08-19T01:20:00+00:00,53315.62,53333.12,53314.62,53330.12,777
2026-08-19T01:25:00+00:00,53330.12,53336.12,53325.62,53333.12,535
2026-08-19T01:30:00+00:00,53333.12,53333.62,53319.62,53323.62,637
2026-08-19T01:35:00+00:00,53323.62,53334.12,53321.62,53329.62,488
2026-08-19T01:40:00+00:00,53329.62,53332.12,53307.12,53307.62,511
2026-08-19T01:45:00+00:00,53307.62,53316.62,53303.12,53315.12,300
2026-08-19T01:50:00+00:00,53315.12,53316.12,53305.12,53315.62,266
2026-08-19T01:55:00+00:00,53315.62,53316.62,53303.62,53304.12,340
2026-08-19T02:00:00+00:00,53304.12,53309.62,53301.62,53304.62,221
2026-08-19T02:05:00+00:00,53304.62,53305.62,53294.12,53304.62,182
2026-08-19T02:10:00+00:00,53304.62,53307.12,53294.62,53297.12,328
2026-08-19T02:15:00+00:00,53297.12,53312.12,53295.12,53303.12,836
2026-08-19T02:20:00+00:00,53303.12,53315.12,53301.12,53313.62,468
2026-08-19T02:25:00+00:00,53313.62,53321.62,53309.12,53314.12,462
2026-08-19T02:30:00+00:00,53314.12,53316.12,53300.62,53303.62,388
2026-08-19T02:35:00+00:00,53303.62,53314.12,53303.12,53312.62,349
2026-08-19T02:40:00+00:00,53312.62,53315.62,53309.62,53310.62,293
2026-08-19T02:45:00+00:00,53310.62,53323.62,53310.62,53321.12,299
2026-08-19T02:50:00+00:00,53321.12,53323.12,53305.12,53305.62,208
2026-08-19T02:55:00+00:00,53305.62,53316.62,53302.62,53315.62,229
2026-08-19T03:00:00+00:00,53315.62,53317.62,53308.12,53309.62,233
2026-08-19T03:05:00+00:00,53309.62,53310.12,53299.12,53299.12,198
2026-08-19T03:10:00+00:00,53299.12,53304.12,53295.62,53301.62,216
2026-08-19T03:15:00+00:00,53301.62,53310.62,53300.12,53307.62,259
2026-08-19T03:20:00+00:00,53307.62,53307.62,53298.62,53302.12,226
2026-08-19T03:25:00+00:00,53302.12,53304.62,53299.62,53303.62,129
2026-08-19T03:30:00+00:00,53303.62,53311.62,53302.62,53309.62,368
2026-08-19T03:35:00+00:00,53309.62,53317.62,53305.12,53308.62,372
2026-08-19T03:40:00+00:00,53308.62,53309.12,53302.62,53308.12,209
2026-08-19T03:45:00+00:00,53308.12,53308.12,53297.12,53305.12,258
2026-08-19T03:50:00+00:00,53305.12,53309.62,53303.62,53304.12,428
2026-08-19T03:55:00+00:00,53304.12,53305.12,53297.12,53297.62,163
2026-08-19T04:00:00+00:00,53297.62,53302.62,53295.12,53300.62,270
2026-08-19T04:05:00+00:00,53300.62,53301.12,53293.62,53294.62,113
2026-08-19T04:10:00+00:00,53294.62,53301.62,53294.12,53300.62,217
2026-08-19T04:15:00+00:00,53300.62,53302.62,53296.62,53301.12,187
2026-08-19T04:20:00+00:00,53301.12,53312.62,53299.62,53307.12,429
2026-08-19T04:25:00+00:00,53307.12,53312.62,53303.62,53307.12,290
2026-08-19T04:30:00+00:00,53307.12,53312.62,53294.62,53298.62,409
2026-08-19T04:35:00+00:00,53298.62,53305.62,53298.62,53299.62,215
2026-08-19T04:40:00+00:00,53299.62,53302.12,53293.62,53298.62,147
2026-08-19T04:45:00+00:00,53298.62,53303.12,53289.62,53292.62,300
2026-08-19T04:50:00+00:00,53292.62,53293.62,53282.12,53289.62,258
2026-08-19T04:55:00+00:00,53289.62,53303.62,53286.62,53302.12,344
2026-08-19T05:00:00+00:00,53302.12,53319.12,53300.62,53318.62,493
2026-08-19T05:05:00+00:00,53318.62,53321.12,53303.62,53310.12,291
2026-08-19T05:10:00+00:00,53310.12,53313.12,53299.12,53304.62,413
2026-08-19T05:15:00+00:00,53304.62,53305.12,53287.12,53290.12,392
2026-08-19T05:20:00+00:00,53290.12,53300.12,53287.62,53296.12,627
2026-08-19T05:25:00+00:00,53296.12,53305.62,53295.12,53304.12,508
2026-08-19T05:30:00+00:00,53304.12,53305.62,53297.12,53297.12,345
2026-08-19T05:35:00+00:00,53297.12,53299.62,53286.62,53299.12,339
2026-08-19T05:40:00+00:00,53299.12,53300.62,53293.62,53298.62,267
2026-08-19T05:45:00+00:00,53298.62,53302.62,53295.12,53300.12,186
2026-08-19T05:50:00+00:00,53300.12,53302.62,53289.12,53291.62,186
2026-08-19T05:55:00+00:00,53291.62,53298.12,53290.62,53297.12,233
2026-08-19T06:00:00+00:00,53297.12,53302.62,53292.12,53293.12,753
2026-08-19T06:05:00+00:00,53293.12,53300.12,53287.12,53288.12,699
2026-08-19T06:10:00+00:00,53288.12,53290.62,53282.12,53289.62,391
2026-08-19T06:15:00+00:00,53289.62,53326.62,53288.12,53326.62,560
2026-08-19T06:20:00+00:00,53326.62,53344.62,53325.12,53341.12,657
2026-08-19T06:25:00+00:00,53341.12,53344.62,53329.62,53337.12,696
2026-08-19T06:30:00+00:00,53337.12,53353.12,53332.12,53343.62,727
2026-08-19T06:35:00+00:00,53343.62,53358.62,53342.62,53357.62,411
2026-08-19T06:40:00+00:00,53357.62,53359.12,53341.12,53354.62,447
2026-08-19T06:45:00+00:00,53354.62,53365.12,53352.12,53360.62,595
2026-08-19T06:50:00+00:00,53360.62,53370.62,53358.62,53368.62,400
2026-08-19T06:55:00+00:00,53368.62,53398.12,53368.12,53395.12,548
2026-08-19T07:00:00+00:00,53395.12,53395.12,53363.62,53373.12,1039
2026-08-19T07:05:00+00:00,53373.12,53389.12,53362.12,53382.12,704
2026-08-19T07:10:00+00:00,53382.12,53395.62,53381.12,53384.62,665
2026-08-19T07:15:00+00:00,53384.62,53386.12,53372.12,53373.12,584
2026-08-19T07:20:00+00:00,53373.12,53388.12,53369.12,53382.12,789
2026-08-19T07:25:00+00:00,53382.12,53387.12,53378.62,53381.12,425
2026-08-19T07:30:00+00:00,53381.12,53407.12,53381.12,53403.62,511
2026-08-19T07:35:00+00:00,53403.62,53413.12,53398.12,53400.12,589
2026-08-19T07:40:00+00:00,53400.12,53403.12,53383.12,53384.12,680
2026-08-19T07:45:00+00:00,53384.12,53390.62,53376.62,53377.62,627
2026-08-19T07:50:00+00:00,53377.62,53386.12,53373.12,53382.12,454
2026-08-19T07:55:00+00:00,53382.12,53403.12,53382.12,53400.12,724
2026-08-19T08:00:00+00:00,53400.12,53402.12,53374.12,53374.12,1060
2026-08-19T08:05:00+00:00,53374.12,53380.62,53351.62,53360.12,812
2026-08-19T08:10:00+00:00,53360.12,53365.12,53349.12,53349.12,827
2026-08-19T08:15:00+00:00,53349.12,53373.62,53349.12,53370.12,899
2026-08-19T08:20:00+00:00,53370.12,53383.12,53365.62,53379.12,575
2026-08-19T08:25:00+00:00,53379.12,53400.12,53376.62,53399.12,676
2026-08-19T08:30:00+00:00,53399.12,53399.12,53372.62,53375.12,531
2026-08-19T08:35:00+00:00,53375.12,53394.12,53370.12,53375.12,374
2026-08-19T08:40:00+00:00,53375.12,53376.12,53357.62,53357.62,358
2026-08-19T08:45:00+00:00,53357.62,53358.62,53348.62,53351.62,392
2026-08-19T08:50:00+00:00,53351.62,53358.62,53344.62,53352.62,417
2026-08-19T08:55:00+00:00,53352.62,53353.12,53333.12,53346.12,518
2026-08-19T09:00:00+00:00,53346.12,53362.12,53338.62,53359.62,536
2026-08-19T09:05:00+00:00,53359.62,53361.62,53335.62,53335.62,519
2026-08-19T09:10:00+00:00,53335.62,53349.12,53335.12,53338.62,464
2026-08-19T09:15:00+00:00,53338.62,53339.62,53316.62,53324.62,576
2026-08-19T09:20:00+00:00,53324.62,53343.62,53322.62,53334.62,625
2026-08-19T09:25:00+00:00,53334.62,53338.12,53329.12,53336.12,520
2026-08-19T09:30:00+00:00,53336.12,53345.62,53334.62,53344.12,616
2026-08-19T09:35:00+00:00,53344.12,53351.12,53332.12,53332.12,638
2026-08-19T09:40:00+00:00,53332.12,53354.62,53332.12,53348.62,699
2026-08-19T09:45:00+00:00,53348.62,53353.12,53344.62,53347.12,688
2026-08-19T09:50:00+00:00,53347.12,53354.12,53337.62,53337.62,694
2026-08-19T09:55:00+00:00,53337.62,53354.62,53335.12,53354.62,558
2026-08-19T10:00:00+00:00,53354.62,53362.12,53349.12,53356.12,678
2026-08-19T10:05:00+00:00,53356.12,53362.12,53345.12,53361.62,601
2026-08-19T10:10:00+00:00,53361.62,53367.12,53348.12,53358.62,474
2026-08-19T10:15:00+00:00,53358.62,53361.12,53345.62,53346.12,473
2026-08-19T10:20:00+00:00,53346.12,53354.62,53334.62,53346.62,447
2026-08-19T10:25:00+00:00,53346.62,53357.62,53346.62,53356.62,336
2026-08-19T10:30:00+00:00,53356.62,53360.62,53336.62,53342.12,438
2026-08-19T10:35:00+00:00,53342.12,53346.62,53337.12,53345.12,424
2026-08-19T10:40:00+00:00,53345.12,53351.62,53341.62,53349.12,336
2026-08-19T10:45:00+00:00,53349.12,53363.12,53347.62,53359.12,313
2026-08-19T10:50:00+00:00,53359.12,53359.12,53344.62,53356.62,337
2026-08-19T10:55:00+00:00,53356.62,53372.12,53353.62,53365.12,475
2026-08-19T11:00:00+00:00,53365.12,53391.62,53365.12,53384.12,921
2026-08-19T11:05:00+00:00,53384.12,53387.12,53368.12,53373.62,463
2026-08-19T11:10:00+00:00,53373.62,53393.62,53373.62,53383.62,321
2026-08-19T11:15:00+00:00,53383.62,53405.12,53383.12,53398.12,356
2026-08-19T11:20:00+00:00,53398.12,53402.62,53393.12,53397.62,333
2026-08-19T11:25:00+00:00,53397.62,53410.12,53397.62,53410.12,251
2026-08-19T11:30:00+00:00,53410.12,53422.12,53405.12,53420.62,400
2026-08-19T11:35:00+00:00,53420.62,53421.12,53399.12,53400.12,385
2026-08-19T11:40:00+00:00,53400.12,53408.12,53378.62,53403.12,558
2026-08-19T11:45:00+00:00,53403.12,53411.12,53392.12,53407.12,546
2026-08-19T11:50:00+00:00,53407.12,53412.62,53399.12,53404.12,529
2026-08-19T11:55:00+00:00,53404.12,53422.12,53398.12,53420.62,562
2026-08-19T12:00:00+00:00,53420.62,53421.12,53393.12,53397.62,799
2026-08-19T12:05:00+00:00,53397.62,53406.12,53389.12,53391.62,695
2026-08-19T12:10:00+00:00,53391.62,53421.12,53391.12,53400.62,566
2026-08-19T12:15:00+00:00,53400.62,53401.62,53386.62,53399.12,470
2026-08-19T12:20:00+00:00,53399.12,53428.62,53397.12,53428.62,554
2026-08-19T12:25:00+00:00,53428.62,53434.62,53400.62,53413.62,1027
2026-08-19T12:30:00+00:00,53413.62,53497.62,53411.62,53491.12,2386
2026-08-19T12:35:00+00:00,53491.12,53573.62,53479.12,53568.12,3025
2026-08-19T12:40:00+00:00,53568.12,53610.12,53562.12,53587.12,3307
2026-08-19T12:45:00+00:00,53587.12,53666.12,53587.12,53664.12,3794
2026-08-19T12:50:00+00:00,53664.12,53684.12,53649.12,53681.12,3272
2026-08-19T12:55:00+00:00,53681.12,53682.12,53619.12,53627.12,2342
2026-08-19T13:00:00+00:00,53627.12,53628.62,53583.62,53585.62,2192
2026-08-19T13:05:00+00:00,53585.62,53609.12,53577.12,53609.12,2106
2026-08-19T13:10:00+00:00,53609.12,53635.12,53605.12,53631.62,1590
2026-08-19T13:15:00+00:00,53631.62,53639.12,53619.12,53637.12,1574
2026-08-19T13:20:00+00:00,53637.12,53637.62,53596.62,53599.12,1388
2026-08-19T13:25:00+00:00,53599.12,53632.62,53580.12,53589.62,2140
2026-08-19T13:30:00+00:00,53589.62,53594.97,53408.97,53453.47,10027
2026-08-19T13:35:00+00:00,53453.47,53481.47,53423.47,53473.97,8094
2026-08-19T13:40:00+00:00,53473.97,53507.47,53424.97,53494.47,7127
2026-08-19T13:45:00+00:00,53494.47,53540.47,53437.47,53445.47,7145
2026-08-19T13:50:00+00:00,53445.47,53585.47,53439.97,53579.47,6591
2026-08-19T13:55:00+00:00,53579.47,53647.97,53559.97,53602.47,6108
2026-08-19T14:00:00+00:00,53602.47,53649.97,53591.97,53595.97,6575
2026-08-19T14:05:00+00:00,53595.97,53631.97,53579.97,53627.97,5097
2026-08-19T14:10:00+00:00,53627.97,53645.47,53573.47,53573.47,5669
2026-08-19T14:15:00+00:00,53573.47,53656.97,53569.47,53652.47,6074
2026-08-19T14:20:00+00:00,53652.47,53675.47,53620.47,53630.97,4993
2026-08-19T14:25:00+00:00,53630.97,53649.97,53612.97,53623.47,4490
2026-08-19T14:30:00+00:00,53623.47,53656.97,53603.47,53646.47,4321
2026-08-19T14:35:00+00:00,53646.47,53688.97,53639.97,53670.97,3890
2026-08-19T14:40:00+00:00,53670.97,53693.97,53656.47,53665.97,3575
2026-08-19T14:45:00+00:00,53665.97,53689.97,53624.97,53625.97,3420
2026-08-19T14:50:00+00:00,53625.97,53646.97,53617.47,53620.97,3441
2026-08-19T14:55:00+00:00,53620.97,53705.47,53614.97,53695.97,3120
2026-08-19T15:00:00+00:00,53695.97,53720.97,53680.47,53711.97,3159
2026-08-19T15:05:00+00:00,53711.97,53725.97,53655.97,53658.97,3294
2026-08-19T15:10:00+00:00,53658.97,53692.97,53648.97,53684.97,2600
2026-08-19T15:15:00+00:00,53684.97,53686.97,53609.97,53610.97,2323
2026-08-19T15:20:00+00:00,53610.97,53616.47,53587.97,53587.97,2540
2026-08-19T15:25:00+00:00,53587.97,53587.97,53557.97,53570.97,2915
2026-08-19T15:30:00+00:00,53570.97,53579.97,53546.97,53556.97,2866
2026-08-19T15:35:00+00:00,53556.97,53568.47,53531.97,53541.97,2763
2026-08-19T15:40:00+00:00,53541.97,53541.97,53501.97,53519.97,2994
2026-08-19T15:45:00+00:00,53519.97,53538.97,53503.97,53504.97,2867
2026-08-19T15:50:00+00:00,53504.97,53524.97,53496.97,53498.47,2400
2026-08-19T15:55:00+00:00,53498.47,53515.47,53494.47,53509.97,2008
2026-08-19T16:00:00+00:00,53509.97,53546.97,53500.97,53542.97,2428
2026-08-19T16:05:00+00:00,53542.97,53561.97,53533.47,53558.47,2159
2026-08-19T16:10:00+00:00,53558.47,53586.97,53555.47,53576.97,1840
2026-08-19T16:15:00+00:00,53576.97,53598.97,53565.97,53571.97,1891
2026-08-19T16:20:00+00:00,53571.97,53571.97,53546.97,53549.97,1730
2026-08-19T16:25:00+00:00,53549.97,53557.47,53501.97,53501.97,2018
2026-08-19T16:30:00+00:00,53501.97,53504.97,53478.97,53503.47,2315
2026-08-19T16:35:00+00:00,53503.47,53507.97,53473.47,53498.97,1756
2026-08-19T16:40:00+00:00,53498.97,53499.97,53462.97,53468.97,1500
2026-08-19T16:45:00+00:00,53468.97,53486.47,53463.97,53474.97,1559
2026-08-19T16:50:00+00:00,53474.97,53474.97,53447.97,53453.97,2154
2026-08-19T16:55:00+00:00,53453.97,53453.97,53427.97,53436.97,1760
2026-08-19T17:00:00+00:00,53436.97,53468.97,53429.47,53457.47,1785
2026-08-19T17:05:00+00:00,53457.47,53471.47,53429.97,53433.47,1887
2026-08-19T17:10:00+00:00,53433.47,53477.97,53432.97,53467.97,1833
2026-08-19T17:15:00+00:00,53467.97,53474.97,53448.97,53449.97,1287
2026-08-19T17:20:00+00:00,53449.97,53455.97,53429.47,53455.47,1970
2026-08-19T17:25:00+00:00,53455.47,53489.47,53452.97,53482.97,1787
2026-08-19T17:30:00+00:00,53482.97,53488.97,53456.97,53475.97,2041
2026-08-19T17:35:00+00:00,53475.97,53478.97,53457.97,53459.97,1518
2026-08-19T17:40:00+00:00,53459.97,53489.97,53457.97,53468.97,1564
2026-08-19T17:45:00+00:00,53468.97,53489.97,53467.97,53469.97,1394
2026-08-19T17:50:00+00:00,53469.97,53488.97,53467.97,53469.97,1597
2026-08-19T17:55:00+00:00,53469.97,53472.97,53452.47,53460.87,1245
2026-08-19T18:00:00+00:00,53460.87,53516.47,53456.47,53500.47,2744
2026-08-19T18:05:00+00:00,53500.47,53504.47,53444.47,53454.47,3494
2026-08-19T18:10:00+00:00,53454.47,53492.47,53445.97,53482.97,2421
2026-08-19T18:15:00+00:00,53482.97,53490.97,53461.97,53480.97,1990
2026-08-19T18:20:00+00:00,53480.97,53486.47,53469.47,53476.47,1534
2026-08-19T18:25:00+00:00,53476.47,53494.47,53469.97,53493.97,1718
2026-08-19T18:30:00+00:00,53493.97,53512.47,53488.47,53501.97,1831
2026-08-19T18:35:00+00:00,53501.97,53509.97,53487.97,53494.47,1481
2026-08-19T18:40:00+00:00,53494.47,53507.97,53475.97,53481.97,1489
2026-08-19T18:45:00+00:00,53481.97,53485.97,53467.47,53482.97,1323
2026-08-19T18:50:00+00:00,53482.97,53489.97,53458.97,53459.97,1360
2026-08-19T18:55:00+00:00,53459.97,53463.97,53449.97,53452.97,1299
2026-08-19T19:00:00+00:00,53452.97,53464.97,53441.47,53451.97,1560
2026-08-19T19:05:00+00:00,53451.97,53479.97,53445.97,53475.97,1421
2026-08-19T19:10:00+00:00,53475.97,53490.47,53472.97,53474.97,1352
2026-08-19T19:15:00+00:00,53474.97,53483.97,53460.97,53483.97,1564
2026-08-19T19:20:00+00:00,53483.97,53503.97,53464.97,53498.47,1505
2026-08-19T19:25:00+00:00,53498.47,53501.97,53471.97,53478.97,1374
2026-08-19T19:30:00+00:00,53478.97,53537.97,53478.47,53526.97,1863
2026-08-19T19:35:00+00:00,53526.97,53528.97,53460.97,53461.47,2327
2026-08-19T19:40:00+00:00,53461.47,53478.97,53454.97,53456.97,1716
2026-08-19T19:45:00+00:00,53456.97,53475.97,53451.97,53466.47,2113
2026-08-19T19:50:00+00:00,53466.47,53475.97,53443.97,53466.47,2447
2026-08-19T19:55:00+00:00,53466.47,53489.97,53433.97,53489.97,3066
2026-08-19T20:00:00+00:00,53489.97,53500.12,53480.12,53486.62,1334
2026-08-19T20:05:00+00:00,53486.62,53487.12,53467.62,53477.62,686
2026-08-19T20:10:00+00:00,53477.62,53482.12,53471.62,53471.62,521
2026-08-19T20:15:00+00:00,53471.62,53475.62,53464.62,53469.12,626
2026-08-19T20:20:00+00:00,53469.12,53472.12,53467.12,53470.12,502
2026-08-19T20:25:00+00:00,53470.12,53481.12,53469.12,53481.12,288
2026-08-19T20:30:00+00:00,53481.12,53482.12,53471.12,53481.62,433
2026-08-19T20:35:00+00:00,53481.62,53484.62,53474.12,53474.12,262
2026-08-19T20:40:00+00:00,53474.12,53479.12,53470.12,53476.62,443
2026-08-19T20:45:00+00:00,53476.62,53486.62,53475.12,53485.62,304
2026-08-19T20:50:00+00:00,53485.62,53489.12,53478.12,53482.62,385
2026-08-19T20:55:00+00:00,53482.62,53484.62,53473.12,53475.87,372
2026-08-19T22:00:00+00:00,53475.87,53505.78,53469.53,53499.28,1006
2026-08-19T22:05:00+00:00,53499.28,53500.78,53490.28,53500.28,683
2026-08-19T22:10:00+00:00,53500.28,53517.78,53490.28,53506.28,579
2026-08-19T22:15:00+00:00,53506.28,53506.28,53498.28,53502.28,409
2026-08-19T22:20:00+00:00,53502.28,53508.28,53496.28,53506.28,298
2026-08-19T22:25:00+00:00,53506.28,53507.28,53498.78,53504.78,164
2026-08-19T22:30:00+00:00,53504.78,53507.78,53501.28,53505.78,137
2026-08-19T22:35:00+00:00,53505.78,53516.78,53501.28,53515.78,147
2026-08-19T22:40:00+00:00,53515.78,53524.28,53515.78,53520.28,96
2026-08-19T22:45:00+00:00,53520.28,53523.78,53515.78,53518.78,99
2026-08-19T22:50:00+00:00,53518.78,53523.78,53518.78,53520.78,77
2026-08-19T22:55:00+00:00,53520.78,53525.78,53509.78,53514.78,288
2026-08-19T23:00:00+00:00,53514.78,53521.78,53505.28,53510.78,816
2026-08-19T23:05:00+00:00,53510.78,53524.28,53507.78,53519.28,175
2026-08-19T23:10:00+00:00,53519.28,53520.78,53512.78,53514.78,127
2026-08-19T23:15:00+00:00,53514.78,53518.28,53514.78,53515.78,92
2026-08-19T23:20:00+00:00,53515.78,53515.78,53506.78,53510.78,119
2026-08-19T23:25:00+00:00,53510.78,53511.28,53508.28,53509.78,60
2026-08-19T23:30:00+00:00,53509.78,53510.78,53501.78,53504.78,184
2026-08-19T23:35:00+00:00,53504.78,53511.28,53501.78,53507.78,98
2026-08-19T23:40:00+00:00,53507.78,53516.28,53507.78,53512.28,83
2026-08-19T23:45:00+00:00,53512.28,53514.28,53508.78,53511.78,170
2026-08-19T23:50:00+00:00,53511.78,53521.28,53509.78,53513.28,183
2026-08-19T23:55:00+00:00,53513.28,53517.78,53508.28,53508.28,219
2026-08-20T00:00:00+00:00,53508.28,53508.28,53485.78,53501.28,951
2026-08-20T00:05:00+00:00,53501.28,53507.78,53486.78,53495.78,551
2026-08-20T00:10:00+00:00,53495.78,53499.28,53480.78,53498.78,430
2026-08-20T00:15:00+00:00,53498.78,53512.28,53497.78,53504.28,644
2026-08-20T00:20:00+00:00,53504.28,53509.28,53499.28,53503.78,321
2026-08-20T00:25:00+00:00,53503.78,53506.28,53498.78,53499.78,288
2026-08-20T00:30:00+00:00,53499.78,53499.78,53491.28,53496.28,292
2026-08-20T00:35:00+00:00,53496.28,53506.28,53486.78,53505.28,218
2026-08-20T00:40:00+00:00,53505.28,53506.28,53489.28,53492.28,162
2026-08-20T00:45:00+00:00,53492.28,53499.78,53490.78,53499.78,213
2026-08-20T00:50:00+00:00,53499.78,53503.28,53493.28,53495.28,226
2026-08-20T00:55:00+00:00,53495.28,53497.78,53491.28,53494.28,138
2026-08-20T01:00:00+00:00,53494.28,53503.78,53491.28,53494.28,361
2026-08-20T01:05:00+00:00,53494.28,53498.28,53485.28,53488.28,263
2026-08-20T01:10:00+00:00,53488.28,53489.28,53478.28,53488.28,347
2026-08-20T01:15:00+00:00,53488.28,53500.28,53488.28,53499.28,372
2026-08-20T01:20:00+00:00,53499.28,53504.28,53486.28,53490.28,321
2026-08-20T01:25:00+00:00,53490.28,53492.78,53482.28,53492.78,258
2026-08-20T01:30:00+00:00,53492.78,53506.78,53487.28,53492.78,860
2026-08-20T01:35:00+00:00,53492.78,53496.78,53487.78,53495.78,377
2026-08-20T01:40:00+00:00,53495.78,53499.78,53488.28,53488.78,335
2026-08-20T01:45:00+00:00,53488.78,53495.28,53479.78,53483.78,321
2026-08-20T01:50:00+00:00,53483.78,53492.78,53481.28,53483.78,287
2026-08-20T01:55:00+00:00,53483.78,53484.28,53470.28,53478.28,247
2026-08-20T02:00:00+00:00,53478.28,53498.78,53477.28,53498.28,428
2026-08-20T02:05:00+00:00,53498.28,53501.28,53492.28,53492.28,258
2026-08-20T02:10:00+00:00,53492.28,53500.28,53488.78,53499.28,180
2026-08-20T02:15:00+00:00,53499.28,53500.28,53489.28,53492.28,241
2026-08-20T02:20:00+00:00,53492.28,53492.28,53478.78,53483.28,266
2026-08-20T02:25:00+00:00,53483.28,53483.78,53474.78,53475.78,217
2026-08-20T02:30:00+00:00,53475.78,53493.28,53473.78,53493.28,220
2026-08-20T02:35:00+00:00,53493.28,53493.28,53481.28,53484.28,184
2026-08-20T02:40:00+00:00,53484.28,53496.28,53483.78,53490.78,182
2026-08-20T02:45:00+00:00,53490.78,53495.28,53483.78,53484.28,169
2026-08-20T02:50:00+00:00,53484.28,53485.78,53479.78,53481.78,213
2026-08-20T02:55:00+00:00,53481.78,53488.78,53479.78,53486.78,201
2026-08-20T03:00:00+00:00,53486.78,53495.28,53485.28,53491.78,221
2026-08-20T03:05:00+00:00,53491.78,53507.78,53491.78,53496.78,207
2026-08-20T03:10:00+00:00,53496.78,53497.28,53486.28,53496.78,241
2026-08-20T03:15:00+00:00,53496.78,53502.28,53495.28,53501.78,121
2026-08-20T03:20:00+00:00,53501.78,53507.28,53501.78,53502.28,192
2026-08-20T03:25:00+00:00,53502.28,53506.28,53500.78,53500.78,214
2026-08-20T03:30:00+00:00,53500.78,53500.78,53488.28,53495.78,249
2026-08-20T03:35:00+00:00,53495.78,53497.28,53489.78,53497.28,199
2026-08-20T03:40:00+00:00,53497.28,53503.28,53494.28,53500.28,136
2026-08-20T03:45:00+00:00,53500.28,53504.28,53492.78,53501.78,231
2026-08-20T03:50:00+00:00,53501.78,53503.78,53496.78,53496.78,169
2026-08-20T03:55:00+00:00,53496.78,53504.78,53495.78,53500.78,149
2026-08-20T04:00:00+00:00,53500.78,53503.28,53496.28,53498.78,143
2026-08-20T04:05:00+00:00,53498.78,53508.28,53498.78,53508.28,137
2026-08-20T04:10:00+00:00,53508.28,53512.78,53507.28,53508.28,131
2026-08-20T04:15:00+00:00,53508.28,53508.78,53501.28,53501.28,89
2026-08-20T04:20:00+00:00,53501.28,53504.28,53496.28,53497.78,95
2026-08-20T04:25:00+00:00,53497.78,53503.28,53497.28,53497.78,100
2026-08-20T04:30:00+00:00,53497.78,53500.28,53491.28,53491.28,146
2026-08-20T04:35:00+00:00,53491.28,53499.78,53489.78,53499.78,151
2026-08-20T04:40:00+00:00,53499.78,53508.28,53499.78,53502.28,106
2026-08-20T04:45:00+00:00,53502.28,53507.28,53501.78,53503.28,114
2026-08-20T04:50:00+00:00,53503.28,53510.28,53503.28,53508.28,133
2026-08-20T04:55:00+00:00,53508.28,53509.78,53503.28,53504.78,141
2026-08-20T05:00:00+00:00,53504.78,53504.78,53494.78,53497.78,180
2026-08-20T05:05:00+00:00,53497.78,53499.78,53494.28,53495.28,79
2026-08-20T05:10:00+00:00,53495.28,53495.28,53486.28,53486.78,143
2026-08-20T05:15:00+00:00,53486.78,53502.28,53485.78,53501.28,232
2026-08-20T05:20:00+00:00,53501.28,53504.28,53494.28,53503.78,137
2026-08-20T05:25:00+00:00,53503.78,53504.28,53492.78,53493.28,175
2026-08-20T05:30:00+00:00,53493.28,53500.28,53488.78,53491.78,256
2026-08-20T05:35:00+00:00,53491.78,53491.78,53486.28,53491.78,170
2026-08-20T05:40:00+00:00,53491.78,53492.28,53485.28,53485.78,180
2026-08-20T05:45:00+00:00,53485.78,53486.78,53477.28,53480.78,182
2026-08-20T05:50:00+00:00,53480.78,53480.78,53462.28,53462.78,213
2026-08-20T05:55:00+00:00,53462.78,53473.28,53462.28,53473.28,118
2026-08-20T06:00:00+00:00,53473.28,53507.28,53472.28,53505.28,325
2026-08-20T06:05:00+00:00,53505.28,53521.28,53505.28,53519.28,374
2026-08-20T06:10:00+00:00,53519.28,53529.28,53508.28,53509.28,443
2026-08-20T06:15:00+00:00,53509.28,53510.78,53489.78,53499.78,364
2026-08-20T06:20:00+00:00,53499.78,53505.78,53492.78,53505.78,223
2026-08-20T06:25:00+00:00,53505.78,53513.28,53501.28,53510.78,241
2026-08-20T06:30:00+00:00,53510.78,53530.28,53504.78,53529.78,291
2026-08-20T06:35:00+00:00,53529.78,53533.78,53517.78,53520.28,324
2026-08-20T06:40:00+00:00,53520.28,53531.28,53515.78,53519.78,255
2026-08-20T06:45:00+00:00,53519.78,53533.28,53517.78,53526.78,277
2026-08-20T06:50:00+00:00,53526.78,53528.78,53510.78,53516.78,336
2026-08-20T06:55:00+00:00,53516.78,53518.78,53505.28,53505.28,275
2026-08-20T07:00:00+00:00,53505.28,53505.28,53451.28,53464.28,1120
2026-08-20T07:05:00+00:00,53464.28,53482.28,53460.78,53474.28,694
2026-08-20T07:10:00+00:00,53474.28,53481.78,53451.28,53453.78,652
2026-08-20T07:15:00+00:00,53453.78,53456.78,53444.28,53448.28,432
2026-08-20T07:20:00+00:00,53448.28,53457.78,53431.28,53438.28,653
2026-08-20T07:25:00+00:00,53438.28,53441.78,53421.28,53430.78,633
2026-08-20T07:30:00+00:00,53430.78,53444.28,53406.28,53439.28,966
2026-08-20T07:35:00+00:00,53439.28,53452.28,53435.28,53438.78,650
2026-08-20T07:40:00+00:00,53438.78,53449.78,53436.28,53438.78,524
2026-08-20T07:45:00+00:00,53438.78,53450.78,53435.78,53450.78,427
2026-08-20T07:50:00+00:00,53450.78,53450.78,53433.78,53439.28,422
2026-08-20T07:55:00+00:00,53439.28,53443.78,53416.78,53419.28,423
2026-08-20T08:00:00+00:00,53419.28,53453.28,53417.78,53436.28,1139
2026-08-20T08:05:00+00:00,53436.28,53457.28,53434.78,53436.28,964
2026-08-20T08:10:00+00:00,53436.28,53442.78,53431.28,53437.28,788
2026-08-20T08:15:00+00:00,53437.28,53452.28,53435.78,53441.78,784
2026-08-20T08:20:00+00:00,53441.78,53449.78,53412.28,53423.28,881
2026-08-20T08:25:00+00:00,53423.28,53426.78,53399.28,53404.28,850
2026-08-20T08:30:00+00:00,53404.28,53404.78,53357.78,53362.78,1339
2026-08-20T08:35:00+00:00,53362.78,53401.28,53359.78,53399.78,946
2026-08-20T08:40:00+00:00,53399.78,53407.28,53366.28,53368.78,1053
2026-08-20T08:45:00+00:00,53368.78,53373.78,53349.78,53360.78,1228
2026-08-20T08:50:00+00:00,53360.78,53390.28,53360.78,53385.28,726
2026-08-20T08:55:00+00:00,53385.28,53387.28,53369.28,53374.28,739
2026-08-20T09:00:00+00:00,53374.28,53390.78,53369.28,53389.78,1013
2026-08-20T09:05:00+00:00,53389.78,53402.28,53379.78,53390.78,877
2026-08-20T09:10:00+00:00,53390.78,53397.78,53372.28,53388.78,888
2026-08-20T09:15:00+00:00,53388.78,53399.28,53380.78,53393.78,881
2026-08-20T09:20:00+00:00,53393.78,53398.78,53386.78,53393.28,781
2026-08-20T09:25:00+00:00,53393.28,53399.28,53380.78,53382.28,555
2026-08-20T09:30:00+00:00,53382.28,53385.78,53376.78,53379.78,613
2026-08-20T09:35:00+00:00,53379.78,53398.28,53376.78,53397.28,629
2026-08-20T09:40:00+00:00,53397.28,53401.78,53380.78,53399.78,485
2026-08-20T09:45:00+00:00,53399.78,53408.78,53394.28,53395.78,379
2026-08-20T09:50:00+00:00,53395.78,53400.78,53376.28,53396.28,542
2026-08-20T09:55:00+00:00,53396.28,53396.78,53377.78,53381.28,462
2026-08-20T10:00:00+00:00,53381.28,53405.28,53374.78,53397.78,626
2026-08-20T10:05:00+00:00,53397.78,53407.28,53393.78,53399.78,446
2026-08-20T10:10:00+00:00,53399.78,53409.28,53391.78,53405.28,420
2026-08-20T10:15:00+00:00,53405.28,53407.78,53394.78,53398.28,359
2026-08-20T10:20:00+00:00,53398.28,53402.28,53393.78,53398.78,302
2026-08-20T10:25:00+00:00,53398.78,53408.78,53395.78,53408.78,456
2026-08-20T10:30:00+00:00,53408.78,53416.28,53402.28,53407.78,414
2026-08-20T10:35:00+00:00,53407.78,53419.28,53389.78,53393.78,984
2026-08-20T10:40:00+00:00,53393.78,53398.78,53388.78,53391.78,442
2026-08-20T10:45:00+00:00,53391.78,53415.78,53387.28,53413.78,414
2026-08-20T10:50:00+00:00,53413.78,53416.78,53401.28,53403.28,381
2026-08-20T10:55:00+00:00,53403.28,53417.28,53399.78,53417.28,370
2026-08-20T11:00:00+00:00,53417.28,53428.78,53366.28,53366.78,1966
2026-08-20T11:05:00+00:00,53366.78,53371.28,53349.28,53365.28,754
2026-08-20T11:10:00+00:00,53365.28,53366.28,53342.78,53362.78,805
2026-08-20T11:15:00+00:00,53362.78,53372.28,53350.28,53350.28,693
2026-08-20T11:20:00+00:00,53350.28,53351.78,53327.28,53328.28,891
2026-08-20T11:25:00+00:00,53328.28,53332.78,53288.28,53288.78,1045
2026-08-20T11:30:00+00:00,53288.78,53299.28,53270.78,53276.28,1161
2026-08-20T11:35:00+00:00,53276.28,53288.28,53262.78,53284.78,1027
2026-08-20T11:40:00+00:00,53284.78,53288.78,53248.28,53250.78,1101
2026-08-20T11:45:00+00:00,53250.78,53251.78,53223.28,53228.28,1748
2026-08-20T11:50:00+00:00,53228.28,53234.28,53212.28,53215.78,1373
2026-08-20T11:55:00+00:00,53215.78,53223.28,53173.78,53181.78,1590
2026-08-20T12:00:00+00:00,53181.78,53184.78,53123.78,53131.28,2894
2026-08-20T12:05:00+00:00,53131.28,53136.78,53074.28,53088.78,3190
2026-08-20T12:10:00+00:00,53088.78,53098.78,53067.78,53083.78,2401
2026-08-20T12:15:00+00:00,53083.78,53103.28,53065.78,53067.78,1958
2026-08-20T12:20:00+00:00,53067.78,53101.78,53063.28,53089.78,1943
2026-08-20T12:25:00+00:00,53089.78,53089.78,53062.78,53063.28,1316
2026-08-20T12:30:00+00:00,53063.28,53076.78,53042.78,53050.78,1245
2026-08-20T12:35:00+00:00,53050.78,53054.78,53013.78,53038.28,1671
2026-08-20T12:40:00+00:00,53038.28,53061.28,53030.28,53040.78,1865
2026-08-20T12:45:00+00:00,53040.78,53074.28,53033.78,53073.28,1203
2026-08-20T12:50:00+00:00,53073.28,53077.78,53061.78,53077.28,1104
2026-08-20T12:55:00+00:00,53077.28,53082.28,53043.28,53052.78,1386
2026-08-20T13:00:00+00:00,53052.78,53098.28,53052.78,53084.28,1453
2026-08-20T13:05:00+00:00,53084.28,53091.28,53056.78,53059.28,1266
2026-08-20T13:10:00+00:00,53059.28,53064.28,53030.78,53033.28,1132
2026-08-20T13:15:00+00:00,53033.28,53033.28,53011.78,53012.78,1946
2026-08-20T13:20:00+00:00,53012.78,53025.78,52990.78,53025.78,1014
2026-08-20T13:25:00+00:00,53025.78,53081.28,53023.28,53080.28,1460
2026-08-20T13:30:00+00:00,53080.28,53154.13,52997.13,53145.13,11016
2026-08-20T13:35:00+00:00,53145.13,53171.63,53090.63,53129.13,8414
2026-08-20T13:40:00+00:00,53129.13,53163.13,53095.63,53111.63,6696
2026-08-20T13:45:00+00:00,53111.63,53195.63,53109.63,53195.63,6368
2026-08-20T13:50:00+00:00,53195.63,53209.63,53155.63,53188.13,5675
2026-08-20T13:55:00+00:00,53188.13,53193.63,53114.63,53136.13,4636
2026-08-20T14:00:00+00:00,53136.13,53143.63,53098.63,53098.63,5256
2026-08-20T14:05:00+00:00,53098.63,53111.13,53061.13,53100.63,5366
2026-08-20T14:10:00+00:00,53100.63,53103.63,53030.63,53032.63,4163
2026-08-20T14:15:00+00:00,53032.63,53058.13,53019.63,53021.63,4433
2026-08-20T14:20:00+00:00,53021.63,53131.63,53020.63,53120.13,4936
2026-08-20T14:25:00+00:00,53120.13,53139.63,53087.13,53115.63,4739
2026-08-20T14:30:00+00:00,53115.63,53151.63,53093.13,53113.63,4210
2026-08-20T14:35:00+00:00,53113.63,53145.13,53095.63,53121.63,3897
2026-08-20T14:40:00+00:00,53121.63,53143.63,53100.63,53125.13,2927
2026-08-20T14:45:00+00:00,53125.13,53149.63,53108.63,53118.13,3088
2026-08-20T14:50:00+00:00,53118.13,53176.63,53106.63,53148.63,3098
2026-08-20T14:55:00+00:00,53148.63,53175.63,53130.13,53168.63,3134
2026-08-20T15:00:00+00:00,53168.63,53231.63,53165.13,53212.13,5590
2026-08-20T15:05:00+00:00,53212.13,53213.13,53130.63,53139.13,4807
2026-08-20T15:10:00+00:00,53139.13,53161.63,53107.63,53160.13,4606
2026-08-20T15:15:00+00:00,53160.13,53178.13,53130.13,53155.63,3115
2026-08-20T15:20:00+00:00,53155.63,53156.63,53094.63,53120.63,3091
2026-08-20T15:25:00+00:00,53120.63,53144.63,53109.63,53139.63,3097
2026-08-20T15:30:00+00:00,53139.63,53151.63,53079.63,53080.63,3299
2026-08-20T15:35:00+00:00,53080.63,53083.13,53044.63,53044.63,2997
2026-08-20T15:40:00+00:00,53044.63,53053.63,53001.63,53003.63,2588
2026-08-20T15:45:00+00:00,53003.63,53037.63,53003.63,53025.63,2611
2026-08-20T15:50:00+00:00,53025.63,53043.63,53014.63,53029.63,2319
2026-08-20T15:55:00+00:00,53029.63,53047.13,53012.63,53030.63,2069
2026-08-20T16:00:00+00:00,53030.63,53040.13,53002.63,53018.13,2302
2026-08-20T16:05:00+00:00,53018.13,53049.13,53016.63,53043.63,1851
2026-08-20T16:10:00+00:00,53043.63,53049.63,53006.63,53018.13,1632
2026-08-20T16:15:00+00:00,53018.13,53024.63,53008.63,53015.63,1552
2026-08-20T16:20:00+00:00,53015.63,53037.63,53004.13,53029.13,1734
2026-08-20T16:25:00+00:00,53029.13,53035.63,53007.13,53019.63,1618
2026-08-20T16:30:00+00:00,53019.63,53051.63,53002.13,53049.13,1816
2026-08-20T16:35:00+00:00,53049.13,53066.63,53040.13,53058.63,1642
2026-08-20T16:40:00+00:00,53058.63,53092.63,53055.63,53091.63,1714
2026-08-20T16:45:00+00:00,53091.63,53091.63,53067.63,53078.13,1507
2026-08-20T16:50:00+00:00,53078.13,53096.63,53059.63,53062.63,1472
2026-08-20T16:55:00+00:00,53062.63,53079.63,53053.13,53076.63,1403
2026-08-20T17:00:00+00:00,53076.63,53077.13,53047.63,53053.13,1041
2026-08-20T17:05:00+00:00,53053.13,53060.63,53028.63,53034.63,1324
2026-08-20T17:10:00+00:00,53034.63,53042.63,53019.63,53023.63,1203
2026-08-20T17:15:00+00:00,53023.63,53024.63,52976.63,52977.63,1893
2026-08-20T17:20:00+00:00,52977.63,52996.63,52972.13,52981.63,1837
2026-08-20T17:25:00+00:00,52981.63,52982.63,52965.63,52972.63,1169
2026-08-20T17:30:00+00:00,52972.63,52975.63,52948.63,52948.63,1441
2026-08-20T17:35:00+00:00,52948.63,52956.63,52922.63,52937.63,1679
2026-08-20T17:40:00+00:00,52937.63,52942.63,52920.63,52931.13,1267
2026-08-20T17:45:00+00:00,52931.13,52942.63,52927.63,52933.63,1712
2026-08-20T17:50:00+00:00,52933.63,52944.63,52929.63,52934.63,1475
2026-08-20T17:55:00+00:00,52934.63,52941.63,52921.63,52924.63,1257
2026-08-20T18:00:00+00:00,52924.63,52925.63,52894.63,52906.63,1738
2026-08-20T18:05:00+00:00,52906.63,52908.13,52874.63,52888.63,1659
2026-08-20T18:10:00+00:00,52888.63,52888.63,52862.13,52867.63,1527
2026-08-20T18:15:00+00:00,52867.63,52869.63,52844.63,52866.63,1587
2026-08-20T18:20:00+00:00,52866.63,52885.13,52866.63,52871.13,1420
2026-08-20T18:25:00+00:00,52871.13,52875.63,52856.13,52856.63,1184
2026-08-20T18:30:00+00:00,52856.63,52862.63,52835.63,52836.63,1275
2026-08-20T18:35:00+00:00,52836.63,52863.63,52835.63,52850.63,1179
2026-08-20T18:40:00+00:00,52850.63,52864.63,52840.63,52854.63,957
2026-08-20T18:45:00+00:00,52854.63,52869.63,52847.63,52861.63,1168
2026-08-20T18:50:00+00:00,52861.63,52870.63,52844.63,52846.63,1074
2026-08-20T18:55:00+00:00,52846.63,52854.63,52824.63,52824.63,887
2026-08-20T19:00:00+00:00,52824.63,52829.63,52807.63,52827.63,1327
2026-08-20T19:05:00+00:00,52827.63,52845.13,52821.63,52839.63,1261
2026-08-20T19:10:00+00:00,52839.63,52852.13,52832.63,52849.13,1291
2026-08-20T19:15:00+00:00,52849.13,52868.13,52848.63,52853.63,1665
2026-08-20T19:20:00+00:00,52853.63,52872.13,52843.63,52860.63,1274
2026-08-20T19:25:00+00:00,52860.63,52863.63,52835.63,52837.63,1086
2026-08-20T19:30:00+00:00,52837.63,52846.63,52811.13,52811.63,1799
2026-08-20T19:35:00+00:00,52811.63,52840.63,52805.63,52837.63,1545
2026-08-20T19:40:00+00:00,52837.63,52845.63,52817.63,52824.63,1298
2026-08-20T19:45:00+00:00,52824.63,52846.63,52805.63,52844.63,1929
2026-08-20T19:50:00+00:00,52844.63,52859.63,52816.63,52825.63,2666
2026-08-20T19:55:00+00:00,52825.63,52835.63,52773.63,52802.63,4190
2026-08-20T20:00:00+00:00,52802.63,52816.28,52789.78,52793.78,1326
2026-08-20T20:05:00+00:00,52793.78,52794.28,52777.78,52791.78,786
2026-08-20T20:10:00+00:00,52791.78,52799.28,52775.28,52777.28,666
2026-08-20T20:15:00+00:00,52777.28,52779.28,52757.28,52770.78,618
2026-08-20T20:20:00+00:00,52770.78,52781.78,52766.78,52780.28,363
2026-08-20T20:25:00+00:00,52780.28,52789.28,52780.28,52783.78,273
2026-08-20T20:30:00+00:00,52783.78,52791.28,52778.78,52789.28,294
2026-08-20T20:35:00+00:00,52789.28,52806.28,52789.28,52799.78,226
2026-08-20T20:40:00+00:00,52799.78,52804.28,52793.78,52796.78,240
2026-08-20T20:45:00+00:00,52796.78,52803.28,52796.78,52801.28,188
2026-08-20T20:50:00+00:00,52801.28,52802.78,52797.28,52801.28,211
2026-08-20T20:55:00+00:00,52801.28,52808.78,52801.28,52803.03,231
2026-08-20T22:00:00+00:00,52803.03,52809.23,52780.23,52787.73,849
2026-08-20T22:05:00+00:00,52787.73,52795.23,52785.48,52790.73,430
2026-08-20T22:10:00+00:00,52790.73,52798.73,52786.23,52791.23,199
2026-08-20T22:15:00+00:00,52791.23,52806.73,52790.23,52799.23,166
2026-08-20T22:20:00+00:00,52799.23,52803.73,52794.73,52796.73,158
2026-08-20T22:25:00+00:00,52796.73,52802.23,52792.73,52799.23,177
2026-08-20T22:30:00+00:00,52799.23,52803.23,52789.73,52797.73,213
2026-08-20T22:35:00+00:00,52797.73,52800.23,52792.23,52794.23,159
2026-08-20T22:40:00+00:00,52794.23,52798.73,52791.73,52798.23,165
2026-08-20T22:45:00+00:00,52798.23,52802.23,52796.73,52801.73,113
2026-08-20T22:50:00+00:00,52801.73,52808.73,52800.73,52807.23,138
2026-08-20T22:55:00+00:00,52807.23,52809.73,52805.23,52809.73,38
2026-08-20T23:00:00+00:00,52809.73,52809.73,52798.73,52803.73,264
2026-08-20T23:05:00+00:00,52803.73,52806.23,52799.23,52799.73,115
2026-08-20T23:10:00+00:00,52799.73,52805.73,52799.73,52800.23,75
2026-08-20T23:15:00+00:00,52800.23,52805.23,52797.23,52801.73,142
2026-08-20T23:20:00+00:00,52801.73,52804.73,52800.73,52803.73,104
2026-08-20T23:25:00+00:00,52803.73,52804.73,52800.73,52803.73,116
2026-08-20T23:30:00+00:00,52803.73,52807.23,52802.23,52803.23,103
2026-08-20T23:35:00+00:00,52803.23,52803.23,52796.73,52801.23,102
2026-08-20T23:40:00+00:00,52801.23,52805.73,52800.73,52803.73,126
2026-08-20T23:45:00+00:00,52803.73,52803.73,52789.73,52800.73,271
2026-08-20T23:50:00+00:00,52800.73,52804.73,52795.23,52801.73,216
2026-08-20T23:55:00+00:00,52801.73,52806.73,52798.73,52804.73,210
2026-08-21T00:00:00+00:00,52804.73,52822.23,52801.23,52814.23,777
2026-08-21T00:05:00+00:00,52814.23,52827.23,52811.73,52824.23,515
2026-08-21T00:10:00+00:00,52824.23,52831.23,52822.23,52824.23,498
2026-08-21T00:15:00+00:00,52824.23,52824.73,52805.23,52812.73,737
2026-08-21T00:20:00+00:00,52812.73,52825.73,52812.23,52820.23,461
2026-08-21T00:25:00+00:00,52820.23,52826.23,52808.23,52813.73,400
2026-08-21T00:30:00+00:00,52813.73,52822.23,52810.73,52818.23,494
2026-08-21T00:35:00+00:00,52818.23,52827.73,52817.73,52826.23,460
2026-08-21T00:40:00+00:00,52826.23,52827.23,52809.23,52811.23,451
2026-08-21T00:45:00+00:00,52811.23,52817.23,52805.23,52809.23,327
2026-08-21T00:50:00+00:00,52809.23,52809.23,52794.23,52796.23,335
2026-08-21T00:55:00+00:00,52796.23,52799.73,52794.73,52796.23,326
2026-08-21T01:00:00+00:00,52796.23,52808.23,52792.23,52803.73,436
2026-08-21T01:05:00+00:00,52803.73,52805.23,52787.73,52794.23,506
2026-08-21T01:10:00+00:00,52794.23,52801.23,52785.73,52790.73,454
2026-08-21T01:15:00+00:00,52790.73,52801.73,52783.73,52794.73,628
2026-08-21T01:20:00+00:00,52794.73,52798.73,52783.23,52789.73,555
2026-08-21T01:25:00+00:00,52789.73,52795.23,52786.23,52786.23,337
2026-08-21T01:30:00+00:00,52786.23,52792.73,52784.73,52789.23,382
2026-08-21T01:35:00+00:00,52789.23,52792.23,52779.73,52780.73,395
2026-08-21T01:40:00+00:00,52780.73,52786.23,52777.73,52783.23,372
2026-08-21T01:45:00+00:00,52783.23,52785.23,52777.23,52784.23,288
2026-08-21T01:50:00+00:00,52784.23,52784.73,52768.23,52770.23,227
2026-08-21T01:55:00+00:00,52770.23,52782.73,52769.23,52782.23,307
2026-08-21T02:00:00+00:00,52782.23,52790.23,52779.73,52784.23,417
2026-08-21T02:05:00+00:00,52784.23,52789.23,52781.23,52782.23,208
2026-08-21T02:10:00+00:00,52782.23,52784.73,52777.23,52783.73,199
2026-08-21T02:15:00+00:00,52783.73,52785.73,52781.23,52781.73,147
2026-08-21T02:20:00+00:00,52781.73,52804.23,52781.73,52794.23,311
2026-08-21T02:25:00+00:00,52794.23,52796.23,52787.23,52793.23,298
2026-08-21T02:30:00+00:00,52793.23,52795.23,52786.23,52789.23,290
2026-08-21T02:35:00+00:00,52789.23,52799.73,52787.73,52793.73,213
2026-08-21T02:40:00+00:00,52793.73,52800.73,52793.23,52794.23,308
2026-08-21T02:45:00+00:00,52794.23,52799.73,52789.23,52794.23,291
2026-08-21T02:50:00+00:00,52794.23,52801.23,52789.23,52797.73,157
2026-08-21T02:55:00+00:00,52797.73,52801.23,52792.23,52792.73,180
2026-08-21T03:00:00+00:00,52792.73,52794.23,52785.23,52790.73,138
2026-08-21T03:05:00+00:00,52790.73,52790.73,52781.73,52785.73,181
2026-08-21T03:10:00+00:00,52785.73,52786.73,52781.73,52781.73,118
2026-08-21T03:15:00+00:00,52781.73,52786.23,52778.23,52781.23,181
2026-08-21T03:20:00+00:00,52781.23,52790.23,52781.23,52790.23,193
2026-08-21T03:25:00+00:00,52790.23,52792.23,52787.23,52791.23,159
2026-08-21T03:30:00+00:00,52791.23,52807.23,52791.23,52806.23,270
2026-08-21T03:35:00+00:00,52806.23,52806.23,52797.73,52801.73,219
2026-08-21T03:40:00+00:00,52801.73,52802.23,52796.23,52798.73,200
2026-08-21T03:45:00+00:00,52798.73,52804.23,52794.73,52799.23,151
2026-08-21T03:50:00+00:00,52799.23,52802.23,52795.73,52799.23,126
2026-08-21T03:55:00+00:00,52799.23,52809.23,52796.23,52806.23,176
2026-08-21T04:00:00+00:00,52806.23,52813.23,52806.23,52813.23,179
2026-08-21T04:05:00+00:00,52813.23,52818.23,52810.23,52811.73,130
2026-08-21T04:10:00+00:00,52811.73,52813.23,52805.73,52807.23,177
2026-08-21T04:15:00+00:00,52807.23,52811.23,52804.23,52810.23,176
2026-08-21T04:20:00+00:00,52810.23,52810.23,52798.23,52798.23,182
2026-08-21T04:25:00+00:00,52798.23,52800.73,52796.73,52796.73,147
2026-08-21T04:30:00+00:00,52796.73,52802.23,52789.23,52796.73,189
2026-08-21T04:35:00+00:00,52796.73,52797.23,52788.23,52791.73,196
2026-08-21T04:40:00+00:00,52791.73,52795.73,52789.23,52795.23,110
2026-08-21T04:45:00+00:00,52795.23,52813.23,52795.23,52812.23,198
2026-08-21T04:50:00+00:00,52812.23,52817.73,52811.73,52816.23,172
2026-08-21T04:55:00+00:00,52816.23,52816.23,52808.73,52815.23,165
2026-08-21T05:00:00+00:00,52815.23,52823.23,52815.23,52823.23,149
2026-08-21T05:05:00+00:00,52823.23,52823.23,52814.23,52814.73,128
2026-08-21T05:10:00+00:00,52814.73,52824.23,52812.73,52824.23,144
2026-08-21T05:15:00+00:00,52824.23,52824.23,52818.23,52820.23,95
2026-08-21T05:20:00+00:00,52820.23,52820.23,52809.23,52811.23,167
2026-08-21T05:25:00+00:00,52811.23,52815.73,52801.23,52801.73,175
2026-08-21T05:30:00+00:00,52801.73,52817.23,52799.23,52815.73,231
2026-08-21T05:35:00+00:00,52815.73,52820.23,52810.23,52816.23,157
2026-08-21T05:40:00+00:00,52816.23,52817.73,52806.23,52810.73,183
2026-08-21T05:45:00+00:00,52810.73,52810.73,52799.23,52802.23,172
2026-08-21T05:50:00+00:00,52802.23,52803.23,52798.23,52801.23,168
2026-08-21T05:55:00+00:00,52801.23,52813.23,52801.23,52812.23,249
2026-08-21T06:00:00+00:00,52812.23,52817.23,52804.73,52810.73,361
2026-08-21T06:05:00+00:00,52810.73,52817.23,52806.23,52813.73,249
2026-08-21T06:10:00+00:00,52813.73,52822.23,52811.73,52821.23,258
2026-08-21T06:15:00+00:00,52821.23,52830.23,52819.23,52823.23,248
2026-08-21T06:20:00+00:00,52823.23,52823.73,52814.23,52816.73,253
2026-08-21T06:25:00+00:00,52816.73,52827.23,52813.73,52824.23,287
2026-08-21T06:30:00+00:00,52824.23,52846.73,52824.23,52846.73,322
2026-08-21T06:35:00+00:00,52846.73,52854.23,52834.73,52835.23,318
2026-08-21T06:40:00+00:00,52835.23,52836.23,52828.23,52828.73,205
2026-08-21T06:45:00+00:00,52828.73,52837.73,52822.23,52837.73,241
2026-08-21T06:50:00+00:00,52837.73,52848.23,52831.23,52846.23,659
2026-08-21T06:55:00+00:00,52846.23,52859.23,52835.73,52853.73,680
2026-08-21T07:00:00+00:00,52853.73,52865.23,52834.23,52856.73,824
2026-08-21T07:05:00+00:00,52856.73,52860.73,52841.23,52842.23,582
2026-08-21T07:10:00+00:00,52842.23,52871.23,52839.73,52870.73,422
2026-08-21T07:15:00+00:00,52870.73,52871.23,52854.23,52861.23,520
2026-08-21T07:20:00+00:00,52861.23,52871.23,52852.73,52870.23,465
2026-08-21T07:25:00+00:00,52870.23,52877.23,52857.23,52875.73,334
2026-08-21T07:30:00+00:00,52875.73,52905.23,52873.23,52903.73,545
2026-08-21T07:35:00+00:00,52903.73,52909.73,52892.73,52904.23,466
2026-08-21T07:40:00+00:00,52904.23,52917.73,52898.23,52904.73,472
2026-08-21T07:45:00+00:00,52904.73,52920.73,52899.23,52909.23,578
2026-08-21T07:50:00+00:00,52909.23,52911.73,52901.73,52901.73,336
2026-08-21T07:55:00+00:00,52901.73,52909.23,52894.23,52908.73,448
2026-08-21T08:00:00+00:00,52908.73,52910.23,52891.23,52891.73,732
2026-08-21T08:05:00+00:00,52891.73,52900.23,52880.23,52898.23,623
2026-08-21T08:10:00+00:00,52898.23,52915.73,52893.73,52898.23,552
2026-08-21T08:15:00+00:00,52898.23,52935.23,52897.73,52933.23,530
2026-08-21T08:20:00+00:00,52933.23,52941.73,52926.23,52934.73,577
2026-08-21T08:25:00+00:00,52934.73,52948.73,52933.73,52946.23,463
2026-08-21T08:30:00+00:00,52946.23,52948.23,52931.23,52934.73,481
2026-08-21T08:35:00+00:00,52934.73,52956.23,52934.73,52955.23,420
2026-08-21T08:40:00+00:00,52955.23,52969.73,52953.73,52966.23,556
2026-08-21T08:45:00+00:00,52966.23,52972.23,52958.23,52966.73,369
2026-08-21T08:50:00+00:00,52966.73,52985.73,52966.23,52969.73,470
2026-08-21T08:55:00+00:00,52969.73,52973.23,52961.73,52968.73,347
2026-08-21T09:00:00+00:00,52968.73,52973.73,52962.23,52965.23,545
2026-08-21T09:05:00+00:00,52965.23,52985.23,52960.23,52984.23,609
2026-08-21T09:10:00+00:00,52984.23,52985.23,52967.23,52980.73,604
2026-08-21T09:15:00+00:00,52980.73,52993.73,52977.23,52978.73,546
2026-08-21T09:20:00+00:00,52978.73,52987.23,52966.73,52968.23,439
2026-08-21T09:25:00+00:00,52968.23,52970.73,52957.23,52965.23,274
2026-08-21T09:30:00+00:00,52965.23,52971.23,52951.23,52955.23,341
2026-08-21T09:35:00+00:00,52955.23,52967.23,52949.73,52962.73,377
2026-08-21T09:40:00+00:00,52962.73,52967.23,52955.23,52961.73,458
2026-08-21T09:45:00+00:00,52961.73,52962.73,52939.23,52947.23,328
2026-08-21T09:50:00+00:00,52947.23,52949.23,52932.23,52940.23,455
2026-08-21T09:55:00+00:00,52940.23,52958.23,52940.23,52945.23,352
2026-08-21T10:00:00+00:00,52945.23,52981.73,52943.73,52960.73,709
2026-08-21T10:05:00+00:00,52960.73,52965.23,52938.23,52949.23,534
2026-08-21T10:10:00+00:00,52949.23,52949.23,52935.23,52941.73,454
2026-08-21T10:15:00+00:00,52941.73,52968.23,52938.23,52956.73,430
2026-08-21T10:20:00+00:00,52956.73,52965.23,52950.23,52965.23,311
2026-08-21T10:25:00+00:00,52965.23,52975.73,52961.23,52969.73,267
2026-08-21T10:30:00+00:00,52969.73,52970.73,52962.73,52964.23,309
2026-08-21T10:35:00+00:00,52964.23,52971.73,52959.73,52966.73,252
2026-08-21T10:40:00+00:00,52966.73,52973.73,52957.23,52957.23,261
2026-08-21T10:45:00+00:00,52957.23,52961.73,52952.23,52957.23,232
2026-08-21T10:50:00+00:00,52957.23,52966.73,52953.23,52963.23,365
2026-08-21T10:55:00+00:00,52963.23,52970.73,52961.73,52967.23,310
2026-08-21T11:00:00+00:00,52967.23,52970.73,52959.73,52964.23,510
2026-08-21T11:05:00+00:00,52964.23,52984.73,52963.73,52977.23,462
2026-08-21T11:10:00+00:00,52977.23,52988.23,52974.23,52975.23,346
2026-08-21T11:15:00+00:00,52975.23,52993.23,52975.23,52984.73,329
2026-08-21T11:20:00+00:00,52984.73,53043.73,52984.73,53040.73,1252
2026-08-21T11:25:00+00:00,53040.73,53059.73,53027.73,53048.23,1564
2026-08-21T11:30:00+00:00,53048.23,53059.23,53029.23,53047.73,1026
2026-08-21T11:35:00+00:00,53047.73,53069.73,53042.23,53052.73,1071
2026-08-21T11:40:00+00:00,53052.73,53058.73,53039.73,53046.23,807
2026-08-21T11:45:00+00:00,53046.23,53050.23,53032.73,53041.73,590
2026-08-21T11:50:00+00:00,53041.73,53044.73,53034.73,53040.73,425
2026-08-21T11:55:00+00:00,53040.73,53053.73,53039.73,53047.73,464
2026-08-21T12:00:00+00:00,53047.73,53067.23,53047.73,53066.23,650
2026-08-21T12:05:00+00:00,53066.23,53082.73,53066.23,53075.23,740
2026-08-21T12:10:00+00:00,53075.23,53079.73,53061.23,53064.73,570
2026-08-21T12:15:00+00:00,53064.73,53089.23,53062.73,53089.23,652
2026-08-21T12:20:00+00:00,53089.23,53095.23,53068.73,53092.23,756
2026-08-21T12:25:00+00:00,53092.23,53122.73,53088.23,53121.73,623
2026-08-21T12:30:00+00:00,53121.73,53134.23,53110.73,53120.73,1050
2026-08-21T12:35:00+00:00,53120.73,53124.23,53099.73,53110.73,634
2026-08-21T12:40:00+00:00,53110.73,53162.23,53107.73,53156.23,865
2026-08-21T12:45:00+00:00,53156.23,53160.73,53128.73,53139.23,710
2026-08-21T12:50:00+00:00,53139.23,53139.23,53114.73,53119.73,588
2026-08-21T12:55:00+00:00,53119.73,53125.23,53113.23,53122.23,503
2026-08-21T13:00:00+00:00,53122.23,53141.23,53120.23,53131.23,852
2026-08-21T13:05:00+00:00,53131.23,53131.73,53088.23,53089.23,967
2026-08-21T13:10:00+00:00,53089.23,53092.23,53070.23,53077.23,1123
2026-08-21T13:15:00+00:00,53077.23,53083.73,53057.73,53059.23,1272
2026-08-21T13:20:00+00:00,53059.23,53074.23,53050.73,53071.73,929
2026-08-21T13:25:00+00:00,53071.73,53087.23,53041.23,53072.23,2366
2026-08-21T13:30:00+00:00,53072.23,53084.58,53007.58,53031.08,7986
2026-08-21T13:35:00+00:00,53031.08,53083.58,53009.58,53083.58,6707
2026-08-21T13:40:00+00:00,53083.58,53127.08,53069.58,53124.08,4970
2026-08-21T13:45:00+00:00,53124.08,53137.58,53092.58,53108.58,4764
2026-08-21T13:50:00+00:00,53108.58,53142.08,53081.58,53088.08,4529
2026-08-21T13:55:00+00:00,53088.08,53110.58,53073.58,53086.58,3834
2026-08-21T14:00:00+00:00,53086.58,53157.08,53078.58,53135.58,4647
2026-08-21T14:05:00+00:00,53135.58,53167.58,53119.08,53146.58,4244
2026-08-21T14:10:00+00:00,53146.58,53168.58,53117.58,53137.58,3625
2026-08-21T14:15:00+00:00,53137.58,53174.58,53129.08,53160.58,3491
2026-08-21T14:20:00+00:00,53160.58,53195.58,53144.58,53165.58,2986
2026-08-21T14:25:00+00:00,53165.58,53178.58,53125.58,53139.58,2955
2026-08-21T14:30:00+00:00,53139.58,53163.58,53100.58,53100.58,2677
2026-08-21T14:35:00+00:00,53100.58,53108.08,53067.08,53082.58,2874
2026-08-21T14:40:00+00:00,53082.58,53101.58,53063.58,53095.58,2702
2026-08-21T14:45:00+00:00,53095.58,53126.58,53087.58,53121.58,2650
2026-08-21T14:50:00+00:00,53121.58,53132.08,53102.58,53116.58,2498
2026-08-21T14:55:00+00:00,53116.58,53177.58,53108.58,53167.58,2331
2026-08-21T15:00:00+00:00,53167.58,53201.58,53159.58,53192.58,2710
2026-08-21T15:05:00+00:00,53192.58,53219.58,53168.58,53172.58,2218
2026-08-21T15:10:00+00:00,53172.58,53182.58,53134.58,53136.58,1904
2026-08-21T15:15:00+00:00,53136.58,53156.58,53135.58,53142.58,1913
2026-08-21T15:20:00+00:00,53142.58,53165.58,53138.58,53144.58,1797
2026-08-21T15:25:00+00:00,53144.58,53172.58,53132.58,53167.58,1642
2026-08-21T15:30:00+00:00,53167.58,53180.08,53145.58,53179.58,1988
2026-08-21T15:35:00+00:00,53179.58,53215.58,53176.58,53215.58,2022
2026-08-21T15:40:00+00:00,53215.58,53232.58,53200.58,53232.58,2243
2026-08-21T15:45:00+00:00,53232.58,53246.58,53215.58,53223.58,1877
2026-08-21T15:50:00+00:00,53223.58,53256.58,53222.58,53247.58,1758
2026-08-21T15:55:00+00:00,53247.58,53248.58,53203.58,53209.08,1662
2026-08-21T16:00:00+00:00,53209.08,53217.58,53175.58,53182.58,1687
2026-08-21T16:05:00+00:00,53182.58,53183.58,53162.08,53167.58,1484
2026-08-21T16:10:00+00:00,53167.58,53188.58,53153.08,53153.08,1606
2026-08-21T16:15:00+00:00,53153.08,53169.58,53127.08,53131.58,1580
2026-08-21T16:20:00+00:00,53131.58,53192.08,53121.08,53146.08,3272
2026-08-21T16:25:00+00:00,53146.08,53184.58,53136.58,53184.58,1625
2026-08-21T16:30:00+00:00,53184.58,53186.58,53152.58,53154.58,1518
2026-08-21T16:35:00+00:00,53154.58,53197.08,53152.08,53197.08,1333
2026-08-21T16:40:00+00:00,53197.08,53198.08,53166.58,53169.58,1022
2026-08-21T16:45:00+00:00,53169.58,53173.08,53152.58,53168.58,1056
2026-08-21T16:50:00+00:00,53168.58,53169.58,53150.58,53165.58,1221
2026-08-21T16:55:00+00:00,53165.58,53192.58,53160.58,53192.58,1122
2026-08-21T17:00:00+00:00,53192.58,53198.58,53168.08,53168.58,1148
2026-08-21T17:05:00+00:00,53168.58,53188.58,53164.58,53181.58,1124
2026-08-21T17:10:00+00:00,53181.58,53184.08,53157.58,53169.08,915
2026-08-21T17:15:00+00:00,53169.08,53178.58,53166.58,53174.58,1036
2026-08-21T17:20:00+00:00,53174.58,53177.58,53162.58,53171.58,1275
2026-08-21T17:25:00+00:00,53171.58,53177.58,53163.08,53165.08,1165
2026-08-21T17:30:00+00:00,53165.08,53176.58,53159.58,53170.58,1278
2026-08-21T17:35:00+00:00,53170.58,53188.08,53166.58,53175.58,1187
2026-08-21T17:40:00+00:00,53175.58,53196.58,53171.58,53188.58,1070
2026-08-21T17:45:00+00:00,53188.58,53219.58,53188.58,53204.58,917
2026-08-21T17:50:00+00:00,53204.58,53205.58,53184.58,53188.58,894
2026-08-21T17:55:00+00:00,53188.58,53204.58,53183.58,53200.58,1010
2026-08-21T18:00:00+00:00,53200.58,53217.58,53194.58,53213.58,1111
2026-08-21T18:05:00+00:00,53213.58,53213.58,53194.58,53195.58,1018
2026-08-21T18:10:00+00:00,53195.58,53205.58,53189.58,53195.58,904
2026-08-21T18:15:00+00:00,53195.58,53210.58,53191.08,53208.58,894
2026-08-21T18:20:00+00:00,53208.58,53218.58,53204.08,53217.58,767
2026-08-21T18:25:00+00:00,53217.58,53239.58,53217.58,53236.58,834
2026-08-21T18:30:00+00:00,53236.58,53238.58,53221.08,53235.58,1045
2026-08-21T18:35:00+00:00,53235.58,53243.58,53231.58,53238.58,855
2026-08-21T18:40:00+00:00,53238.58,53267.58,53237.08,53258.58,969
2026-08-21T18:45:00+00:00,53258.58,53266.08,53250.58,53262.58,894
2026-08-21T18:50:00+00:00,53262.58,53286.58,53256.58,53282.58,1020
2026-08-21T18:55:00+00:00,53282.58,53312.58,53275.58,53309.58,1186
2026-08-21T19:00:00+00:00,53309.58,53331.58,53309.58,53320.58,1879
2026-08-21T19:05:00+00:00,53320.58,53334.58,53313.58,53314.58,1056
2026-08-21T19:10:00+00:00,53314.58,53325.58,53304.58,53323.08,1025
2026-08-21T19:15:00+00:00,53323.08,53327.58,53304.58,53327.58,1237
2026-08-21T19:20:00+00:00,53327.58,53341.58,53323.58,53338.58,1053
2026-08-21T19:25:00+00:00,53338.58,53338.58,53293.08,53320.58,1228
2026-08-21T19:30:00+00:00,53320.58,53332.58,53305.58,53312.58,1416
2026-08-21T19:35:00+00:00,53312.58,53322.58,53296.58,53320.58,1093
2026-08-21T19:40:00+00:00,53320.58,53329.08,53310.58,53329.08,1289
2026-08-21T19:45:00+00:00,53329.08,53348.58,53314.58,53340.08,1534
2026-08-21T19:50:00+00:00,53340.08,53340.08,53307.58,53307.58,1674
2026-08-21T19:55:00+00:00,53307.58,53320.58,53272.08,53275.58,3098
2026-08-21T20:00:00+00:00,53275.58,53290.23,53270.73,53274.23,1051
2026-08-21T20:05:00+00:00,53274.23,53277.73,53263.73,53269.73,515
2026-08-21T20:10:00+00:00,53269.73,53272.23,53258.23,53267.73,526
2026-08-21T20:15:00+00:00,53267.73,53271.73,53260.73,53265.73,371
2026-08-21T20:20:00+00:00,53265.73,53268.73,53256.73,53263.73,278
2026-08-21T20:25:00+00:00,53263.73,53263.73,53247.23,53250.73,364
2026-08-21T20:30:00+00:00,53250.73,53263.23,53250.73,53262.23,256
2026-08-21T20:35:00+00:00,53262.23,53266.23,53258.73,53265.23,233
2026-08-21T20:40:00+00:00,53265.23,53269.73,53261.73,53265.98,186
2026-08-23T22:00:00+00:00,53265.98,53317.15,53252.65,53268.15,1200
2026-08-23T22:05:00+00:00,53268.15,53275.15,53251.65,53261.15,455
2026-08-23T22:10:00+00:00,53261.15,53275.15,53254.65,53266.65,184
2026-08-23T22:15:00+00:00,53266.65,53266.65,53256.65,53260.15,220
2026-08-23T22:20:00+00:00,53260.15,53267.65,53257.15,53258.15,220
2026-08-23T22:25:00+00:00,53258.15,53260.65,53253.65,53258.65,134
2026-08-23T22:30:00+00:00,53258.65,53262.65,53252.15,53254.65,251
2026-08-23T22:35:00+00:00,53254.65,53263.65,53251.15,53259.65,185
2026-08-23T22:40:00+00:00,53259.65,53271.15,53243.15,53269.65,444
2026-08-23T22:45:00+00:00,53269.65,53273.65,53261.65,53265.65,277
2026-08-23T22:50:00+00:00,53265.65,53275.65,53265.15,53273.15,300
2026-08-23T22:55:00+00:00,53273.15,53278.15,53267.4,53275.15,185
2026-08-23T23:00:00+00:00,53275.15,53281.15,53268.4,53277.15,200
2026-08-23T23:05:00+00:00,53277.15,53281.15,53275.65,53279.65,43
2026-08-23T23:10:00+00:00,53279.65,53287.65,53278.65,53287.15,131
2026-08-23T23:15:00+00:00,53287.15,53294.15,53282.15,53290.15,126
2026-08-23T23:20:00+00:00,53290.15,53295.65,53287.65,53291.15,113
2026-08-23T23:25:00+00:00,53291.15,53305.65,53290.15,53305.65,205
2026-08-23T23:30:00+00:00,53305.65,53311.65,53300.15,53307.65,326
2026-08-23T23:35:00+00:00,53307.65,53309.65,53302.15,53302.65,128
2026-08-23T23:40:00+00:00,53302.65,53305.65,53293.15,53293.15,168
2026-08-23T23:45:00+00:00,53293.15,53317.65,53293.15,53316.15,320
2026-08-23T23:50:00+00:00,53316.15,53325.15,53313.65,53322.15,349
2026-08-23T23:55:00+00:00,53322.15,53337.65,53321.65,53337.65,248
2026-08-24T00:00:00+00:00,53337.65,53337.65,53300.15,53300.65,933
2026-08-24T00:05:00+00:00,53300.65,53308.15,53295.65,53299.15,604
2026-08-24T00:10:00+00:00,53299.15,53304.65,53287.65,53289.15,341
2026-08-24T00:15:00+00:00,53289.15,53297.15,53262.65,53267.15,986
2026-08-24T00:20:00+00:00,53267.15,53276.65,53261.65,53272.65,719
2026-08-24T00:25:00+00:00,53272.65,53281.65,53253.65,53281.65,608
2026-08-24T00:30:00+00:00,53281.65,53283.15,53261.15,53265.65,751
2026-08-24T00:35:00+00:00,53265.65,53272.65,53259.65,53259.65,551
2026-08-24T00:40:00+00:00,53259.65,53262.15,53246.15,53252.15,433
2026-08-24T00:45:00+00:00,53252.15,53263.15,53243.15,53263.15,384
2026-08-24T00:50:00+00:00,53263.15,53266.15,53254.65,53265.15,315
2026-08-24T00:55:00+00:00,53265.15,53291.15,53259.15,53287.65,659
2026-08-24T01:00:00+00:00,53287.65,53315.15,53287.65,53302.65,1021
2026-08-24T01:05:00+00:00,53302.65,53317.15,53301.65,53314.65,703
2026-08-24T01:10:00+00:00,53314.65,53327.65,53314.65,53321.15,401
2026-08-24T01:15:00+00:00,53321.15,53328.65,53313.15,53325.65,425
2026-08-24T01:20:00+00:00,53325.65,53326.65,53310.15,53317.65,403
2026-08-24T01:25:00+00:00,53317.65,53322.65,53311.15,53312.65,454
2026-08-24T01:30:00+00:00,53312.65,53315.65,53301.65,53315.65,753
2026-08-24T01:35:00+00:00,53315.65,53326.65,53306.65,53320.65,489
2026-08-24T01:40:00+00:00,53320.65,53330.65,53316.15,53328.15,458
2026-08-24T01:45:00+00:00,53328.15,53334.65,53322.65,53329.65,434
2026-08-24T01:50:00+00:00,53329.65,53343.15,53329.65,53331.65,412
2026-08-24T01:55:00+00:00,53331.65,53331.65,53313.65,53316.65,566
2026-08-24T02:00:00+00:00,53316.65,53321.15,53303.65,53316.15,686
2026-08-24T02:05:00+00:00,53316.15,53317.15,53296.15,53312.65,674
2026-08-24T02:10:00+00:00,53312.65,53338.15,53304.65,53335.65,650
2026-08-24T02:15:00+00:00,53335.65,53343.15,53332.15,53336.15,347
2026-08-24T02:20:00+00:00,53336.15,53337.15,53325.65,53327.15,332
2026-08-24T02:25:00+00:00,53327.15,53330.65,53323.15,53328.65,448
2026-08-24T02:30:00+00:00,53328.65,53329.15,53321.65,53326.65,455
2026-08-24T02:35:00+00:00,53326.65,53327.65,53321.65,53325.65,366
2026-08-24T02:40:00+00:00,53325.65,53330.15,53323.15,53330.15,224
2026-08-24T02:45:00+00:00,53330.15,53335.15,53326.65,53329.65,312
2026-08-24T02:50:00+00:00,53329.65,53330.65,53316.15,53326.65,348
2026-08-24T02:55:00+00:00,53326.65,53335.15,53325.15,53334.65,310
2026-08-24T03:00:00+00:00,53334.65,53334.65,53321.15,53323.65,330
2026-08-24T03:05:00+00:00,53323.65,53323.65,53313.65,53314.65,291
2026-08-24T03:10:00+00:00,53314.65,53317.15,53303.65,53316.15,254
2026-08-24T03:15:00+00:00,53316.15,53323.65,53314.15,53318.65,240
2026-08-24T03:20:00+00:00,53318.65,53326.65,53310.65,53324.65,361
2026-08-24T03:25:00+00:00,53324.65,53326.65,53314.65,53317.65,289
2026-08-24T03:30:00+00:00,53317.65,53317.65,53298.65,53305.65,542
2026-08-24T03:35:00+00:00,53305.65,53311.65,53303.15,53304.65,442
2026-08-24T03:40:00+00:00,53304.65,53307.65,53287.65,53288.15,422
2026-08-24T03:45:00+00:00,53288.15,53293.65,53284.65,53291.65,396
2026-08-24T03:50:00+00:00,53291.65,53292.65,53273.15,53275.65,484
2026-08-24T03:55:00+00:00,53275.65,53279.65,53273.15,53279.15,214
2026-08-24T04:00:00+00:00,53279.15,53284.65,53277.15,53279.15,289
2026-08-24T04:05:00+00:00,53279.15,53279.15,53269.65,53271.15,195
2026-08-24T04:10:00+00:00,53271.15,53277.15,53270.65,53276.65,350
2026-08-24T04:15:00+00:00,53276.65,53278.15,53268.65,53273.15,286
2026-08-24T04:20:00+00:00,53273.15,53277.65,53260.65,53260.65,299
2026-08-24T04:25:00+00:00,53260.65,53275.65,53259.15,53273.65,392
2026-08-24T04:30:00+00:00,53273.65,53279.65,53260.15,53261.65,468
2026-08-24T04:35:00+00:00,53261.65,53266.65,53256.65,53258.65,465
2026-08-24T04:40:00+00:00,53258.65,53264.65,53250.65,53264.65,255
2026-08-24T04:45:00+00:00,53264.65,53266.65,53256.65,53257.65,388
2026-08-24T04:50:00+00:00,53257.65,53261.15,53255.15,53259.65,276
2026-08-24T04:55:00+00:00,53259.65,53260.65,53252.65,53253.15,200
2026-08-24T05:00:00+00:00,53253.15,53262.15,53252.65,53259.65,205
2026-08-24T05:05:00+00:00,53259.65,53278.65,53259.65,53274.65,414
2026-08-24T05:10:00+00:00,53274.65,53284.65,53270.65,53283.65,288
2026-08-24T05:15:00+00:00,53283.65,53283.65,53273.65,53273.65,248
2026-08-24T05:20:00+00:00,53273.65,53283.65,53272.65,53277.15,294
2026-08-24T05:25:00+00:00,53277.15,53279.65,53273.15,53273.65,232
2026-08-24T05:30:00+00:00,53273.65,53274.65,53247.65,53256.15,481
2026-08-24T05:35:00+00:00,53256.15,53256.15,53246.65,53250.15,303
2026-08-24T05:40:00+00:00,53250.15,53265.15,53247.15,53247.15,333
2026-08-24T05:45:00+00:00,53247.15,53252.65,53235.65,53245.65,374
2026-08-24T05:50:00+00:00,53245.65,53257.15,53245.15,53253.15,417
2026-08-24T05:55:00+00:00,53253.15,53267.65,53249.15,53266.15,319
2026-08-24T06:00:00+00:00,53266.15,53279.15,53261.15,53263.65,578
2026-08-24T06:05:00+00:00,53263.65,53270.15,53255.65,53260.65,847
2026-08-24T06:10:00+00:00,53260.65,53280.15,53258.65,53274.15,467
2026-08-24T06:15:00+00:00,53274.15,53288.15,53252.65,53253.65,813
2026-08-24T06:20:00+00:00,53253.65,53262.65,53244.65,53254.65,789
2026-08-24T06:25:00+00:00,53254.65,53260.15,53247.15,53251.65,375
2026-08-24T06:30:00+00:00,53251.65,53260.65,53250.15,53260.65,429
2026-08-24T06:35:00+00:00,53260.65,53275.65,53256.65,53268.65,371
2026-08-24T06:40:00+00:00,53268.65,53269.15,53250.65,53250.65,452
2026-08-24T06:45:00+00:00,53250.65,53266.65,53247.65,53263.65,386
2026-08-24T06:50:00+00:00,53263.65,53272.15,53262.65,53264.65,496
2026-08-24T06:55:00+00:00,53264.65,53271.65,53259.65,53259.65,334
2026-08-24T07:00:00+00:00,53259.65,53283.65,53256.65,53282.65,1085
2026-08-24T07:05:00+00:00,53282.65,53287.15,53271.65,53282.65,659
2026-08-24T07:10:00+00:00,53282.65,53284.65,53273.15,53276.15,499
2026-08-24T07:15:00+00:00,53276.15,53285.65,53261.65,53270.65,470
2026-08-24T07:20:00+00:00,53270.65,53279.15,53269.65,53275.65,335
2026-08-24T07:25:00+00:00,53275.65,53281.15,53251.65,53252.15,405
2026-08-24T07:30:00+00:00,53252.15,53269.15,53244.65,53268.65,612
2026-08-24T07:35:00+00:00,53268.65,53275.65,53263.65,53264.65,404
2026-08-24T07:40:00+00:00,53264.65,53264.65,53235.65,53236.65,553
2026-08-24T07:45:00+00:00,53236.65,53255.65,53236.65,53241.15,583
2026-08-24T07:50:00+00:00,53241.15,53251.65,53238.65,53243.65,693
2026-08-24T07:55:00+00:00,53243.65,53243.65,53228.65,53233.65,566
2026-08-24T08:00:00+00:00,53233.65,53279.65,53227.65,53272.65,1228
2026-08-24T08:05:00+00:00,53272.65,53310.65,53252.15,53260.65,1698
2026-08-24T08:10:00+00:00,53260.65,53277.15,53254.65,53269.65,827
2026-08-24T08:15:00+00:00,53269.65,53288.65,53265.15,53285.65,724
2026-08-24T08:20:00+00:00,53285.65,53289.65,53274.15,53280.65,534
2026-08-24T08:25:00+00:00,53280.65,53294.65,53268.65,53286.15,614
2026-08-24T08:30:00+00:00,53286.15,53307.15,53286.15,53295.65,657
2026-08-24T08:35:00+00:00,53295.65,53321.65,53295.65,53321.65,626
2026-08-24T08:40:00+00:00,53321.65,53333.15,53314.65,53323.65,447
2026-08-24T08:45:00+00:00,53323.65,53331.15,53321.65,53326.65,461
2026-08-24T08:50:00+00:00,53326.65,53333.65,53324.65,53326.65,427
2026-08-24T08:55:00+00:00,53326.65,53332.65,53312.65,53314.15,392
2026-08-24T09:00:00+00:00,53314.15,53325.65,53301.15,53322.65,606
2026-08-24T09:05:00+00:00,53322.65,53324.65,53314.65,53319.65,358
2026-08-24T09:10:00+00:00,53319.65,53326.15,53310.65,53315.65,480
2026-08-24T09:15:00+00:00,53315.65,53318.15,53291.15,53291.65,390
2026-08-24T09:20:00+00:00,53291.65,53299.15,53288.65,53296.65,427
2026-08-24T09:25:00+00:00,53296.65,53296.65,53284.15,53290.65,362
2026-08-24T09:30:00+00:00,53290.65,53292.15,53282.65,53290.65,472
2026-08-24T09:35:00+00:00,53290.65,53299.15,53286.65,53294.65,546
2026-08-24T09:40:00+00:00,53294.65,53296.65,53279.65,53288.15,491
2026-08-24T09:45:00+00:00,53288.15,53296.15,53284.65,53293.65,494
2026-08-24T09:50:00+00:00,53293.65,53294.65,53280.65,53284.65,366
2026-08-24T09:55:00+00:00,53284.65,53291.15,53282.65,53289.65,273
2026-08-24T10:00:00+00:00,53289.65,53293.65,53280.65,53284.65,437
2026-08-24T10:05:00+00:00,53284.65,53290.65,53281.65,53282.65,461
2026-08-24T10:10:00+00:00,53282.65,53284.15,53267.15,53271.65,353
2026-08-24T10:15:00+00:00,53271.65,53273.65,53265.65,53270.65,294
2026-08-24T10:20:00+00:00,53270.65,53281.65,53264.65,53280.65,353
2026-08-24T10:25:00+00:00,53280.65,53283.65,53267.15,53271.15,392
2026-08-24T10:30:00+00:00,53271.15,53284.65,53262.15,53282.65,562
2026-08-24T10:35:00+00:00,53282.65,53287.15,53270.65,53270.65,419
2026-08-24T10:40:00+00:00,53270.65,53270.65,53250.15,53252.65,507
2026-08-24T10:45:00+00:00,53252.65,53255.65,53238.15,53240.65,543
2026-08-24T10:50:00+00:00,53240.65,53242.65,53221.65,53227.65,669
2026-08-24T10:55:00+00:00,53227.65,53231.65,53208.65,53209.15,586
2026-08-24T11:00:00+00:00,53209.15,53215.65,53188.65,53192.65,1078
2026-08-24T11:05:00+00:00,53192.65,53193.65,53169.65,53178.65,645
2026-08-24T11:10:00+00:00,53178.65,53182.65,53163.65,53179.65,865
2026-08-24T11:15:00+00:00,53179.65,53184.65,53164.65,53165.15,604
2026-08-24T11:20:00+00:00,53165.15,53172.65,53159.65,53166.15,618
2026-08-24T11:25:00+00:00,53166.15,53185.65,53165.65,53179.15,671
2026-08-24T11:30:00+00:00,53179.15,53221.15,53178.65,53220.65,1341
2026-08-24T11:35:00+00:00,53220.65,53273.65,53216.15,53252.65,3485
2026-08-24T11:40:00+00:00,53252.65,53265.65,53242.65,53248.15,1506
2026-08-24T11:45:00+00:00,53248.15,53248.65,53219.65,53228.65,933
2026-08-24T11:50:00+00:00,53228.65,53240.65,53223.65,53240.15,595
2026-08-24T11:55:00+00:00,53240.15,53251.65,53237.15,53251.65,619
2026-08-24T12:00:00+00:00,53251.65,53252.65,53230.15,53233.65,675
2026-08-24T12:05:00+00:00,53233.65,53247.15,53231.65,53237.65,596
2026-08-24T12:10:00+00:00,53237.65,53262.65,53232.65,53255.15,633
2026-08-24T12:15:00+00:00,53255.15,53256.15,53240.15,53246.65,656
2026-08-24T12:20:00+00:00,53246.65,53277.65,53245.65,53274.65,877
2026-08-24T12:25:00+00:00,53274.65,53282.15,53268.65,53275.65,491
2026-08-24T12:30:00+00:00,53275.65,53280.15,53200.15,53248.15,1963
2026-08-24T12:35:00+00:00,53248.15,53271.65,53244.15,53254.15,1323
2026-08-24T12:40:00+00:00,53254.15,53282.15,53234.15,53240.15,1132
2026-08-24T12:45:00+00:00,53240.15,53251.65,53240.15,53248.15,940
2026-08-24T12:50:00+00:00,53248.15,53254.65,53239.15,53242.65,491
2026-08-24T12:55:00+00:00,53242.65,53248.65,53231.15,53243.65,573
2026-08-24T13:00:00+00:00,53243.65,53264.65,53241.65,53251.65,734
2026-08-24T13:05:00+00:00,53251.65,53251.65,53227.65,53234.65,766
2026-08-24T13:10:00+00:00,53234.65,53236.65,53212.65,53217.65,701
2026-08-24T13:15:00+00:00,53217.65,53223.65,53204.65,53208.65,899
2026-08-24T13:20:00+00:00,53208.65,53228.15,53208.65,53228.15,468
2026-08-24T13:25:00+00:00,53228.15,53263.65,53222.65,53250.15,1217
2026-08-24T13:30:00+00:00,53250.15,53414.5,53250.15,53338,11118
2026-08-24T13:35:00+00:00,53338,53385,53311,53355.5,7970
2026-08-24T13:40:00+00:00,53355.5,53410.5,53340,53341.5,6913
2026-08-24T13:45:00+00:00,53341.5,53491.5,53339.5,53454.5,6945
2026-08-24T13:50:00+00:00,53454.5,53477,53422,53467.5,5756
2026-08-24T13:55:00+00:00,53467.5,53473.5,53434.5,53444,5001
2026-08-24T14:00:00+00:00,53444,53494.5,53426,53437,4633
2026-08-24T14:05:00+00:00,53437,53451.5,53396.5,53426.5,3725
2026-08-24T14:10:00+00:00,53426.5,53428.5,53391.5,53424.5,3687
2026-08-24T14:15:00+00:00,53424.5,53437,53410,53425.5,3514
2026-08-24T14:20:00+00:00,53425.5,53451.5,53408,53408.5,3326
2026-08-24T14:25:00+00:00,53408.5,53452.5,53407.5,53430.5,2417
2026-08-24T14:30:00+00:00,53430.5,53461.5,53426.5,53428.5,2920
2026-08-24T14:35:00+00:00,53428.5,53443,53412,53422,2875
2026-08-24T14:40:00+00:00,53422,53447.5,53399.5,53408.5,2606
2026-08-24T14:45:00+00:00,53408.5,53442.5,53403.5,53442.5,2398
2026-08-24T14:50:00+00:00,53442.5,53448,53408.5,53431.5,2369
2026-08-24T14:55:00+00:00,53431.5,53445.5,53419.5,53431.5,2194
2026-08-24T15:00:00+00:00,53431.5,53434.5,53383,53386.5,2471
2026-08-24T15:05:00+00:00,53386.5,53396.5,53373.5,53379.5,2097
2026-08-24T15:10:00+00:00,53379.5,53382.5,53356.5,53365.5,2236
2026-08-24T15:15:00+00:00,53365.5,53367.5,53350,53353.5,1778
2026-08-24T15:20:00+00:00,53353.5,53409.5,53338.5,53408,2320
2026-08-24T15:25:00+00:00,53408,53468,53407,53447,3291
2026-08-24T15:30:00+00:00,53447,53465.5,53420.5,53446.5,3344
2026-08-24T15:35:00+00:00,53446.5,53450.5,53425.5,53439.5,2300
2026-08-24T15:40:00+00:00,53439.5,53453.5,53426.5,53436.5,2182
2026-08-24T15:45:00+00:00,53436.5,53458.5,53429.5,53430.5,2127
2026-08-24T15:50:00+00:00,53430.5,53457.5,53430.5,53438.5,1601
2026-08-24T15:55:00+00:00,53438.5,53463.5,53435.5,53462.5,1597
2026-08-24T16:00:00+00:00,53462.5,53517.5,53462.5,53507.5,3060
2026-08-24T16:05:00+00:00,53507.5,53512,53460.5,53463.5,1703
2026-08-24T16:10:00+00:00,53463.5,53467.5,53452.5,53462.5,1171
2026-08-24T16:15:00+00:00,53462.5,53485,53458.5,53474.5,1481
2026-08-24T16:20:00+00:00,53474.5,53477.5,53449.5,53449.5,1334
2026-08-24T16:25:00+00:00,53449.5,53470.5,53446.5,53459,961
2026-08-24T16:30:00+00:00,53459,53465.5,53429.5,53437.5,1232
2026-08-24T16:35:00+00:00,53437.5,53441.5,53398.5,53399.5,1134
2026-08-24T16:40:00+00:00,53399.5,53422.5,53398.5,53407.5,1300
2026-08-24T16:45:00+00:00,53407.5,53411,53394.5,53404.5,1068
2026-08-24T16:50:00+00:00,53404.5,53415.5,53397.5,53406.5,885
2026-08-24T16:55:00+00:00,53406.5,53407.5,53395.5,53405,1032
2026-08-24T17:00:00+00:00,53405,53406.5,53386.5,53396.5,1288
2026-08-24T17:05:00+00:00,53396.5,53434.5,53388.5,53412,1832
2026-08-24T17:10:00+00:00,53412,53430.5,53406,53417,1656
2026-08-24T17:15:00+00:00,53417,53433,53392,53409,2018
2026-08-24T17:20:00+00:00,53409,53413,53354.5,53354.5,2374
2026-08-24T17:25:00+00:00,53354.5,53366,53340.5,53343.5,1765
2026-08-24T17:30:00+00:00,53343.5,53357.5,53335.5,53340.5,1730
2026-08-24T17:35:00+00:00,53340.5,53345.5,53331.5,53343.5,1240
2026-08-24T17:40:00+00:00,53343.5,53346.5,53328,53328.5,1174
2026-08-24T17:45:00+00:00,53328.5,53338.5,53322,53335.5,1322
2026-08-24T17:50:00+00:00,53335.5,53350.5,53331.5,53339.5,1137
2026-08-24T17:55:00+00:00,53339.5,53363,53337.5,53361.5,1074
2026-08-24T18:00:00+00:00,53361.5,53379.5,53354.5,53356.5,1237
2026-08-24T18:05:00+00:00,53356.5,53369.5,53350.5,53363.5,1195
2026-08-24T18:10:00+00:00,53363.5,53407.5,53363.5,53406.5,1122
2026-08-24T18:15:00+00:00,53406.5,53420.5,53403.5,53416,1564
2026-08-24T18:20:00+00:00,53416,53428.5,53414,53420.5,1391
2026-08-24T18:25:00+00:00,53420.5,53450.5,53418.5,53449,1119
2026-08-24T18:30:00+00:00,53449,53466.5,53431.5,53432.5,1323
2026-08-24T18:35:00+00:00,53432.5,53441,53419.5,53429.5,1174
2026-08-24T18:40:00+00:00,53429.5,53443.5,53427.5,53438.5,994
2026-08-24T18:45:00+00:00,53438.5,53454.5,53428.5,53453.5,854
2026-08-24T18:50:00+00:00,53453.5,53458.5,53439,53443.5,867
2026-08-24T18:55:00+00:00,53443.5,53453.5,53436.5,53437.5,869
2026-08-24T19:00:00+00:00,53437.5,53449.5,53432.5,53436,1082
2026-08-24T19:05:00+00:00,53436,53453,53432.5,53444.5,892
2026-08-24T19:10:00+00:00,53444.5,53463.5,53443.5,53460.5,907
2026-08-24T19:15:00+00:00,53460.5,53471.5,53453.5,53463,845
2026-08-24T19:20:00+00:00,53463,53470,53449.5,53451.5,752
2026-08-24T19:25:00+00:00,53451.5,53460.5,53438.5,53446.5,773
2026-08-24T19:30:00+00:00,53446.5,53459.5,53439.5,53439.5,1171
2026-08-24T19:35:00+00:00,53439.5,53461.5,53439.5,53446.5,946
2026-08-24T19:40:00+00:00,53446.5,53457,53439.5,53454.5,925
2026-08-24T19:45:00+00:00,53454.5,53460.5,53442.5,53457.5,1234
2026-08-24T19:50:00+00:00,53457.5,53468.5,53438.5,53457.5,1820
2026-08-24T19:55:00+00:00,53457.5,53469,53426.5,53432.5,3362
2026-08-24T20:00:00+00:00,53432.5,53447.65,53424.15,53438.65,1045
2026-08-24T20:05:00+00:00,53438.65,53447.15,53435.65,53440.65,407
2026-08-24T20:10:00+00:00,53440.65,53445.65,53434.15,53441.15,272
2026-08-24T20:15:00+00:00,53441.15,53447.65,53436.15,53439.15,260
2026-08-24T20:20:00+00:00,53439.15,53441.15,53433.15,53435.65,152
2026-08-24T20:25:00+00:00,53435.65,53439.65,53434.15,53436.65,136
2026-08-24T20:30:00+00:00,53436.65,53445.15,53432.15,53444.15,207
2026-08-24T20:35:00+00:00,53444.15,53450.65,53443.15,53450.15,142
2026-08-24T20:40:00+00:00,53450.15,53458.15,53449.65,53453.65,87
2026-08-24T20:45:00+00:00,53453.65,53457.15,53448.15,53451.15,189
2026-08-24T20:50:00+00:00,53451.15,53454.65,53450.65,53453.15,129
2026-08-24T20:55:00+00:00,53453.15,53470.65,53453.15,53468.9,290
2026-08-24T22:00:00+00:00,53468.9,53477.68,53455.68,53458.68,700
2026-08-24T22:05:00+00:00,53458.68,53473.18,53458.68,53470.18,374
2026-08-24T22:10:00+00:00,53470.18,53470.68,53465.68,53467.68,223
2026-08-24T22:15:00+00:00,53467.68,53471.18,53464.18,53464.18,93
2026-08-24T22:20:00+00:00,53464.18,53468.18,53461.68,53465.18,129
2026-08-24T22:25:00+00:00,53465.18,53465.18,53460.68,53464.68,62
2026-08-24T22:30:00+00:00,53464.68,53468.68,53463.18,53466.18,81
2026-08-24T22:35:00+00:00,53466.18,53467.18,53463.18,53463.18,50
2026-08-24T22:40:00+00:00,53463.18,53463.18,53455.18,53457.18,232
2026-08-24T22:45:00+00:00,53457.18,53459.68,53451.42,53455.42,47
2026-08-24T22:50:00+00:00,53455.42,53457.92,53454.92,53456.92,48
2026-08-24T22:55:00+00:00,53456.92,53461.92,53454.42,53459.42,149
2026-08-24T23:00:00+00:00,53459.42,53461.42,53453.92,53456.92,92
2026-08-24T23:05:00+00:00,53456.92,53460.42,53455.92,53459.92,81
2026-08-24T23:10:00+00:00,53459.92,53459.92,53456.92,53458.42,69
2026-08-24T23:15:00+00:00,53458.42,53458.42,53450.92,53453.92,155
2026-08-24T23:20:00+00:00,53453.92,53454.92,53446.92,53447.42,101
2026-08-24T23:25:00+00:00,53447.42,53448.42,53439.92,53443.42,139
2026-08-24T23:30:00+00:00,53443.42,53444.42,53436.42,53441.42,163
2026-08-24T23:35:00+00:00,53441.42,53442.42,53432.42,53433.42,101
2026-08-24T23:40:00+00:00,53433.42,53433.92,53419.42,53422.42,369
2026-08-24T23:45:00+00:00,53422.42,53425.42,53416.92,53424.42,229
2026-08-24T23:50:00+00:00,53424.42,53429.42,53421.42,53421.42,157
2026-08-24T23:55:00+00:00,53421.42,53430.92,53421.42,53430.42,141
2026-08-25T00:00:00+00:00,53430.42,53438.92,53418.42,53422.42,533
2026-08-25T00:05:00+00:00,53422.42,53428.92,53421.42,53428.42,278
2026-08-25T00:10:00+00:00,53428.42,53430.42,53407.42,53414.42,284
2026-08-25T00:15:00+00:00,53414.42,53414.42,53393.42,53396.92,622
2026-08-25T00:20:00+00:00,53396.92,53407.42,53395.92,53403.92,515
2026-08-25T00:25:00+00:00,53403.92,53418.92,53398.42,53417.42,395
2026-08-25T00:30:00+00:00,53417.42,53429.92,53416.92,53422.42,387
2026-08-25T00:35:00+00:00,53422.42,53426.42,53413.42,53416.92,315
2026-08-25T00:40:00+00:00,53416.92,53428.42,53411.92,53423.92,476
2026-08-25T00:45:00+00:00,53423.92,53433.92,53418.92,53428.42,380
2026-08-25T00:50:00+00:00,53428.42,53436.92,53427.42,53430.42,310
2026-08-25T00:55:00+00:00,53430.42,53430.92,53422.42,53422.42,243
2026-08-25T01:00:00+00:00,53422.42,53427.92,53416.42,53423.42,464
2026-08-25T01:05:00+00:00,53423.42,53426.92,53420.42,53420.42,257
2026-08-25T01:10:00+00:00,53420.42,53424.92,53410.42,53421.92,156
2026-08-25T01:15:00+00:00,53421.92,53436.92,53420.92,53433.92,144
2026-08-25T01:20:00+00:00,53433.92,53436.92,53422.92,53423.42,142
2026-08-25T01:25:00+00:00,53423.42,53427.42,53419.42,53422.42,197
2026-08-25T01:30:00+00:00,53422.42,53431.92,53421.92,53428.42,351
2026-08-25T01:35:00+00:00,53428.42,53449.92,53426.92,53447.42,269
2026-08-25T01:40:00+00:00,53447.42,53453.92,53438.92,53444.42,186
2026-08-25T01:45:00+00:00,53444.42,53449.42,53442.92,53448.92,134
2026-08-25T01:50:00+00:00,53448.92,53448.92,53442.42,53447.42,189
2026-08-25T01:55:00+00:00,53447.42,53449.92,53440.92,53441.92,149
2026-08-25T02:00:00+00:00,53441.92,53447.42,53431.92,53434.42,228
2026-08-25T02:05:00+00:00,53434.42,53435.92,53413.92,53417.92,268
2026-08-25T02:10:00+00:00,53417.92,53417.92,53399.92,53402.92,318
2026-08-25T02:15:00+00:00,53402.92,53402.92,53388.92,53395.42,271
2026-08-25T02:20:00+00:00,53395.42,53398.92,53384.42,53392.92,222
2026-08-25T02:25:00+00:00,53392.92,53398.92,53378.92,53393.42,360
2026-08-25T02:30:00+00:00,53393.42,53408.42,53388.42,53401.92,384
2026-08-25T02:35:00+00:00,53401.92,53409.92,53399.92,53409.92,280
2026-08-25T02:40:00+00:00,53409.92,53419.42,53405.92,53410.92,220
2026-08-25T02:45:00+00:00,53410.92,53413.92,53401.92,53404.42,277
2026-08-25T02:50:00+00:00,53404.42,53404.92,53395.42,53397.42,340
2026-08-25T02:55:00+00:00,53397.42,53397.42,53385.92,53394.42,392
2026-08-25T03:00:00+00:00,53394.42,53415.42,53393.42,53412.42,389
2026-08-25T03:05:00+00:00,53412.42,53447.42,53410.42,53437.42,553
2026-08-25T03:10:00+00:00,53437.42,53443.42,53430.92,53434.42,354
2026-08-25T03:15:00+00:00,53434.42,53449.42,53433.42,53445.42,488
2026-08-25T03:20:00+00:00,53445.42,53451.42,53441.42,53448.42,294
2026-08-25T03:25:00+00:00,53448.42,53457.92,53448.42,53451.92,273
2026-08-25T03:30:00+00:00,53451.92,53458.42,53447.42,53454.92,305
2026-08-25T03:35:00+00:00,53454.92,53454.92,53442.42,53443.42,147
2026-08-25T03:40:00+00:00,53443.42,53447.42,53439.92,53440.42,133
2026-08-25T03:45:00+00:00,53440.42,53440.42,53428.92,53428.92,166
2026-08-25T03:50:00+00:00,53428.92,53430.92,53421.92,53427.42,153
2026-08-25T03:55:00+00:00,53427.42,53428.42,53420.42,53422.92,96
2026-08-25T04:00:00+00:00,53422.92,53430.42,53418.42,53430.42,205
2026-08-25T04:05:00+00:00,53430.42,53432.92,53424.42,53432.92,137
2026-08-25T04:10:00+00:00,53432.92,53435.42,53427.92,53432.42,124
2026-08-25T04:15:00+00:00,53432.42,53432.42,53418.92,53418.92,136
2026-08-25T04:20:00+00:00,53418.92,53422.92,53416.42,53418.92,92
2026-08-25T04:25:00+00:00,53418.92,53419.92,53413.42,53413.92,86
2026-08-25T04:30:00+00:00,53413.92,53420.42,53412.42,53417.92,141
2026-08-25T04:35:00+00:00,53417.92,53420.92,53414.92,53420.42,100
2026-08-25T04:40:00+00:00,53420.42,53424.92,53416.92,53418.92,125
2026-08-25T04:45:00+00:00,53418.92,53421.92,53416.42,53420.42,110
2026-08-25T04:50:00+00:00,53420.42,53420.42,53403.92,53406.92,205
2026-08-25T04:55:00+00:00,53406.92,53406.92,53397.92,53406.42,178
2026-08-25T05:00:00+00:00,53406.42,53416.42,53405.42,53416.42,254
2026-08-25T05:05:00+00:00,53416.42,53421.42,53411.42,53416.92,120
2026-08-25T05:10:00+00:00,53416.92,53427.42,53415.92,53423.92,164
2026-08-25T05:15:00+00:00,53423.92,53434.92,53423.92,53428.92,154
2026-08-25T05:20:00+00:00,53428.92,53430.42,53422.42,53423.92,173
2026-08-25T05:25:00+00:00,53423.92,53424.92,53419.92,53419.92,138
2026-08-25T05:30:00+00:00,53419.92,53423.42,53416.42,53419.92,171
2026-08-25T05:35:00+00:00,53419.92,53427.42,53419.92,53423.42,148
2026-08-25T05:40:00+00:00,53423.42,53424.92,53414.92,53414.92,187
2026-08-25T05:45:00+00:00,53414.92,53420.42,53411.92,53417.92,164
2026-08-25T05:50:00+00:00,53417.92,53428.42,53415.92,53426.92,192
2026-08-25T05:55:00+00:00,53426.92,53438.92,53426.42,53434.92,228
2026-08-25T06:00:00+00:00,53434.92,53448.92,53430.42,53443.42,506
2026-08-25T06:05:00+00:00,53443.42,53453.42,53441.92,53453.42,336
2026-08-25T06:10:00+00:00,53453.42,53454.92,53441.42,53444.42,293
2026-08-25T06:15:00+00:00,53444.42,53448.92,53437.42,53446.92,289
2026-08-25T06:20:00+00:00,53446.92,53483.92,53440.42,53476.42,376
2026-08-25T06:25:00+00:00,53476.42,53483.92,53473.42,53478.42,382
2026-08-25T06:30:00+00:00,53478.42,53484.92,53471.42,53480.42,450
2026-08-25T06:35:00+00:00,53480.42,53480.42,53465.92,53471.92,354
2026-08-25T06:40:00+00:00,53471.92,53496.92,53470.42,53496.92,251
2026-08-25T06:45:00+00:00,53496.92,53501.42,53492.42,53493.42,345
2026-08-25T06:50:00+00:00,53493.42,53517.92,53492.92,53517.92,302
2026-08-25T06:55:00+00:00,53517.92,53530.42,53510.42,53529.92,335
2026-08-25T07:00:00+00:00,53529.92,53548.42,53512.92,53519.92,1031
2026-08-25T07:05:00+00:00,53519.92,53525.42,53504.92,53507.92,690
2026-08-25T07:10:00+00:00,53507.92,53510.92,53490.92,53504.92,594
2026-08-25T07:15:00+00:00,53504.92,53515.42,53479.42,53484.42,548
2026-08-25T07:20:00+00:00,53484.42,53488.92,53469.42,53469.42,503
2026-08-25T07:25:00+00:00,53469.42,53475.92,53449.92,53467.42,637
2026-08-25T07:30:00+00:00,53467.42,53484.92,53462.42,53484.92,560
2026-08-25T07:35:00+00:00,53484.92,53491.42,53482.42,53485.42,430
2026-08-25T07:40:00+00:00,53485.42,53492.42,53473.42,53488.42,419
2026-08-25T07:45:00+00:00,53488.42,53490.42,53468.42,53470.92,451
2026-08-25T07:50:00+00:00,53470.92,53473.42,53452.42,53453.42,579
2026-08-25T07:55:00+00:00,53453.42,53475.92,53451.42,53464.42,441
2026-08-25T08:00:00+00:00,53464.42,53470.92,53441.92,53451.42,908
2026-08-25T08:05:00+00:00,53451.42,53461.42,53449.42,53449.92,666
2026-08-25T08:10:00+00:00,53449.92,53463.42,53444.42,53458.42,664
2026-08-25T08:15:00+00:00,53458.42,53481.92,53458.42,53473.92,508
2026-08-25T08:20:00+00:00,53473.92,53584.42,53470.42,53573.92,3200
2026-08-25T08:25:00+00:00,53573.92,53573.92,53520.42,53523.42,2782
2026-08-25T08:30:00+00:00,53523.42,53567.42,53514.42,53563.42,1545
2026-08-25T08:35:00+00:00,53563.42,53564.42,53518.42,53520.42,1444
2026-08-25T08:40:00+00:00,53520.42,53538.42,53518.92,53537.92,838
2026-08-25T08:45:00+00:00,53537.92,53549.42,53535.42,53545.42,778
2026-08-25T08:50:00+00:00,53545.42,53559.42,53539.92,53542.42,659
2026-08-25T08:55:00+00:00,53542.42,53568.42,53537.42,53568.42,649
2026-08-25T09:00:00+00:00,53568.42,53569.42,53555.42,53567.42,765
2026-08-25T09:05:00+00:00,53567.42,53580.42,53559.92,53577.42,639
2026-08-25T09:10:00+00:00,53577.42,53609.42,53577.42,53592.42,770
2026-08-25T09:15:00+00:00,53592.42,53604.92,53589.42,53597.92,748
2026-08-25T09:20:00+00:00,53597.92,53611.92,53597.42,53609.92,662
2026-08-25T09:25:00+00:00,53609.92,53610.42,53596.42,53607.42,616
2026-08-25T09:30:00+00:00,53607.42,53678.42,53603.92,53670.92,1799
2026-08-25T09:35:00+00:00,53670.92,53676.92,53639.42,53655.42,2088
2026-08-25T09:40:00+00:00,53655.42,53673.42,53652.42,53653.42,1047
2026-08-25T09:45:00+00:00,53653.42,53676.92,53648.92,53676.42,839
2026-08-25T09:50:00+00:00,53676.42,53689.42,53676.42,53680.42,694
2026-08-25T09:55:00+00:00,53680.42,53700.42,53677.92,53688.42,1014
2026-08-25T10:00:00+00:00,53688.42,53699.42,53662.42,53670.42,640
2026-08-25T10:05:00+00:00,53670.42,53683.92,53661.42,53682.42,546
2026-08-25T10:10:00+00:00,53682.42,53685.42,53670.92,53680.42,551
2026-08-25T10:15:00+00:00,53680.42,53681.42,53666.42,53673.42,484
2026-08-25T10:20:00+00:00,53673.42,53682.42,53669.42,53671.42,453
2026-08-25T10:25:00+00:00,53671.42,53672.42,53660.92,53662.42,321
2026-08-25T10:30:00+00:00,53662.42,53665.42,53658.92,53660.42,369
2026-08-25T10:35:00+00:00,53660.42,53664.42,53657.42,53658.42,349
2026-08-25T10:40:00+00:00,53658.42,53664.42,53634.42,53634.42,534
2026-08-25T10:45:00+00:00,53634.42,53649.42,53633.42,53646.42,479
2026-08-25T10:50:00+00:00,53646.42,53649.92,53641.42,53645.42,423
2026-08-25T10:55:00+00:00,53645.42,53659.42,53638.42,53659.42,380
2026-08-25T11:00:00+00:00,53659.42,53659.42,53638.92,53646.42,547
2026-08-25T11:05:00+00:00,53646.42,53646.42,53605.92,53623.42,513
2026-08-25T11:10:00+00:00,53623.42,53632.92,53616.92,53632.92,773
2026-08-25T11:15:00+00:00,53632.92,53636.92,53626.92,53635.92,752
2026-08-25T11:20:00+00:00,53635.92,53644.42,53631.42,53639.42,473
2026-08-25T11:25:00+00:00,53639.42,53642.92,53631.42,53642.42,319
2026-08-25T11:30:00+00:00,53642.42,53666.92,53642.42,53654.42,468
2026-08-25T11:35:00+00:00,53654.42,53680.92,53653.92,53680.92,440
2026-08-25T11:40:00+00:00,53680.92,53693.42,53675.42,53686.42,442
2026-08-25T11:45:00+00:00,53686.42,53703.42,53684.92,53702.92,636
2026-08-25T11:50:00+00:00,53702.92,53722.92,53696.92,53696.92,914
2026-08-25T11:55:00+00:00,53696.92,53718.92,53691.92,53718.92,511
2026-08-25T12:00:00+00:00,53718.92,53729.42,53702.42,53715.42,872
2026-08-25T12:05:00+00:00,53715.42,53717.92,53697.92,53707.42,583
2026-08-25T12:10:00+00:00,53707.42,53712.92,53666.42,53674.92,959
2026-08-25T12:15:00+00:00,53674.92,53701.42,53671.42,53696.92,899
2026-08-25T12:20:00+00:00,53696.92,53701.92,53676.92,53680.92,664
2026-08-25T12:25:00+00:00,53680.92,53698.92,53680.92,53697.92,445
2026-08-25T12:30:00+00:00,53697.92,53697.92,53655.42,53656.92,707
2026-08-25T12:35:00+00:00,53656.92,53657.42,53626.92,53630.92,682
2026-08-25T12:40:00+00:00,53630.92,53635.92,53616.42,53620.42,662
2026-08-25T12:45:00+00:00,53620.42,53632.42,53616.92,53632.42,406
2026-08-25T12:50:00+00:00,53632.42,53654.92,53631.42,53651.42,528
2026-08-25T12:55:00+00:00,53651.42,53658.92,53640.92,53649.92,438
2026-08-25T13:00:00+00:00,53649.92,53660.42,53633.42,53652.92,974
2026-08-25T13:05:00+00:00,53652.92,53660.42,53629.42,53642.42,959
2026-08-25T13:10:00+00:00,53642.42,53662.92,53641.92,53653.92,1448
2026-08-25T13:15:00+00:00,53653.92,53660.92,53633.92,53660.42,1135
2026-08-25T13:20:00+00:00,53660.42,53661.92,53646.92,53650.42,675
2026-08-25T13:25:00+00:00,53650.42,53690.42,53648.42,53677.92,1282
2026-08-25T13:30:00+00:00,53677.92,53699.77,53482.77,53507.27,9758
2026-08-25T13:35:00+00:00,53507.27,53535.27,53451.27,53492.27,8923
2026-08-25T13:40:00+00:00,53492.27,53515.77,53460.77,53464.27,6507
2026-08-25T13:45:00+00:00,53464.27,53477.27,53421.77,53426.77,5304
2026-08-25T13:50:00+00:00,53426.77,53441.77,53402.27,53420.27,4668
2026-08-25T13:55:00+00:00,53420.27,53444.27,53408.27,53424.77,3581
2026-08-25T14:00:00+00:00,53424.77,53449.77,53409.77,53443.77,4186
2026-08-25T14:05:00+00:00,53443.77,53455.77,53430.77,53447.77,3409
2026-08-25T14:10:00+00:00,53447.77,53472.77,53425.77,53470.77,3166
2026-08-25T14:15:00+00:00,53470.77,53496.77,53467.77,53486.77,2950
2026-08-25T14:20:00+00:00,53486.77,53501.27,53467.77,53496.77,2410
2026-08-25T14:25:00+00:00,53496.77,53501.77,53460.77,53470.27,2602
2026-08-25T14:30:00+00:00,53470.27,53483.77,53364.27,53455.27,4451
2026-08-25T14:35:00+00:00,53455.27,53472.77,53441.77,53468.77,2582
2026-08-25T14:40:00+00:00,53468.77,53468.77,53418.77,53427.77,2162
2026-08-25T14:45:00+00:00,53427.77,53434.77,53402.27,53411.27,2281
2026-08-25T14:50:00+00:00,53411.27,53443.77,53397.77,53433.77,1873
2026-08-25T14:55:00+00:00,53433.77,53456.77,53431.77,53447.27,1860
2026-08-25T15:00:00+00:00,53447.27,53464.77,53434.77,53444.77,2115
2026-08-25T15:05:00+00:00,53444.77,53477.27,53442.77,53472.77,2043
2026-08-25T15:10:00+00:00,53472.77,53484.77,53455.27,53456.77,1750
2026-08-25T15:15:00+00:00,53456.77,53489.77,53451.77,53487.77,1517
2026-08-25T15:20:00+00:00,53487.77,53492.77,53460.77,53464.77,1515
2026-08-25T15:25:00+00:00,53464.77,53465.77,53438.77,53460.77,1590
2026-08-25T15:30:00+00:00,53460.77,53488.77,53440.77,53443.27,2695
2026-08-25T15:35:00+00:00,53443.27,53472.77,53429.77,53441.77,1970
2026-08-25T15:40:00+00:00,53441.77,53469.77,53437.77,53467.77,1475
2026-08-25T15:45:00+00:00,53467.77,53468.77,53452.77,53462.77,1655
2026-08-25T15:50:00+00:00,53462.77,53507.77,53461.77,53499.77,1570
2026-08-25T15:55:00+00:00,53499.77,53535.77,53498.77,53523.77,1468
2026-08-25T16:00:00+00:00,53523.77,53543.27,53519.77,53520.77,1400
2026-08-25T16:05:00+00:00,53520.77,53524.77,53489.77,53491.77,1308
2026-08-25T16:10:00+00:00,53491.77,53496.77,53478.77,53487.77,1088
2026-08-25T16:15:00+00:00,53487.77,53487.77,53468.77,53473.27,946
2026-08-25T16:20:00+00:00,53473.27,53480.77,53457.77,53479.27,901
2026-08-25T16:25:00+00:00,53479.27,53490.77,53475.77,53488.77,892
2026-08-25T16:30:00+00:00,53488.77,53500.77,53485.77,53495.77,813
2026-08-25T16:35:00+00:00,53495.77,53518.77,53486.77,53510.77,937
2026-08-25T16:40:00+00:00,53510.77,53518.77,53503.77,53507.77,978
2026-08-25T16:45:00+00:00,53507.77,53515.77,53494.77,53508.27,894
2026-08-25T16:50:00+00:00,53508.27,53508.77,53489.77,53499.77,758
2026-08-25T16:55:00+00:00,53499.77,53532.27,53498.27,53522.77,959
2026-08-25T17:00:00+00:00,53522.77,53522.77,53494.77,53495.77,1018
2026-08-25T17:05:00+00:00,53495.77,53500.77,53468.77,53479.77,1211
2026-08-25T17:10:00+00:00,53479.77,53490.77,53469.77,53483.77,966
2026-08-25T17:15:00+00:00,53483.77,53499.27,53477.77,53498.77,746
2026-08-25T17:20:00+00:00,53498.77,53499.77,53477.77,53479.77,923
2026-08-25T17:25:00+00:00,53479.77,53479.77,53464.77,53474.77,916
2026-08-25T17:30:00+00:00,53474.77,53489.27,53471.77,53481.77,936
2026-08-25T17:35:00+00:00,53481.77,53495.77,53479.77,53489.77,794
2026-08-25T17:40:00+00:00,53489.77,53510.77,53487.77,53497.77,860
2026-08-25T17:45:00+00:00,53497.77,53505.77,53493.77,53497.77,680
2026-08-25T17:50:00+00:00,53497.77,53525.77,53496.77,53524.77,651
2026-08-25T17:55:00+00:00,53524.77,53528.77,53509.77,53514.77,621
2026-08-25T18:00:00+00:00,53514.77,53522.77,53505.77,53520.27,748
2026-08-25T18:05:00+00:00,53520.27,53529.77,53514.77,53519.77,789
2026-08-25T18:10:00+00:00,53519.77,53529.77,53518.27,53518.27,676
2026-08-25T18:15:00+00:00,53518.27,53524.77,53512.77,53518.27,642
2026-08-25T18:20:00+00:00,53518.27,53526.77,53514.77,53522.77,524
2026-08-25T18:25:00+00:00,53522.77,53527.77,53516.77,53521.77,680
2026-08-25T18:30:00+00:00,53521.77,53545.27,53521.77,53539.77,956
2026-08-25T18:35:00+00:00,53539.77,53542.77,53527.77,53531.77,686
2026-08-25T18:40:00+00:00,53531.77,53557.77,53531.77,53557.77,654
2026-08-25T18:45:00+00:00,53557.77,53574.77,53554.77,53574.77,1055
2026-08-25T18:50:00+00:00,53574.77,53579.27,53563.77,53569.27,878
2026-08-25T18:55:00+00:00,53569.27,53575.77,53559.27,53571.77,734
2026-08-25T19:00:00+00:00,53571.77,53580.27,53558.27,53560.77,945
2026-08-25T19:05:00+00:00,53560.77,53564.77,53546.27,53546.77,778
2026-08-25T19:10:00+00:00,53546.77,53548.27,53530.77,53533.77,926
2026-08-25T19:15:00+00:00,53533.77,53539.77,53527.77,53529.77,959
2026-08-25T19:20:00+00:00,53529.77,53544.27,53526.77,53544.27,821
2026-08-25T19:25:00+00:00,53544.27,53564.77,53542.77,53561.77,676
2026-08-25T19:30:00+00:00,53561.77,53571.77,53554.77,53559.77,1009
2026-08-25T19:35:00+00:00,53559.77,53569.77,53558.27,53564.77,832
2026-08-25T19:40:00+00:00,53564.77,53591.77,53563.77,53579.77,862
2026-08-25T19:45:00+00:00,53579.77,53588.77,53567.77,53582.77,783
2026-08-25T19:50:00+00:00,53582.77,53600.77,53565.27,53596.27,1807
2026-08-25T19:55:00+00:00,53596.27,53603.27,53557.27,53566.77,2926
2026-08-25T20:00:00+00:00,53566.77,53586.42,53561.92,53576.42,1108
2026-08-25T20:05:00+00:00,53576.42,53584.92,53568.92,53582.42,283
2026-08-25T20:10:00+00:00,53582.42,53585.42,53577.92,53579.92,300
2026-08-25T20:15:00+00:00,53579.92,53583.92,53573.42,53574.92,216
2026-08-25T20:20:00+00:00,53574.92,53593.92,53574.92,53589.42,217
2026-08-25T20:25:00+00:00,53589.42,53593.42,53581.92,53585.92,221
2026-08-25T20:30:00+00:00,53585.92,53597.42,53585.92,53592.42,156
2026-08-25T20:35:00+00:00,53592.42,53592.42,53584.42,53584.92,57
2026-08-25T20:40:00+00:00,53584.92,53585.92,53580.92,53581.92,93
2026-08-25T20:45:00+00:00,53581.92,53581.92,53569.92,53572.92,165
2026-08-25T20:50:00+00:00,53572.92,53572.92,53567.42,53568.42,110
2026-08-25T20:55:00+00:00,53568.42,53571.67,53565.92,53571.67,141
2026-08-25T22:00:00+00:00,53571.67,53577.19,53562.69,53567.19,719
2026-08-25T22:05:00+00:00,53567.19,53570.69,53561.19,53563.69,484
2026-08-25T22:10:00+00:00,53563.69,53564.19,53557.19,53559.19,81
2026-08-25T22:15:00+00:00,53559.19,53566.19,53558.69,53564.19,72
2026-08-25T22:20:00+00:00,53564.19,53567.69,53560.69,53567.19,98
2026-08-25T22:25:00+00:00,53567.19,53572.69,53566.69,53571.19,59
2026-08-25T22:30:00+00:00,53571.19,53576.69,53570.69,53574.19,53
2026-08-25T22:35:00+00:00,53574.19,53575.69,53572.69,53573.69,92
2026-08-25T22:40:00+00:00,53573.69,53574.69,53570.69,53573.19,193
2026-08-25T22:45:00+00:00,53573.19,53574.19,53572.19,53572.69,126
2026-08-25T22:50:00+00:00,53572.69,53573.69,53570.19,53571.69,148
2026-08-25T22:55:00+00:00,53571.69,53575.19,53568.69,53571.69,219
2026-08-25T23:00:00+00:00,53571.69,53575.69,53566.19,53566.19,194
2026-08-25T23:05:00+00:00,53566.19,53572.69,53566.19,53570.69,65
2026-08-25T23:10:00+00:00,53570.69,53572.19,53567.69,53567.69,37
2026-08-25T23:15:00+00:00,53567.69,53576.69,53565.69,53576.69,40
2026-08-25T23:20:00+00:00,53576.69,53576.69,53567.69,53567.69,93
2026-08-25T23:25:00+00:00,53567.69,53573.19,53566.19,53569.69,147
2026-08-25T23:30:00+00:00,53569.69,53573.69,53563.69,53563.69,168
2026-08-25T23:35:00+00:00,53563.69,53565.69,53561.69,53564.69,97
2026-08-25T23:40:00+00:00,53564.69,53564.69,53554.69,53556.69,210
2026-08-25T23:45:00+00:00,53556.69,53557.19,53548.69,53550.19,558
2026-08-25T23:50:00+00:00,53550.19,53551.69,53538.69,53548.69,670
2026-08-25T23:55:00+00:00,53548.69,53556.69,53545.19,53553.69,402
2026-08-26T00:00:00+00:00,53553.69,53563.69,53547.19,53561.19,2044
2026-08-26T00:05:00+00:00,53561.19,53570.19,53554.19,53563.69,1024
2026-08-26T00:10:00+00:00,53563.69,53576.19,53556.69,53556.69,735
2026-08-26T00:15:00+00:00,53556.69,53576.19,53556.69,53573.69,787
2026-08-26T00:20:00+00:00,53573.69,53574.19,53566.69,53568.19,631
2026-08-26T00:25:00+00:00,53568.19,53570.19,53563.19,53565.69,578
2026-08-26T00:30:00+00:00,53565.69,53568.69,53560.69,53562.69,509
2026-08-26T00:35:00+00:00,53562.69,53565.19,53555.69,53557.69,696
2026-08-26T00:40:00+00:00,53557.69,53566.69,53556.19,53563.19,466
2026-08-26T00:45:00+00:00,53563.19,53571.19,53561.69,53570.19,584
2026-08-26T00:50:00+00:00,53570.19,53571.69,53565.69,53568.19,425
2026-08-26T00:55:00+00:00,53568.19,53572.19,53561.19,53563.69,483
2026-08-26T01:00:00+00:00,53563.69,53584.19,53563.69,53583.69,703
2026-08-26T01:05:00+00:00,53583.69,53605.19,53581.19,53600.19,347
2026-08-26T01:10:00+00:00,53600.19,53614.19,53599.19,53610.19,171
2026-08-26T01:15:00+00:00,53610.19,53611.69,53586.19,53586.69,235
2026-08-26T01:20:00+00:00,53586.69,53589.19,53581.19,53584.19,289
2026-08-26T01:25:00+00:00,53584.19,53587.69,53571.69,53572.19,322
2026-08-26T01:30:00+00:00,53572.19,53577.19,53551.19,53556.69,683
2026-08-26T01:35:00+00:00,53556.69,53562.69,53551.69,53555.69,407
2026-08-26T01:40:00+00:00,53555.69,53557.69,53546.69,53554.69,497
2026-08-26T01:45:00+00:00,53554.69,53558.19,53544.69,53558.19,745
2026-08-26T01:50:00+00:00,53558.19,53559.19,53544.19,53548.19,697
2026-08-26T01:55:00+00:00,53548.19,53559.69,53547.69,53557.69,422
2026-08-26T02:00:00+00:00,53557.69,53569.69,53557.69,53566.69,399
2026-08-26T02:05:00+00:00,53566.69,53567.69,53546.69,53548.19,457
2026-08-26T02:10:00+00:00,53548.19,53558.69,53546.19,53556.69,471
2026-08-26T02:15:00+00:00,53556.69,53561.69,53552.69,53555.69,443
2026-08-26T02:20:00+00:00,53555.69,53568.69,53555.69,53563.69,316
2026-08-26T02:25:00+00:00,53563.69,53567.69,53562.19,53567.69,235
2026-08-26T02:30:00+00:00,53567.69,53582.69,53567.69,53582.69,405
2026-08-26T02:35:00+00:00,53582.69,53582.69,53573.19,53581.19,260
2026-08-26T02:40:00+00:00,53581.19,53602.19,53579.19,53601.19,491
2026-08-26T02:45:00+00:00,53601.19,53617.69,53595.19,53616.69,493
2026-08-26T02:50:00+00:00,53616.69,53620.69,53606.69,53607.69,516
2026-08-26T02:55:00+00:00,53607.69,53612.19,53604.19,53604.19,399
2026-08-26T03:00:00+00:00,53604.19,53606.69,53596.69,53601.19,545
2026-08-26T03:05:00+00:00,53601.19,53602.69,53595.19,53602.69,529
2026-08-26T03:10:00+00:00,53602.69,53618.19,53601.19,53617.19,312
2026-08-26T03:15:00+00:00,53617.19,53618.19,53609.69,53609.69,393
2026-08-26T03:20:00+00:00,53609.69,53612.69,53606.19,53608.19,313
2026-08-26T03:25:00+00:00,53608.19,53613.69,53605.69,53608.69,294
2026-08-26T03:30:00+00:00,53608.69,53616.69,53604.69,53615.69,627
2026-08-26T03:35:00+00:00,53615.69,53619.69,53614.69,53617.69,666
2026-08-26T03:40:00+00:00,53617.69,53626.19,53617.69,53624.19,357
2026-08-26T03:45:00+00:00,53624.19,53634.69,53619.69,53628.19,512
2026-08-26T03:50:00+00:00,53628.19,53631.69,53625.69,53626.19,479
2026-08-26T03:55:00+00:00,53626.19,53626.69,53617.19,53617.19,399
2026-08-26T04:00:00+00:00,53617.19,53626.69,53611.69,53624.19,360
2026-08-26T04:05:00+00:00,53624.19,53625.69,53616.19,53619.69,334
2026-08-26T04:10:00+00:00,53619.69,53623.69,53615.69,53619.69,380
2026-08-26T04:15:00+00:00,53619.69,53620.69,53610.69,53616.69,385
2026-08-26T04:20:00+00:00,53616.69,53619.19,53614.69,53614.69,211
2026-08-26T04:25:00+00:00,53614.69,53618.69,53610.19,53610.19,412
2026-08-26T04:30:00+00:00,53610.19,53610.69,53603.69,53604.19,215
2026-08-26T04:35:00+00:00,53604.19,53609.19,53604.19,53607.19,193
2026-08-26T04:40:00+00:00,53607.19,53610.19,53595.19,53595.19,218
2026-08-26T04:45:00+00:00,53595.19,53595.19,53575.69,53579.19,439
2026-08-26T04:50:00+00:00,53579.19,53580.19,53569.19,53576.19,309
2026-08-26T04:55:00+00:00,53576.19,53579.19,53563.19,53570.19,266
2026-08-26T05:00:00+00:00,53570.19,53592.19,53570.19,53587.69,283
2026-08-26T05:05:00+00:00,53587.69,53604.19,53580.69,53603.69,586
2026-08-26T05:10:00+00:00,53603.69,53603.69,53594.69,53596.69,301
2026-08-26T05:15:00+00:00,53596.69,53597.69,53584.69,53589.69,446
2026-08-26T05:20:00+00:00,53589.69,53590.19,53584.69,53587.69,216
2026-08-26T05:25:00+00:00,53587.69,53590.69,53575.69,53590.19,431
2026-08-26T05:30:00+00:00,53590.19,53594.19,53586.19,53587.69,538
2026-08-26T05:35:00+00:00,53587.69,53589.19,53573.19,53579.19,500
2026-08-26T05:40:00+00:00,53579.19,53585.19,53576.69,53584.19,380
2026-08-26T05:45:00+00:00,53584.19,53584.69,53573.69,53577.69,428
2026-08-26T05:50:00+00:00,53577.69,53585.69,53574.69,53578.69,357
2026-08-26T05:55:00+00:00,53578.69,53585.19,53578.19,53583.19,480
2026-08-26T06:00:00+00:00,53583.19,53589.19,53564.69,53564.69,714
2026-08-26T06:05:00+00:00,53564.69,53572.19,53561.69,53571.69,642
2026-08-26T06:10:00+00:00,53571.69,53595.69,53570.69,53587.19,617
2026-08-26T06:15:00+00:00,53587.19,53595.69,53581.69,53595.69,583
2026-08-26T06:20:00+00:00,53595.69,53599.19,53586.69,53590.69,395
2026-08-26T06:25:00+00:00,53590.69,53600.69,53580.69,53589.19,826
2026-08-26T06:30:00+00:00,53589.19,53612.69,53581.69,53612.69,863
2026-08-26T06:35:00+00:00,53612.69,53624.19,53611.69,53622.69,477
2026-08-26T06:40:00+00:00,53622.69,53635.19,53620.19,53634.19,416
2026-08-26T06:45:00+00:00,53634.19,53642.19,53627.69,53628.69,382
2026-08-26T06:50:00+00:00,53628.69,53630.69,53611.69,53618.19,326
2026-08-26T06:55:00+00:00,53618.19,53632.69,53615.69,53628.69,551
2026-08-26T07:00:00+00:00,53628.69,53628.69,53590.19,53623.69,1323
2026-08-26T07:05:00+00:00,53623.69,53624.69,53592.19,53593.69,771
2026-08-26T07:10:00+00:00,53593.69,53627.19,53590.69,53624.69,760
2026-08-26T07:15:00+00:00,53624.69,53629.19,53609.19,53611.19,806
2026-08-26T07:20:00+00:00,53611.19,53614.69,53588.19,53592.69,754
2026-08-26T07:25:00+00:00,53592.69,53600.69,53582.19,53585.69,1042
2026-08-26T07:30:00+00:00,53585.69,53591.19,53568.19,53586.69,929
2026-08-26T07:35:00+00:00,53586.69,53597.69,53583.69,53585.69,839
2026-08-26T07:40:00+00:00,53585.69,53597.19,53582.69,53595.69,895
2026-08-26T07:45:00+00:00,53595.69,53619.69,53594.69,53609.19,851
2026-08-26T07:50:00+00:00,53609.19,53625.69,53602.19,53625.19,986
2026-08-26T07:55:00+00:00,53625.19,53638.69,53619.69,53638.19,690
2026-08-26T08:00:00+00:00,53638.19,53654.19,53617.19,53642.69,974
2026-08-26T08:05:00+00:00,53642.69,53650.19,53628.69,53634.19,690
2026-08-26T08:10:00+00:00,53634.19,53645.69,53628.69,53629.19,689
2026-08-26T08:15:00+00:00,53629.19,53652.69,53626.69,53642.69,995
2026-08-26T08:20:00+00:00,53642.69,53645.69,53612.69,53618.69,754
2026-08-26T08:25:00+00:00,53618.69,53648.69,53616.69,53648.69,919
2026-08-26T08:30:00+00:00,53648.69,53655.69,53626.19,53644.19,999
2026-08-26T08:35:00+00:00,53644.19,53650.69,53635.69,53642.69,542
2026-08-26T08:40:00+00:00,53642.69,53652.69,53640.69,53645.69,693
2026-08-26T08:45:00+00:00,53645.69,53651.69,53637.69,53649.69,642
2026-08-26T08:50:00+00:00,53649.69,53659.19,53640.19,53642.19,483
2026-08-26T08:55:00+00:00,53642.19,53644.69,53626.19,53643.69,837
2026-08-26T09:00:00+00:00,53643.69,53654.69,53637.69,53637.69,1035
2026-08-26T09:05:00+00:00,53637.69,53642.69,53631.19,53631.19,708
2026-08-26T09:10:00+00:00,53631.19,53644.69,53625.19,53626.69,893
2026-08-26T09:15:00+00:00,53626.69,53638.19,53619.69,53622.19,789
2026-08-26T09:20:00+00:00,53622.19,53630.19,53612.69,53612.69,761
2026-08-26T09:25:00+00:00,53612.69,53620.69,53608.69,53618.69,909
2026-08-26T09:30:00+00:00,53618.69,53637.19,53618.69,53632.69,704
2026-08-26T09:35:00+00:00,53632.69,53633.69,53620.69,53628.69,550
2026-08-26T09:40:00+00:00,53628.69,53630.69,53616.69,53625.69,526
2026-08-26T09:45:00+00:00,53625.69,53640.69,53621.69,53622.69,501
2026-08-26T09:50:00+00:00,53622.69,53626.69,53615.69,53618.69,627
2026-08-26T09:55:00+00:00,53618.69,53634.19,53617.19,53626.19,577
2026-08-26T10:00:00+00:00,53626.19,53628.69,53614.69,53615.69,543
2026-08-26T10:05:00+00:00,53615.69,53617.69,53605.69,53613.69,392
2026-08-26T10:10:00+00:00,53613.69,53613.69,53594.69,53599.69,621
2026-08-26T10:15:00+00:00,53599.69,53606.69,53597.19,53597.69,683
2026-08-26T10:20:00+00:00,53597.69,53603.69,53585.69,53599.69,643
2026-08-26T10:25:00+00:00,53599.69,53599.69,53579.69,53580.19,434
2026-08-26T10:30:00+00:00,53580.19,53602.69,53571.69,53602.69,792
2026-08-26T10:35:00+00:00,53602.69,53623.19,53602.69,53617.69,632
2026-08-26T10:40:00+00:00,53617.69,53626.19,53597.69,53599.19,516
2026-08-26T10:45:00+00:00,53599.19,53600.69,53591.19,53594.19,347
2026-08-26T10:50:00+00:00,53594.19,53594.19,53575.19,53584.69,550
2026-08-26T10:55:00+00:00,53584.69,53586.19,53579.19,53582.69,555
2026-08-26T11:00:00+00:00,53582.69,53602.19,53582.19,53592.69,1126
2026-08-26T11:05:00+00:00,53592.69,53592.69,53576.19,53581.69,848
2026-08-26T11:10:00+00:00,53581.69,53599.69,53577.69,53597.19,671
2026-08-26T11:15:00+00:00,53597.19,53629.19,53595.69,53614.19,950
2026-08-26T11:20:00+00:00,53614.19,53621.19,53604.19,53604.19,821
2026-08-26T11:25:00+00:00,53604.19,53617.69,53601.69,53616.69,840
2026-08-26T11:30:00+00:00,53616.69,53633.19,53614.69,53621.19,901
2026-08-26T11:35:00+00:00,53621.19,53624.19,53595.69,53605.69,1056
2026-08-26T11:40:00+00:00,53605.69,53613.19,53600.19,53610.19,988
2026-08-26T11:45:00+00:00,53610.19,53613.69,53587.69,53587.69,1027
2026-08-26T11:50:00+00:00,53587.69,53610.19,53587.69,53607.19,839
2026-08-26T11:55:00+00:00,53607.19,53610.69,53592.19,53604.19,717
2026-08-26T12:00:00+00:00,53604.19,53615.19,53591.69,53612.69,915
2026-08-26T12:05:00+00:00,53612.69,53618.19,53607.69,53615.19,657
2026-08-26T12:10:00+00:00,53615.19,53645.19,53607.69,53642.19,859
2026-08-26T12:15:00+00:00,53642.19,53654.69,53632.19,53649.69,649
2026-08-26T12:20:00+00:00,53649.69,53674.19,53647.69,53668.69,987
2026-08-26T12:25:00+00:00,53668.69,53713.19,53665.19,53713.19,1068
2026-08-26T12:30:00+00:00,53713.19,53714.19,53599.69,53618.19,4844
2026-08-26T12:35:00+00:00,53618.19,53621.69,53589.69,53593.69,2486
2026-08-26T12:40:00+00:00,53593.69,53616.19,53585.69,53594.69,2377
2026-08-26T12:45:00+00:00,53594.69,53617.19,53585.69,53617.19,1737
2026-08-26T12:50:00+00:00,53617.19,53622.69,53573.19,53600.19,2176
2026-08-26T12:55:00+00:00,53600.19,53606.69,53567.19,53570.69,2890
2026-08-26T13:00:00+00:00,53570.69,53592.69,53564.69,53580.69,1776
2026-08-26T13:05:00+00:00,53580.69,53590.19,53559.19,53565.69,1651
2026-08-26T13:10:00+00:00,53565.69,53589.69,53562.69,53581.69,1135
2026-08-26T13:15:00+00:00,53581.69,53593.69,53565.19,53590.69,1384
2026-08-26T13:20:00+00:00,53590.69,53599.69,53577.69,53581.69,957
2026-08-26T13:25:00+00:00,53581.69,53607.69,53572.69,53590.19,1833
2026-08-26T13:30:00+00:00,53590.19,53613.54,53500.54,53554.04,9320
2026-08-26T13:35:00+00:00,53554.04,53625.54,53505.04,53618.04,7715
2026-08-26T13:40:00+00:00,53618.04,53649.04,53587.54,53624.04,6731
2026-08-26T13:45:00+00:00,53624.04,53637.54,53548.04,53548.04,5329
2026-08-26T13:50:00+00:00,53548.04,53606.54,53523.54,53605.54,4475
2026-08-26T13:55:00+00:00,53605.54,53611.54,53569.04,53602.54,3397
2026-08-26T14:00:00+00:00,53602.54,53603.04,53575.54,53589.54,3571
2026-08-26T14:05:00+00:00,53589.54,53597.54,53560.54,53597.54,2846
2026-08-26T14:10:00+00:00,53597.54,53606.54,53547.54,53555.54,3581
2026-08-26T14:15:00+00:00,53555.54,53560.54,53511.54,53518.54,3687
2026-08-26T14:20:00+00:00,53518.54,53525.04,53477.54,53484.54,3328
2026-08-26T14:25:00+00:00,53484.54,53491.04,53446.54,53454.04,3926
2026-08-26T14:30:00+00:00,53454.04,53480.54,53438.04,53468.54,3293
2026-08-26T14:35:00+00:00,53468.54,53508.54,53466.54,53494.54,3073
2026-08-26T14:40:00+00:00,53494.54,53502.54,53472.54,53488.54,2622
2026-08-26T14:45:00+00:00,53488.54,53491.54,53445.54,53468.54,2584
2026-08-26T14:50:00+00:00,53468.54,53472.54,53451.04,53460.04,2518
2026-08-26T14:55:00+00:00,53460.04,53480.54,53452.54,53464.54,2191
2026-08-26T15:00:00+00:00,53464.54,53504.54,53460.54,53480.54,2198
2026-08-26T15:05:00+00:00,53480.54,53500.54,53474.04,53489.54,1944
2026-08-26T15:10:00+00:00,53489.54,53500.54,53474.54,53483.54,2008
2026-08-26T15:15:00+00:00,53483.54,53486.54,53442.04,53452.54,2205
2026-08-26T15:20:00+00:00,53452.54,53463.54,53442.54,53457.54,2272
2026-08-26T15:25:00+00:00,53457.54,53470.54,53446.54,53449.54,2054
2026-08-26T15:30:00+00:00,53449.54,53455.54,53411.54,53416.54,2364
2026-08-26T15:35:00+00:00,53416.54,53433.54,53413.04,53431.54,2240
2026-08-26T15:40:00+00:00,53431.54,53472.54,53427.54,53472.04,1840
2026-08-26T15:45:00+00:00,53472.04,53496.54,53466.54,53486.54,1688
2026-08-26T15:50:00+00:00,53486.54,53492.54,53443.04,53452.54,3911
2026-08-26T15:55:00+00:00,53452.54,53484.54,53450.04,53470.04,1965
2026-08-26T16:00:00+00:00,53470.04,53477.54,53449.54,53455.54,2323
2026-08-26T16:05:00+00:00,53455.54,53478.54,53450.54,53460.54,1819
2026-08-26T16:10:00+00:00,53460.54,53466.54,53441.54,53441.54,1712
2026-08-26T16:15:00+00:00,53441.54,53448.54,53430.54,53441.54,1530
2026-08-26T16:20:00+00:00,53441.54,53448.54,53427.54,53431.04,1113
2026-08-26T16:25:00+00:00,53431.04,53440.54,53419.54,53428.54,906
2026-08-26T16:30:00+00:00,53428.54,53440.54,53424.04,53434.54,1179
2026-08-26T16:35:00+00:00,53434.54,53439.54,53399.54,53399.54,1604
2026-08-26T16:40:00+00:00,53399.54,53415.54,53382.54,53390.54,1824
2026-08-26T16:45:00+00:00,53390.54,53405.04,53382.54,53386.54,1966
2026-08-26T16:50:00+00:00,53386.54,53406.04,53385.54,53391.54,1466
2026-08-26T16:55:00+00:00,53391.54,53425.04,53391.04,53422.54,1643
2026-08-26T17:00:00+00:00,53422.54,53438.04,53414.54,53429.04,1448
2026-08-26T17:05:00+00:00,53429.04,53442.54,53415.04,53436.54,1362
2026-08-26T17:10:00+00:00,53436.54,53447.54,53432.04,53446.54,1025
2026-08-26T17:15:00+00:00,53446.54,53467.54,53446.54,53453.54,1545
2026-08-26T17:20:00+00:00,53453.54,53480.54,53453.54,53479.54,1212
2026-08-26T17:25:00+00:00,53479.54,53487.54,53466.04,53485.54,1098
2026-08-26T17:30:00+00:00,53485.54,53496.04,53466.54,53481.54,1533
2026-08-26T17:35:00+00:00,53481.54,53487.54,53463.54,53464.04,1191
2026-08-26T17:40:00+00:00,53464.04,53474.54,53458.04,53468.54,1329
2026-08-26T17:45:00+00:00,53468.54,53471.54,53451.54,53456.54,1144
2026-08-26T17:50:00+00:00,53456.54,53471.04,53455.54,53469.04,998
2026-08-26T17:55:00+00:00,53469.04,53473.54,53454.54,53459.54,1021
2026-08-26T18:00:00+00:00,53459.54,53462.04,53444.54,53446.54,1162
2026-08-26T18:05:00+00:00,53446.54,53465.54,53446.54,53457.04,1152
2026-08-26T18:10:00+00:00,53457.04,53459.04,53448.04,53452.54,990
2026-08-26T18:15:00+00:00,53452.54,53468.54,53450.54,53465.54,986
2026-08-26T18:20:00+00:00,53465.54,53477.54,53455.54,53455.54,1053
2026-08-26T18:25:00+00:00,53455.54,53460.54,53439.54,53441.04,800
2026-08-26T18:30:00+00:00,53441.04,53447.04,53428.54,53438.54,1003
2026-08-26T18:35:00+00:00,53438.54,53448.54,53431.04,53445.54,854
2026-08-26T18:40:00+00:00,53445.54,53456.04,53443.54,53453.54,769
2026-08-26T18:45:00+00:00,53453.54,53473.54,53452.54,53466.54,1231
2026-08-26T18:50:00+00:00,53466.54,53483.54,53463.54,53474.04,1038
2026-08-26T18:55:00+00:00,53474.04,53479.04,53453.04,53472.54,962
2026-08-26T19:00:00+00:00,53472.54,53517.54,53472.04,53511.04,2143
2026-08-26T19:05:00+00:00,53511.04,53511.54,53484.04,53495.04,1272
2026-08-26T19:10:00+00:00,53495.04,53503.04,53489.04,53498.04,1159
2026-08-26T19:15:00+00:00,53498.04,53517.04,53497.04,53512.04,1032
2026-08-26T19:20:00+00:00,53512.04,53515.04,53495.04,53512.04,1237
2026-08-26T19:25:00+00:00,53512.04,53521.04,53510.04,53512.04,869
2026-08-26T19:30:00+00:00,53512.04,53515.54,53501.04,53509.04,1291
2026-08-26T19:35:00+00:00,53509.04,53511.04,53498.04,53505.04,1191
2026-08-26T19:40:00+00:00,53505.04,53527.04,53505.04,53521.04,1455
2026-08-26T19:45:00+00:00,53521.04,53533.04,53513.04,53532.04,1429
2026-08-26T19:50:00+00:00,53532.04,53532.04,53481.54,53488.04,1936
2026-08-26T19:55:00+00:00,53488.04,53502.04,53451.54,53478.04,3512
2026-08-26T20:00:00+00:00,53478.04,53599.19,53475.19,53580.69,2643
2026-08-26T20:05:00+00:00,53580.69,53626.19,53561.19,53605.19,2139
2026-08-26T20:10:00+00:00,53605.19,53617.69,53593.19,53609.19,1372
2026-08-26T20:15:00+00:00,53609.19,53649.19,53607.19,53634.69,1352
2026-08-26T20:20:00+00:00,53634.69,53634.69,53605.69,53627.69,5459
2026-08-26T20:25:00+00:00,53627.69,53656.19,53623.19,53654.69,2517
2026-08-26T20:30:00+00:00,53654.69,53656.69,53630.19,53632.19,1569
2026-08-26T20:35:00+00:00,53632.19,53641.19,53630.19,53639.19,1187
2026-08-26T20:40:00+00:00,53639.19,53646.19,53632.19,53642.19,966
2026-08-26T20:45:00+00:00,53642.19,53646.19,53637.19,53645.69,930
2026-08-26T20:50:00+00:00,53645.69,53659.19,53644.19,53654.19,1041
2026-08-26T20:55:00+00:00,53654.19,53673.19,53651.69,53672.44,858
2026-08-26T22:00:00+00:00,53672.44,53689.15,53615.65,53688.65,1388
2026-08-26T22:05:00+00:00,53688.65,53689.65,53667.15,53675.15,883
2026-08-26T22:10:00+00:00,53675.15,53691.65,53668.65,53689.65,507
2026-08-26T22:15:00+00:00,53689.65,53721.15,53685.65,53714.15,527
2026-08-26T22:20:00+00:00,53714.15,53729.65,53709.15,53725.15,518
2026-08-26T22:25:00+00:00,53725.15,53740.65,53723.15,53739.15,647
2026-08-26T22:30:00+00:00,53739.15,53746.15,53734.65,53745.15,465
2026-08-26T22:35:00+00:00,53745.15,53761.65,53743.65,53743.65,511
2026-08-26T22:40:00+00:00,53743.65,53764.65,53743.65,53759.65,361
2026-08-26T22:45:00+00:00,53759.65,53761.15,53739.15,53739.15,310
2026-08-26T22:50:00+00:00,53739.15,53741.15,53725.15,53725.15,433
2026-08-26T22:55:00+00:00,53725.15,53731.15,53721.65,53723.15,320
2026-08-26T23:00:00+00:00,53723.15,53727.65,53718.15,53719.15,306
2026-08-26T23:05:00+00:00,53719.15,53724.15,53714.15,53719.15,145
2026-08-26T23:10:00+00:00,53719.15,53725.65,53715.65,53725.15,174
2026-08-26T23:15:00+00:00,53725.15,53726.15,53710.15,53717.15,139
2026-08-26T23:20:00+00:00,53717.15,53727.15,53716.15,53719.15,159
2026-08-26T23:25:00+00:00,53719.15,53723.65,53709.65,53713.65,209
2026-08-26T23:30:00+00:00,53713.65,53722.15,53709.65,53711.15,259
2026-08-26T23:35:00+00:00,53711.15,53716.15,53710.15,53712.65,82
2026-08-26T23:40:00+00:00,53712.65,53713.65,53709.65,53709.65,88
2026-08-26T23:45:00+00:00,53709.65,53716.65,53706.15,53711.65,422
2026-08-26T23:50:00+00:00,53711.65,53713.65,53696.65,53701.15,294
2026-08-26T23:55:00+00:00,53701.15,53716.65,53700.15,53713.15,379
2026-08-27T00:00:00+00:00,53713.15,53717.15,53681.65,53690.65,729
2026-08-27T00:05:00+00:00,53690.65,53707.15,53689.65,53706.65,463
2026-08-27T00:10:00+00:00,53706.65,53708.65,53697.65,53705.15,353
2026-08-27T00:15:00+00:00,53705.15,53719.15,53693.65,53715.65,529
2026-08-27T00:20:00+00:00,53715.65,53724.15,53706.15,53715.65,497
2026-08-27T00:25:00+00:00,53715.65,53719.15,53709.15,53711.15,233
2026-08-27T00:30:00+00:00,53711.15,53711.15,53699.15,53704.65,362
2026-08-27T00:35:00+00:00,53704.65,53704.65,53687.65,53691.15,398
2026-08-27T00:40:00+00:00,53691.15,53692.15,53666.65,53668.65,412
2026-08-27T00:45:00+00:00,53668.65,53674.65,53644.15,53645.65,779
2026-08-27T00:50:00+00:00,53645.65,53651.65,53633.65,53647.65,752
2026-08-27T00:55:00+00:00,53647.65,53649.65,53630.65,53635.65,547
2026-08-27T01:00:00+00:00,53635.65,53650.15,53628.65,53642.65,954
2026-08-27T01:05:00+00:00,53642.65,53653.65,53634.15,53653.15,685
2026-08-27T01:10:00+00:00,53653.15,53661.15,53647.65,53654.65,570
2026-08-27T01:15:00+00:00,53654.65,53660.65,53641.15,53650.65,408
2026-08-27T01:20:00+00:00,53650.65,53666.65,53645.15,53665.65,526
2026-08-27T01:25:00+00:00,53665.65,53674.15,53661.65,53673.65,354
2026-08-27T01:30:00+00:00,53673.65,53678.65,53660.65,53665.15,435
2026-08-27T01:35:00+00:00,53665.15,53675.15,53665.15,53671.65,384
2026-08-27T01:40:00+00:00,53671.65,53671.65,53641.65,53642.65,673
2026-08-27T01:45:00+00:00,53642.65,53659.65,53641.15,53659.65,565
2026-08-27T01:50:00+00:00,53659.65,53664.15,53653.15,53657.15,326
2026-08-27T01:55:00+00:00,53657.15,53658.65,53648.15,53648.65,263
2026-08-27T02:00:00+00:00,53648.65,53660.65,53647.15,53654.15,415
2026-08-27T02:05:00+00:00,53654.15,53664.65,53652.15,53664.65,327
2026-08-27T02:10:00+00:00,53664.65,53669.65,53664.15,53666.65,186
2026-08-27T02:15:00+00:00,53666.65,53666.65,53654.65,53655.65,175
2026-08-27T02:20:00+00:00,53655.65,53662.15,53652.65,53661.65,200
2026-08-27T02:25:00+00:00,53661.65,53665.65,53655.65,53657.65,197
2026-08-27T02:30:00+00:00,53657.65,53665.65,53654.65,53662.15,162
2026-08-27T02:35:00+00:00,53662.15,53663.15,53656.65,53662.15,160
2026-08-27T02:40:00+00:00,53662.15,53666.15,53655.65,53658.65,267
2026-08-27T02:45:00+00:00,53658.65,53665.65,53658.65,53659.65,172
2026-08-27T02:50:00+00:00,53659.65,53668.65,53659.15,53665.15,154
2026-08-27T02:55:00+00:00,53665.15,53668.15,53663.65,53663.65,109
2026-08-27T03:00:00+00:00,53663.65,53663.65,53655.65,53659.65,220
2026-08-27T03:05:00+00:00,53659.65,53659.65,53650.15,53652.65,141
2026-08-27T03:10:00+00:00,53652.65,53657.65,53648.65,53657.65,135
2026-08-27T03:15:00+00:00,53657.65,53664.65,53655.65,53664.65,171
2026-08-27T03:20:00+00:00,53664.65,53672.15,53662.15,53668.15,213
2026-08-27T03:25:00+00:00,53668.15,53675.65,53664.65,53674.65,173
2026-08-27T03:30:00+00:00,53674.65,53678.65,53665.65,53676.65,223
2026-08-27T03:35:00+00:00,53676.65,53679.15,53667.15,53669.65,210
2026-08-27T03:40:00+00:00,53669.65,53670.15,53661.15,53661.65,212
2026-08-27T03:45:00+00:00,53661.65,53665.65,53661.15,53663.65,188
2026-08-27T03:50:00+00:00,53663.65,53668.15,53650.65,53654.65,242
2026-08-27T03:55:00+00:00,53654.65,53657.65,53648.65,53650.65,158
2026-08-27T04:00:00+00:00,53650.65,53653.65,53646.65,53649.65,181
2026-08-27T04:05:00+00:00,53649.65,53651.65,53646.15,53651.15,155
2026-08-27T04:10:00+00:00,53651.15,53651.15,53647.15,53649.65,91
2026-08-27T04:15:00+00:00,53649.65,53652.65,53646.65,53649.65,112
2026-08-27T04:20:00+00:00,53649.65,53650.15,53640.15,53644.15,147
2026-08-27T04:25:00+00:00,53644.15,53645.65,53630.15,53630.15,139
2026-08-27T04:30:00+00:00,53630.15,53630.15,53619.65,53619.65,232
2026-08-27T04:35:00+00:00,53619.65,53621.65,53615.15,53615.65,131
2026-08-27T04:40:00+00:00,53615.65,53619.65,53609.65,53616.65,207
2026-08-27T04:45:00+00:00,53616.65,53623.15,53614.15,53618.15,207
2026-08-27T04:50:00+00:00,53618.15,53621.65,53609.65,53613.65,175
2026-08-27T04:55:00+00:00,53613.65,53618.65,53613.65,53618.65,93
2026-08-27T05:00:00+00:00,53618.65,53623.65,53593.65,53597.15,324
2026-08-27T05:05:00+00:00,53597.15,53597.15,53583.65,53583.65,268
2026-08-27T05:10:00+00:00,53583.65,53589.65,53582.15,53588.15,233
2026-08-27T05:15:00+00:00,53588.15,53590.15,53578.65,53582.15,305
2026-08-27T05:20:00+00:00,53582.15,53593.15,53582.15,53592.15,236
2026-08-27T05:25:00+00:00,53592.15,53599.15,53583.65,53586.65,322
2026-08-27T05:30:00+00:00,53586.65,53587.65,53574.65,53577.65,338
2026-08-27T05:35:00+00:00,53577.65,53587.65,53571.15,53585.65,283
2026-08-27T05:40:00+00:00,53585.65,53586.15,53561.65,53562.65,368
2026-08-27T05:45:00+00:00,53562.65,53567.15,53559.65,53564.15,323
2026-08-27T05:50:00+00:00,53564.15,53569.15,53560.65,53566.15,323
2026-08-27T05:55:00+00:00,53566.15,53577.65,53564.65,53577.15,278
2026-08-27T06:00:00+00:00,53577.15,53582.65,53571.65,53576.15,550
2026-08-27T06:05:00+00:00,53576.15,53582.15,53561.65,53563.65,473
2026-08-27T06:10:00+00:00,53563.65,53579.15,53556.65,53576.65,478
2026-08-27T06:15:00+00:00,53576.65,53592.15,53575.15,53589.15,466
2026-08-27T06:20:00+00:00,53589.15,53595.15,53587.15,53588.15,254
2026-08-27T06:25:00+00:00,53588.15,53590.65,53580.15,53584.15,436
2026-08-27T06:30:00+00:00,53584.15,53596.65,53582.65,53590.15,462
2026-08-27T06:35:00+00:00,53590.15,53597.65,53586.65,53596.65,460
2026-08-27T06:40:00+00:00,53596.65,53605.65,53594.15,53602.65,329
2026-08-27T06:45:00+00:00,53602.65,53614.15,53598.15,53599.15,336
2026-08-27T06:50:00+00:00,53599.15,53607.15,53598.15,53604.65,273
2026-08-27T06:55:00+00:00,53604.65,53619.65,53603.15,53616.15,390
2026-08-27T07:00:00+00:00,53616.15,53616.15,53579.65,53582.15,1341
2026-08-27T07:05:00+00:00,53582.15,53602.65,53579.65,53599.15,870
2026-08-27T07:10:00+00:00,53599.15,53604.65,53586.65,53604.15,623
2026-08-27T07:15:00+00:00,53604.15,53609.15,53582.65,53597.15,612
2026-08-27T07:20:00+00:00,53597.15,53599.65,53581.15,53583.65,615
2026-08-27T07:25:00+00:00,53583.65,53592.15,53578.65,53591.15,624
2026-08-27T07:30:00+00:00,53591.15,53596.65,53582.65,53591.65,536
2026-08-27T07:35:00+00:00,53591.65,53601.65,53576.15,53581.15,743
2026-08-27T07:40:00+00:00,53581.15,53586.65,53578.65,53585.15,769
2026-08-27T07:45:00+00:00,53585.15,53595.15,53581.65,53585.65,642
2026-08-27T07:50:00+00:00,53585.65,53604.65,53585.65,53598.65,643
2026-08-27T07:55:00+00:00,53598.65,53605.15,53590.15,53592.15,534
2026-08-27T08:00:00+00:00,53592.15,53608.15,53573.15,53606.65,935
2026-08-27T08:05:00+00:00,53606.65,53619.65,53600.65,53605.65,782
2026-08-27T08:10:00+00:00,53605.65,53614.15,53596.15,53596.15,681
2026-08-27T08:15:00+00:00,53596.15,53596.65,53564.65,53566.65,717
2026-08-27T08:20:00+00:00,53566.65,53566.65,53544.65,53562.15,756
2026-08-27T08:25:00+00:00,53562.15,53563.65,53545.65,53551.15,861
2026-08-27T08:30:00+00:00,53551.15,53553.15,53536.65,53540.15,874
2026-08-27T08:35:00+00:00,53540.15,53549.15,53510.15,53512.15,721
2026-08-27T08:40:00+00:00,53512.15,53515.65,53498.15,53501.15,673
2026-08-27T08:45:00+00:00,53501.15,53514.65,53488.15,53490.65,595
2026-08-27T08:50:00+00:00,53490.65,53514.15,53479.65,53480.15,625
2026-08-27T08:55:00+00:00,53480.15,53484.15,53470.65,53473.65,490
2026-08-27T09:00:00+00:00,53473.65,53474.15,53428.65,53445.65,1192
2026-08-27T09:05:00+00:00,53445.65,53462.65,53439.65,53460.65,923
2026-08-27T09:10:00+00:00,53460.65,53468.65,53442.15,53442.15,621
2026-08-27T09:15:00+00:00,53442.15,53448.15,53433.15,53445.65,603
2026-08-27T09:20:00+00:00,53445.65,53478.15,53445.65,53477.15,637
2026-08-27T09:25:00+00:00,53477.15,53487.15,53472.15,53485.15,747
2026-08-27T09:30:00+00:00,53485.15,53500.65,53479.65,53481.15,622
2026-08-27T09:35:00+00:00,53481.15,53485.65,53473.65,53483.15,481
2026-08-27T09:40:00+00:00,53483.15,53485.15,53472.65,53476.15,483
2026-08-27T09:45:00+00:00,53476.15,53483.15,53465.65,53465.65,561
2026-08-27T09:50:00+00:00,53465.65,53476.15,53459.65,53470.15,592
2026-08-27T09:55:00+00:00,53470.15,53472.65,53454.65,53456.15,506
2026-08-27T10:00:00+00:00,53456.15,53458.15,53428.65,53436.15,852
2026-08-27T10:05:00+00:00,53436.15,53441.15,53424.65,53428.15,624
2026-08-27T10:10:00+00:00,53428.15,53443.15,53423.15,53431.15,531
2026-08-27T10:15:00+00:00,53431.15,53446.15,53428.15,53436.65,481
2026-08-27T10:20:00+00:00,53436.65,53442.15,53426.15,53427.15,477
2026-08-27T10:25:00+00:00,53427.15,53427.15,53404.65,53422.15,488
2026-08-27T10:30:00+00:00,53422.15,53425.15,53415.65,53421.65,386
2026-08-27T10:35:00+00:00,53421.65,53425.65,53412.15,53413.15,511
2026-08-27T10:40:00+00:00,53413.15,53436.15,53406.65,53434.15,668
2026-08-27T10:45:00+00:00,53434.15,53444.65,53432.15,53437.15,507
2026-08-27T10:50:00+00:00,53437.15,53448.65,53423.65,53447.65,465
2026-08-27T10:55:00+00:00,53447.65,53456.65,53445.15,53456.65,557
2026-08-27T11:00:00+00:00,53456.65,53461.15,53443.65,53447.65,1151
2026-08-27T11:05:00+00:00,53447.65,53456.65,53428.15,53455.65,796
2026-08-27T11:10:00+00:00,53455.65,53455.65,53435.65,53450.15,600
2026-08-27T11:15:00+00:00,53450.15,53462.65,53443.65,53451.65,629
2026-08-27T11:20:00+00:00,53451.65,53463.65,53451.15,53461.65,560
2026-08-27T11:25:00+00:00,53461.65,53469.65,53446.65,53447.65,538
2026-08-27T11:30:00+00:00,53447.65,53466.65,53432.15,53445.15,1598
2026-08-27T11:35:00+00:00,53445.15,53453.65,53427.65,53435.15,995
2026-08-27T11:40:00+00:00,53435.15,53452.15,53426.65,53446.15,754
2026-08-27T11:45:00+00:00,53446.15,53447.15,53423.65,53425.65,921
2026-08-27T11:50:00+00:00,53425.65,53468.65,53425.65,53458.65,974
2026-08-27T11:55:00+00:00,53458.65,53480.65,53451.15,53479.65,695
2026-08-27T12:00:00+00:00,53479.65,53481.65,53467.65,53476.65,846
2026-08-27T12:05:00+00:00,53476.65,53478.15,53461.65,53474.15,877
2026-08-27T12:10:00+00:00,53474.15,53479.65,53466.65,53467.65,665
2026-08-27T12:15:00+00:00,53467.65,53467.65,53453.65,53460.15,546
2026-08-27T12:20:00+00:00,53460.15,53463.65,53434.15,53437.15,738
2026-08-27T12:25:00+00:00,53437.15,53453.15,53436.15,53440.15,888
2026-08-27T12:30:00+00:00,53440.15,53443.65,53409.15,53412.65,392
2026-08-27T12:35:00+00:00,53412.65,53417.15,53383.65,53386.15,518
2026-08-27T12:40:00+00:00,53386.15,53390.65,53376.15,53377.65,657
2026-08-27T12:45:00+00:00,53377.65,53389.15,53355.15,53359.65,526
2026-08-27T12:50:00+00:00,53359.65,53366.15,53351.15,53354.15,425
2026-08-27T12:55:00+00:00,53354.15,53364.65,53349.15,53350.65,638
2026-08-27T13:00:00+00:00,53350.65,53379.65,53340.15,53370.65,1220
2026-08-27T13:05:00+00:00,53370.65,53379.65,53332.65,53332.65,1087
2026-08-27T13:10:00+00:00,53332.65,53355.15,53325.65,53347.65,711
2026-08-27T13:15:00+00:00,53347.65,53372.65,53345.15,53369.65,919
2026-08-27T13:20:00+00:00,53369.65,53375.15,53364.65,53375.15,581
2026-08-27T13:25:00+00:00,53375.15,53432.65,53374.65,53418.65,1395
2026-08-27T13:30:00+00:00,53418.65,53447,53346.5,53446,9260
2026-08-27T13:35:00+00:00,53446,53555.5,53433.5,53550,7246
2026-08-27T13:40:00+00:00,53550,53553,53482,53504.5,6566
2026-08-27T13:45:00+00:00,53504.5,53531.5,53462.5,53482.5,6386
2026-08-27T13:50:00+00:00,53482.5,53531,53469,53525.5,5730
2026-08-27T13:55:00+00:00,53525.5,53529.5,53460.5,53476,5415
2026-08-27T14:00:00+00:00,53476,53487.5,53448,53452.5,4981
2026-08-27T14:05:00+00:00,53452.5,53457.5,53402,53419.5,4411
2026-08-27T14:10:00+00:00,53419.5,53435,53412,53427,3849
2026-08-27T14:15:00+00:00,53427,53485,53423,53464,3411
2026-08-27T14:20:00+00:00,53464,53499,53457.5,53495,3107
2026-08-27T14:25:00+00:00,53495,53500,53471.5,53486.5,2738
2026-08-27T14:30:00+00:00,53486.5,53528.5,53470,53527,3077
2026-08-27T14:35:00+00:00,53527,53580.5,53527,53574,2847
2026-08-27T14:40:00+00:00,53574,53608,53574,53602.5,2680
2026-08-27T14:45:00+00:00,53602.5,53649,53596.5,53647.5,2510
2026-08-27T14:50:00+00:00,53647.5,53654,53632,53641.5,2349
2026-08-27T14:55:00+00:00,53641.5,53649,53600,53610,2460
2026-08-27T15:00:00+00:00,53610,53652.5,53597,53652.5,2042
2026-08-27T15:05:00+00:00,53652.5,53659.5,53609.5,53628.5,1895
2026-08-27T15:10:00+00:00,53628.5,53678.5,53627.5,53676,1717
2026-08-27T15:15:00+00:00,53676,53708.5,53671.5,53700,2040
2026-08-27T15:20:00+00:00,53700,53731.5,53696.5,53725.5,1981
2026-08-27T15:25:00+00:00,53725.5,53726.5,53669.5,53671.5,2089
2026-08-27T15:30:00+00:00,53671.5,53674.5,53637.5,53646.5,2558
2026-08-27T15:35:00+00:00,53646.5,53671.5,53636.5,53645.5,2088
2026-08-27T15:40:00+00:00,53645.5,53671,53616.5,53622.5,2151
2026-08-27T15:45:00+00:00,53622.5,53647.5,53613.5,53633.5,2173
2026-08-27T15:50:00+00:00,53633.5,53676.5,53631,53668,2163
2026-08-27T15:55:00+00:00,53668,53668,53640,53641.5,1520
2026-08-27T16:00:00+00:00,53641.5,53647.5,53615.5,53640.5,1592
2026-08-27T16:05:00+00:00,53640.5,53642.5,53610.5,53612.5,1423
2026-08-27T16:10:00+00:00,53612.5,53629,53607,53627,1108
2026-08-27T16:15:00+00:00,53627,53650,53624.5,53627,1184
2026-08-27T16:20:00+00:00,53627,53636,53621,53634,1036
2026-08-27T16:25:00+00:00,53634,53655.5,53626,53653,1290
2026-08-27T16:30:00+00:00,53653,53662,53645,53658,1164
2026-08-27T16:35:00+00:00,53658,53670,53651,53668,1174
2026-08-27T16:40:00+00:00,53668,53684,53666,53677,1330
2026-08-27T16:45:00+00:00,53677,53688,53663.5,53672.5,1214
2026-08-27T16:50:00+00:00,53672.5,53697.5,53670,53685,1048
2026-08-27T16:55:00+00:00,53685,53695,53671.5,53691.5,887
2026-08-27T17:00:00+00:00,53691.5,53695,53674.5,53678,999
2026-08-27T17:05:00+00:00,53678,53696,53663,53692,1129
2026-08-27T17:10:00+00:00,53692,53697.5,53672,53676,1017
2026-08-27T17:15:00+00:00,53676,53687,53674,53680,842
2026-08-27T17:20:00+00:00,53680,53686,53668,53669,800
2026-08-27T17:25:00+00:00,53669,53679.5,53664.5,53671,1034
2026-08-27T17:30:00+00:00,53671,53693,53671,53685,1226
2026-08-27T17:35:00+00:00,53685,53689,53668,53676,794
2026-08-27T17:40:00+00:00,53676,53689.5,53671,53673,899
2026-08-27T17:45:00+00:00,53673,53675,53649,53655.5,1427
2026-08-27T17:50:00+00:00,53655.5,53657,53636,53640,1196
2026-08-27T17:55:00+00:00,53640,53647.5,53620,53623,1260
2026-08-27T18:00:00+00:00,53623,53631,53584.5,53591,2402
2026-08-27T18:05:00+00:00,53591,53600,53577,53577,1612
2026-08-27T18:10:00+00:00,53577,53583,53543,53564.5,1980
2026-08-27T18:15:00+00:00,53564.5,53582,53553.5,53566,1521
2026-08-27T18:20:00+00:00,53566,53579,53553,53557,1369
2026-08-27T18:25:00+00:00,53557,53559,53520.5,53532,2317
2026-08-27T18:30:00+00:00,53532,53552,53526,53534,1733
2026-08-27T18:35:00+00:00,53534,53561,53532,53560,1303
2026-08-27T18:40:00+00:00,53560,53562,53542,53547,1215
2026-08-27T18:45:00+00:00,53547,53572,53543,53544,1337
2026-08-27T18:50:00+00:00,53544,53544,53516,53523,1576
2026-08-27T18:55:00+00:00,53523,53542,53516,53534.5,1371
2026-08-27T19:00:00+00:00,53534.5,53562.5,53533,53556,1451
2026-08-27T19:05:00+00:00,53556,53567.5,53543,53560,1479
2026-08-27T19:10:00+00:00,53560,53571,53550,53550,1050
2026-08-27T19:15:00+00:00,53550,53559,53543.5,53553,1175
2026-08-27T19:20:00+00:00,53553,53558,53537,53540,1146
2026-08-27T19:25:00+00:00,53540,53542,53521,53531,1311
2026-08-27T19:30:00+00:00,53531,53552,53529,53549,1406
2026-08-27T19:35:00+00:00,53549,53559,53543,53546.5,1237
2026-08-27T19:40:00+00:00,53546.5,53562,53539,53562,1228
2026-08-27T19:45:00+00:00,53562,53572.5,53553,53564,1207
2026-08-27T19:50:00+00:00,53564,53598.5,53541.5,53588.5,1712
2026-08-27T19:55:00+00:00,53588.5,53591,53564.5,53578,3054
2026-08-27T20:00:00+00:00,53578,53590.65,53563.15,53574.65,1307
2026-08-27T20:05:00+00:00,53574.65,53581.15,53562.15,53567.65,853
2026-08-27T20:10:00+00:00,53567.65,53579.15,53567.15,53569.15,368
2026-08-27T20:15:00+00:00,53569.15,53576.15,53564.65,53575.15,246
2026-08-27T20:20:00+00:00,53575.15,53576.15,53557.65,53559.65,228
2026-08-27T20:25:00+00:00,53559.65,53561.15,53553.15,53561.15,145
2026-08-27T20:30:00+00:00,53561.15,53563.65,53555.65,53560.65,153
2026-08-27T20:35:00+00:00,53560.65,53562.65,53555.65,53558.65,146
2026-08-27T20:40:00+00:00,53558.65,53564.15,53556.65,53557.15,165
2026-08-27T20:45:00+00:00,53557.15,53564.65,53557.15,53560.15,115
2026-08-27T20:50:00+00:00,53560.15,53564.15,53557.65,53558.65,174
2026-08-27T20:55:00+00:00,53558.65,53564.15,53554.15,53560.4,229
2026-08-27T22:00:00+00:00,53560.4,53574.92,53547.42,53564.92,1076
2026-08-27T22:05:00+00:00,53564.92,53569.42,53561.42,53567.42,326
2026-08-27T22:10:00+00:00,53567.42,53568.42,53557.92,53561.42,112
2026-08-27T22:15:00+00:00,53561.42,53567.42,53559.92,53566.42,151
2026-08-27T22:20:00+00:00,53566.42,53567.92,53560.92,53564.92,243
2026-08-27T22:25:00+00:00,53564.92,53564.92,53554.42,53559.42,110
2026-08-27T22:30:00+00:00,53559.42,53561.42,53555.92,53558.92,136
2026-08-27T22:35:00+00:00,53558.92,53561.92,53556.92,53557.92,87
2026-08-27T22:40:00+00:00,53557.92,53559.92,53555.92,53557.92,100
2026-08-27T22:45:00+00:00,53557.92,53561.92,53556.42,53561.42,41
2026-08-27T22:50:00+00:00,53561.42,53561.42,53554.42,53554.42,128
2026-08-27T22:55:00+00:00,53554.42,53559.42,53553.92,53557.92,96
2026-08-27T23:00:00+00:00,53557.92,53559.42,53554.42,53558.42,153
2026-08-27T23:05:00+00:00,53558.42,53564.92,53558.42,53561.42,81
2026-08-27T23:10:00+00:00,53561.42,53561.42,53555.42,53557.42,143
2026-08-27T23:15:00+00:00,53557.42,53558.42,53552.92,53555.42,72
2026-08-27T23:20:00+00:00,53555.42,53555.42,53550.92,53552.42,65
2026-08-27T23:25:00+00:00,53552.42,53556.42,53551.42,53551.42,153
2026-08-27T23:30:00+00:00,53551.42,53553.92,53545.92,53549.42,177
2026-08-27T23:35:00+00:00,53549.42,53551.42,53549.42,53551.42,95
2026-08-27T23:40:00+00:00,53551.42,53551.42,53540.42,53541.92,102
2026-08-27T23:45:00+00:00,53541.92,53541.92,53525.92,53528.92,442
2026-08-27T23:50:00+00:00,53528.92,53539.42,53525.92,53534.42,265
2026-08-27T23:55:00+00:00,53534.42,53536.42,53529.42,53535.42,228
2026-08-28T00:00:00+00:00,53535.42,53547.92,53530.92,53546.92,783
2026-08-28T00:05:00+00:00,53546.92,53558.42,53544.92,53556.92,570
2026-08-28T00:10:00+00:00,53556.92,53561.92,53553.42,53559.92,273
2026-08-28T00:15:00+00:00,53559.92,53568.42,53552.42,53559.92,549
2026-08-28T00:20:00+00:00,53559.92,53563.42,53556.42,53560.42,330
2026-08-28T00:25:00+00:00,53560.42,53573.42,53560.42,53572.42,174
2026-08-28T00:30:00+00:00,53572.42,53579.92,53565.42,53579.42,234
2026-08-28T00:35:00+00:00,53579.42,53584.42,53573.92,53582.92,185
2026-08-28T00:40:00+00:00,53582.92,53586.42,53576.42,53582.92,289
2026-08-28T00:45:00+00:00,53582.92,53585.42,53579.92,53582.92,268
2026-08-28T00:50:00+00:00,53582.92,53591.42,53581.42,53587.92,363
2026-08-28T00:55:00+00:00,53587.92,53597.42,53587.42,53595.92,199
2026-08-28T01:00:00+00:00,53595.92,53608.42,53595.42,53606.42,275
2026-08-28T01:05:00+00:00,53606.42,53610.42,53602.42,53610.42,161
2026-08-28T01:10:00+00:00,53610.42,53620.92,53609.92,53615.42,208
2026-08-28T01:15:00+00:00,53615.42,53616.42,53605.92,53606.42,129
2026-08-28T01:20:00+00:00,53606.42,53613.42,53604.92,53613.42,125
2026-08-28T01:25:00+00:00,53613.42,53618.42,53611.42,53615.92,188
2026-08-28T01:30:00+00:00,53615.92,53624.92,53611.92,53614.42,300
2026-08-28T01:35:00+00:00,53614.42,53619.92,53607.42,53608.92,227
2026-08-28T01:40:00+00:00,53608.92,53615.42,53608.42,53613.92,228
2026-08-28T01:45:00+00:00,53613.92,53619.92,53613.92,53619.92,151
2026-08-28T01:50:00+00:00,53619.92,53639.42,53619.92,53637.92,272
2026-08-28T01:55:00+00:00,53637.92,53649.42,53637.92,53649.42,182
2026-08-28T02:00:00+00:00,53649.42,53664.42,53648.92,53663.42,383
2026-08-28T02:05:00+00:00,53663.42,53676.92,53663.42,53672.92,252
2026-08-28T02:10:00+00:00,53672.92,53674.42,53666.92,53670.92,383
2026-08-28T02:15:00+00:00,53670.92,53678.92,53669.92,53678.42,207
2026-08-28T02:20:00+00:00,53678.42,53683.42,53674.42,53679.42,250
2026-08-28T02:25:00+00:00,53679.42,53679.92,53671.92,53672.92,166
2026-08-28T02:30:00+00:00,53672.92,53673.42,53659.92,53660.42,296
2026-08-28T02:35:00+00:00,53660.42,53662.92,53653.42,53658.92,277
2026-08-28T02:40:00+00:00,53658.92,53660.92,53645.42,53645.42,262
2026-08-28T02:45:00+00:00,53645.42,53645.92,53632.92,53634.42,221
2026-08-28T02:50:00+00:00,53634.42,53638.42,53629.42,53637.42,131
2026-08-28T02:55:00+00:00,53637.42,53643.42,53636.42,53643.42,154
2026-08-28T03:00:00+00:00,53643.42,53655.42,53642.92,53655.42,259
2026-08-28T03:05:00+00:00,53655.42,53659.92,53647.42,53658.42,349
2026-08-28T03:10:00+00:00,53658.42,53670.42,53657.92,53665.42,273
2026-08-28T03:15:00+00:00,53665.42,53671.42,53662.42,53671.42,283
2026-08-28T03:20:00+00:00,53671.42,53672.42,53663.92,53672.42,123
2026-08-28T03:25:00+00:00,53672.42,53677.42,53668.42,53669.42,196
2026-08-28T03:30:00+00:00,53669.42,53670.92,53657.92,53658.92,281
2026-08-28T03:35:00+00:00,53658.92,53660.42,53647.92,53649.92,183
2026-08-28T03:40:00+00:00,53649.92,53649.92,53629.92,53631.92,277
2026-08-28T03:45:00+00:00,53631.92,53642.92,53628.92,53642.92,308
2026-08-28T03:50:00+00:00,53642.92,53645.42,53638.42,53644.42,278
2026-08-28T03:55:00+00:00,53644.42,53649.42,53643.42,53646.42,195
2026-08-28T04:00:00+00:00,53646.42,53647.92,53633.42,53635.92,364
2026-08-28T04:05:00+00:00,53635.92,53637.42,53626.42,53630.42,239
2026-08-28T04:10:00+00:00,53630.42,53644.92,53629.42,53644.92,188
2026-08-28T04:15:00+00:00,53644.92,53647.92,53640.42,53642.42,241
2026-08-28T04:20:00+00:00,53642.42,53642.92,53640.42,53640.92,189
2026-08-28T04:25:00+00:00,53640.92,53640.92,53636.92,53637.92,168
2026-08-28T04:30:00+00:00,53637.92,53641.92,53633.42,53633.42,243
2026-08-28T04:35:00+00:00,53633.42,53637.92,53630.42,53634.92,162
2026-08-28T04:40:00+00:00,53634.92,53636.92,53630.42,53636.42,126
2026-08-28T04:45:00+00:00,53636.42,53637.92,53631.92,53632.42,249
2026-08-28T04:50:00+00:00,53632.42,53634.92,53630.92,53631.42,192
2026-08-28T04:55:00+00:00,53631.42,53631.92,53627.42,53631.92,128
2026-08-28T05:00:00+00:00,53631.92,53634.42,53626.42,53631.42,295
2026-08-28T05:05:00+00:00,53631.42,53631.92,53624.92,53624.92,215
2026-08-28T05:10:00+00:00,53624.92,53626.92,53622.92,53624.92,279
2026-08-28T05:15:00+00:00,53624.92,53628.42,53623.42,53625.92,150
2026-08-28T05:20:00+00:00,53625.92,53628.42,53619.42,53624.42,208
2026-08-28T05:25:00+00:00,53624.42,53624.42,53615.92,53620.92,268
2026-08-28T05:30:00+00:00,53620.92,53630.42,53616.92,53628.42,306
2026-08-28T05:35:00+00:00,53628.42,53629.92,53609.92,53615.92,443
2026-08-28T05:40:00+00:00,53615.92,53621.42,53614.42,53620.92,183
2026-08-28T05:45:00+00:00,53620.92,53622.92,53613.92,53616.42,228
2026-08-28T05:50:00+00:00,53616.42,53620.42,53608.42,53614.92,191
2026-08-28T05:55:00+00:00,53614.92,53616.42,53605.42,53605.42,275
2026-08-28T06:00:00+00:00,53605.42,53621.42,53596.92,53620.92,468
2026-08-28T06:05:00+00:00,53620.92,53626.92,53610.42,53626.92,482
2026-08-28T06:10:00+00:00,53626.92,53633.42,53621.92,53627.92,581
2026-08-28T06:15:00+00:00,53627.92,53640.42,53627.42,53639.42,429
2026-08-28T06:20:00+00:00,53639.42,53651.42,53638.42,53645.92,477
2026-08-28T06:25:00+00:00,53645.92,53645.92,53621.42,53623.92,611
2026-08-28T06:30:00+00:00,53623.92,53653.42,53623.92,53652.92,1087
2026-08-28T06:35:00+00:00,53652.92,53660.92,53649.92,53658.42,603
2026-08-28T06:40:00+00:00,53658.42,53682.92,53651.92,53678.92,630
2026-08-28T06:45:00+00:00,53678.92,53687.42,53673.92,53682.92,742
2026-08-28T06:50:00+00:00,53682.92,53686.42,53673.92,53679.92,389
2026-08-28T06:55:00+00:00,53679.92,53696.92,53679.92,53695.92,459
2026-08-28T07:00:00+00:00,53695.92,53705.42,53684.92,53691.92,1195
2026-08-28T07:05:00+00:00,53691.92,53692.92,53668.92,53674.42,856
2026-08-28T07:10:00+00:00,53674.42,53693.92,53669.42,53689.92,788
2026-08-28T07:15:00+00:00,53689.92,53700.92,53685.42,53700.42,746
2026-08-28T07:20:00+00:00,53700.42,53702.42,53686.42,53692.92,595
2026-08-28T07:25:00+00:00,53692.92,53697.92,53684.42,53689.92,399
2026-08-28T07:30:00+00:00,53689.92,53705.42,53688.42,53688.42,425
2026-08-28T07:35:00+00:00,53688.42,53696.92,53679.92,53684.42,463
2026-08-28T07:40:00+00:00,53684.42,53696.42,53672.92,53680.92,607
2026-08-28T07:45:00+00:00,53680.92,53697.92,53679.92,53697.92,539
2026-08-28T07:50:00+00:00,53697.92,53703.42,53682.92,53694.92,591
2026-08-28T07:55:00+00:00,53694.92,53694.92,53681.42,53691.42,455
2026-08-28T08:00:00+00:00,53691.42,53691.92,53667.42,53672.92,995
2026-08-28T08:05:00+00:00,53672.92,53675.92,53660.42,53671.92,746
2026-08-28T08:10:00+00:00,53671.92,53683.92,53667.92,53679.92,931
2026-08-28T08:15:00+00:00,53679.92,53682.92,53662.42,53664.92,841
2026-08-28T08:20:00+00:00,53664.92,53676.92,53663.42,53671.92,622
2026-08-28T08:25:00+00:00,53671.92,53680.92,53671.42,53674.92,759
2026-08-28T08:30:00+00:00,53674.92,53707.92,53669.92,53705.92,699
2026-08-28T08:35:00+00:00,53705.92,53712.42,53689.42,53689.42,509
2026-08-28T08:40:00+00:00,53689.42,53699.92,53677.42,53678.92,287
2026-08-28T08:45:00+00:00,53678.92,53679.92,53653.92,53660.92,615
2026-08-28T08:50:00+00:00,53660.92,53662.92,53636.92,53644.92,522
2026-08-28T08:55:00+00:00,53644.92,53656.42,53639.92,53655.42,298
2026-08-28T09:00:00+00:00,53655.42,53658.42,53641.92,53647.92,521
2026-08-28T09:05:00+00:00,53647.92,53649.42,53640.92,53640.92,559
2026-08-28T09:10:00+00:00,53640.92,53640.92,53628.42,53635.92,454
2026-08-28T09:15:00+00:00,53635.92,53638.92,53630.92,53635.42,570
2026-08-28T09:20:00+00:00,53635.42,53641.92,53616.42,53637.92,552
2026-08-28T09:25:00+00:00,53637.92,53652.92,53634.92,53638.42,631
2026-08-28T09:30:00+00:00,53638.42,53639.92,53627.42,53636.92,557
2026-08-28T09:35:00+00:00,53636.92,53636.92,53621.92,53628.92,447
2026-08-28T09:40:00+00:00,53628.92,53630.92,53621.92,53627.92,621
2026-08-28T09:45:00+00:00,53627.92,53639.42,53624.92,53635.42,563
2026-08-28T09:50:00+00:00,53635.42,53646.42,53631.42,53632.92,537
2026-08-28T09:55:00+00:00,53632.92,53635.42,53623.42,53631.92,577
2026-08-28T10:00:00+00:00,53631.92,53632.92,53621.42,53631.92,846
2026-08-28T10:05:00+00:00,53631.92,53635.92,53616.92,53616.92,684
2026-08-28T10:10:00+00:00,53616.92,53624.92,53610.92,53624.42,407
2026-08-28T10:15:00+00:00,53624.42,53627.42,53612.92,53613.92,472
2026-08-28T10:20:00+00:00,53613.92,53626.92,53610.42,53626.92,412
2026-08-28T10:25:00+00:00,53626.92,53628.92,53612.42,53617.42,384
2026-08-28T10:30:00+00:00,53617.42,53623.92,53612.42,53613.42,416
2026-08-28T10:35:00+00:00,53613.42,53627.42,53611.42,53625.42,408
2026-08-28T10:40:00+00:00,53625.42,53627.42,53589.42,53590.42,563
2026-08-28T10:45:00+00:00,53590.42,53598.92,53583.92,53588.42,616
2026-08-28T10:50:00+00:00,53588.42,53595.92,53583.42,53591.92,481
2026-08-28T10:55:00+00:00,53591.92,53593.92,53584.92,53593.42,524
2026-08-28T11:00:00+00:00,53593.42,53599.42,53569.42,53598.42,863
2026-08-28T11:05:00+00:00,53598.42,53598.42,53586.42,53589.42,503
2026-08-28T11:10:00+00:00,53589.42,53594.42,53581.42,53593.42,624
2026-08-28T11:15:00+00:00,53593.42,53598.42,53582.92,53582.92,439
2026-08-28T11:20:00+00:00,53582.92,53604.42,53581.42,53591.92,534
2026-08-28T11:25:00+00:00,53591.92,53594.92,53580.42,53586.92,583
2026-08-28T11:30:00+00:00,53586.92,53601.92,53573.42,53573.42,630
2026-08-28T11:35:00+00:00,53573.42,53582.92,53568.42,53582.92,583
2026-08-28T11:40:00+00:00,53582.92,53584.42,53572.92,53577.42,525
2026-08-28T11:45:00+00:00,53577.42,53596.42,53574.92,53589.42,573
2026-08-28T11:50:00+00:00,53589.42,53611.42,53589.42,53609.92,648
2026-08-28T11:55:00+00:00,53609.92,53615.42,53602.92,53608.92,796
2026-08-28T12:00:00+00:00,53608.92,53626.42,53601.42,53622.42,682
2026-08-28T12:05:00+00:00,53622.42,53631.42,53619.42,53626.92,617
2026-08-28T12:10:00+00:00,53626.92,53643.92,53611.42,53642.92,1022
2026-08-28T12:15:00+00:00,53642.92,53662.92,53638.92,53659.92,653
2026-08-28T12:20:00+00:00,53659.92,53677.42,53654.92,53672.92,775
2026-08-28T12:25:00+00:00,53672.92,53674.42,53659.92,53673.42,756
2026-08-28T12:30:00+00:00,53673.42,53673.42,53636.92,53640.42,1017
2026-08-28T12:35:00+00:00,53640.42,53667.42,53631.92,53660.42,884
2026-08-28T12:40:00+00:00,53660.42,53676.42,53646.42,53673.42,798
2026-08-28T12:45:00+00:00,53673.42,53682.42,53665.42,53673.92,1006
2026-08-28T12:50:00+00:00,53673.92,53686.42,53667.42,53672.42,548
2026-08-28T12:55:00+00:00,53672.42,53679.42,53665.92,53666.92,633
2026-08-28T13:00:00+00:00,53666.92,53704.42,53662.42,53690.92,1492
2026-08-28T13:05:00+00:00,53690.92,53696.42,53680.42,53682.42,942
2026-08-28T13:10:00+00:00,53682.42,53686.42,53650.42,53657.92,1168
2026-08-28T13:15:00+00:00,53657.92,53657.92,53643.92,53649.42,827
2026-08-28T13:20:00+00:00,53649.42,53659.42,53646.42,53657.42,686
2026-08-28T13:25:00+00:00,53657.42,53699.92,53645.42,53697.42,1539
2026-08-28T13:30:00+00:00,53697.42,53734.77,53643.77,53669.27,9795
2026-08-28T13:35:00+00:00,53669.27,53682.27,53603.77,53625.77,7652
2026-08-28T13:40:00+00:00,53625.77,53645.27,53612.27,53618.77,4034
2026-08-28T13:45:00+00:00,53618.77,53689.77,53612.77,53660.27,5604
2026-08-28T13:50:00+00:00,53660.27,53683.27,53641.77,53653.27,3878
2026-08-28T13:55:00+00:00,53653.27,53680.27,53628.77,53639.77,3188
2026-08-28T14:00:00+00:00,53639.77,53735.77,53609.27,53638.27,8781
2026-08-28T14:05:00+00:00,53638.27,53659.77,53576.77,53628.77,7792
2026-08-28T14:10:00+00:00,53628.77,53629.27,53530.77,53572.27,7951
2026-08-28T14:15:00+00:00,53572.27,53637.77,53559.27,53606.77,7503
2026-08-28T14:20:00+00:00,53606.77,53629.77,53531.77,53568.27,6592
2026-08-28T14:25:00+00:00,53568.27,53570.27,53485.77,53528.27,7736
2026-08-28T14:30:00+00:00,53528.27,53600.27,53502.77,53598.77,7066
2026-08-28T14:35:00+00:00,53598.77,53635.27,53590.77,53613.77,5193
2026-08-28T14:40:00+00:00,53613.77,53683.27,53613.77,53670.27,5370
2026-08-28T14:45:00+00:00,53670.27,53684.77,53647.27,53684.77,5259
2026-08-28T14:50:00+00:00,53684.77,53732.77,53673.27,53728.27,5145
2026-08-28T14:55:00+00:00,53728.27,53758.77,53717.77,53752.77,4683
2026-08-28T15:00:00+00:00,53752.77,53799.77,53742.77,53747.77,5109
2026-08-28T15:05:00+00:00,53747.77,53770.77,53711.77,53720.77,4202
2026-08-28T15:10:00+00:00,53720.77,53744.77,53712.27,53737.27,4680
2026-08-28T15:15:00+00:00,53737.27,53770.77,53736.27,53764.27,4181
2026-08-28T15:20:00+00:00,53764.27,53796.77,53764.27,53790.77,3522
2026-08-28T15:25:00+00:00,53790.77,53814.77,53779.27,53789.77,3412
2026-08-28T15:30:00+00:00,53789.77,53794.77,53731.77,53733.77,3743
2026-08-28T15:35:00+00:00,53733.77,53751.77,53688.77,53694.27,3868
2026-08-28T15:40:00+00:00,53694.27,53694.27,53636.77,53640.77,6558
2026-08-28T15:45:00+00:00,53640.77,53681.77,53630.77,53641.27,5683
2026-08-28T15:50:00+00:00,53641.27,53669.77,53614.27,53668.77,5296
2026-08-28T15:55:00+00:00,53668.77,53671.77,53596.27,53617.77,5636
2026-08-28T16:00:00+00:00,53617.77,53658.27,53614.77,53639.77,5689
2026-08-28T16:05:00+00:00,53639.77,53674.27,53632.27,53670.27,3991
2026-08-28T16:10:00+00:00,53670.27,53671.77,53601.77,53603.27,4404
2026-08-28T16:15:00+00:00,53603.27,53619.77,53522.77,53549.27,5446
2026-08-28T16:20:00+00:00,53549.27,53558.27,53490.77,53509.77,6360
2026-08-28T16:25:00+00:00,53509.77,53534.27,53499.77,53513.77,5406
2026-08-28T16:30:00+00:00,53513.77,53575.77,53511.77,53526.77,4995
2026-08-28T16:35:00+00:00,53526.77,53592.77,53526.77,53580.27,4281
2026-08-28T16:40:00+00:00,53580.27,53580.77,53538.77,53542.77,4058
2026-08-28T16:45:00+00:00,53542.77,53574.77,53542.77,53560.77,3467
2026-08-28T16:50:00+00:00,53560.77,53589.77,53546.77,53550.77,3670
2026-08-28T16:55:00+00:00,53550.77,53565.27,53535.77,53536.27,3655
2026-08-28T17:00:00+00:00,53536.27,53538.27,53490.27,53497.27,6362
2026-08-28T17:05:00+00:00,53497.27,53512.27,53474.77,53474.77,3958
2026-08-28T17:10:00+00:00,53474.77,53523.27,53468.27,53523.27,4210
2026-08-28T17:15:00+00:00,53523.27,53525.77,53499.27,53511.77,3740
2026-08-28T17:20:00+00:00,53511.77,53517.77,53484.77,53507.77,3164
2026-08-28T17:25:00+00:00,53507.77,53530.77,53497.77,53499.77,2986
2026-08-28T17:30:00+00:00,53499.77,53537.77,53494.27,53531.77,2878
2026-08-28T17:35:00+00:00,53531.77,53541.77,53485.77,53488.77,2862
2026-08-28T17:40:00+00:00,53488.77,53522.77,53488.77,53521.77,3072
2026-08-28T17:45:00+00:00,53521.77,53545.77,53512.77,53541.77,2079
2026-08-28T17:50:00+00:00,53541.77,53542.77,53523.27,53525.77,1796
2026-08-28T17:55:00+00:00,53525.77,53533.77,53504.77,53532.77,2053
2026-08-28T18:00:00+00:00,53532.77,53555.77,53526.77,53533.77,2420
2026-08-28T18:05:00+00:00,53533.77,53548.77,53524.77,53542.77,2588
2026-08-28T18:10:00+00:00,53542.77,53549.77,53507.27,53510.77,2158
2026-08-28T18:15:00+00:00,53510.77,53532.77,53507.77,53524.27,2054
2026-08-28T18:20:00+00:00,53524.27,53538.27,53491.77,53495.77,2030
2026-08-28T18:25:00+00:00,53495.77,53514.77,53487.77,53500.27,2123
2026-08-28T18:30:00+00:00,53500.27,53531.77,53497.77,53525.27,2114
2026-08-28T18:35:00+00:00,53525.27,53540.77,53511.77,53518.77,1635
2026-08-28T18:40:00+00:00,53518.77,53535.77,53514.77,53529.27,1738
2026-08-28T18:45:00+00:00,53529.27,53533.77,53496.77,53501.77,1579
2026-08-28T18:50:00+00:00,53501.77,53512.77,53492.77,53511.27,2539
2026-08-28T18:55:00+00:00,53511.27,53535.77,53501.27,53522.77,2099
2026-08-28T19:00:00+00:00,53522.77,53529.27,53505.77,53518.27,2408
2026-08-28T19:05:00+00:00,53518.27,53552.77,53510.77,53552.77,2094
2026-08-28T19:10:00+00:00,53552.77,53568.77,53540.77,53564.77,1974
2026-08-28T19:15:00+00:00,53564.77,53564.77,53546.77,53558.27,1732
2026-08-28T19:20:00+00:00,53558.27,53573.77,53548.77,53557.27,1684
2026-08-28T19:25:00+00:00,53557.27,53575.27,53556.77,53565.77,1489
2026-08-28T19:30:00+00:00,53565.77,53565.77,53531.77,53538.27,2128
2026-08-28T19:35:00+00:00,53538.27,53552.77,53525.77,53550.77,1656
2026-08-28T19:40:00+00:00,53550.77,53567.27,53549.77,53554.77,1699
2026-08-28T19:45:00+00:00,53554.77,53565.77,53527.77,53538.27,2169
2026-08-28T19:50:00+00:00,53538.27,53567.77,53534.77,53556.27,3126
2026-08-28T19:55:00+00:00,53556.27,53571.77,53526.77,53537.77,4475
2026-08-28T20:00:00+00:00,53537.77,53550.92,53529.42,53529.42,1712
2026-08-28T20:05:00+00:00,53529.42,53529.42,53514.92,53523.92,905
2026-08-28T20:10:00+00:00,53523.92,53529.42,53519.92,53520.42,672
2026-08-28T20:15:00+00:00,53520.42,53524.92,53516.92,53518.92,584
2026-08-28T20:20:00+00:00,53518.92,53521.42,53514.92,53521.42,371
2026-08-28T20:25:00+00:00,53521.42,53522.42,53515.42,53520.42,257
2026-08-28T20:30:00+00:00,53520.42,53521.42,53511.42,53514.42,361
2026-08-28T20:35:00+00:00,53514.42,53526.42,53513.92,53518.92,359
2026-08-28T20:40:00+00:00,53518.92,53540.42,53517.92,53537.17,427
2026-08-30T22:00:00+00:00,53537.17,53559.43,53413.68,53433.43,2149
2026-08-30T22:05:00+00:00,53433.43,53476.93,53429.43,53476.93,865
2026-08-30T22:10:00+00:00,53476.93,53487.93,53467.43,53487.93,578
2026-08-30T22:15:00+00:00,53487.93,53503.93,53484.43,53500.43,488
2026-08-30T22:20:00+00:00,53500.43,53505.93,53497.43,53499.93,244
2026-08-30T22:25:00+00:00,53499.93,53504.43,53490.93,53490.93,226
2026-08-30T22:30:00+00:00,53490.93,53497.93,53488.93,53489.93,244
2026-08-30T22:35:00+00:00,53489.93,53492.93,53475.43,53489.43,663
2026-08-30T22:40:00+00:00,53489.43,53491.93,53463.93,53470.43,843
2026-08-30T22:45:00+00:00,53470.43,53491.93,53467.93,53481.43,381
2026-08-30T22:50:00+00:00,53481.43,53491.93,53481.43,53486.43,254
2026-08-30T22:55:00+00:00,53486.43,53499.93,53485.93,53498.93,126
2026-08-30T23:00:00+00:00,53498.93,53502.43,53490.93,53491.43,214
2026-08-30T23:05:00+00:00,53491.43,53492.43,53486.43,53490.93,140
2026-08-30T23:10:00+00:00,53490.93,53492.93,53471.43,53472.43,379
2026-08-30T23:15:00+00:00,53472.43,53474.43,53464.93,53473.43,320
2026-08-30T23:20:00+00:00,53473.43,53477.93,53458.43,53462.93,567
2026-08-30T23:25:00+00:00,53462.93,53466.93,53455.43,53458.43,316
2026-08-30T23:30:00+00:00,53458.43,53458.43,53435.43,53444.43,1147
2026-08-30T23:35:00+00:00,53444.43,53452.43,53434.43,53440.43,791
2026-08-30T23:40:00+00:00,53440.43,53448.93,53431.93,53446.93,710
2026-08-30T23:45:00+00:00,53446.93,53451.93,53398.43,53409.43,1826
2026-08-30T23:50:00+00:00,53409.43,53428.43,53401.93,53425.93,1102
2026-08-30T23:55:00+00:00,53425.93,53426.93,53402.43,53402.43,949
2026-08-31T00:00:00+00:00,53402.43,53418.43,53392.93,53394.43,1572
2026-08-31T00:05:00+00:00,53394.43,53411.43,53379.43,53406.93,878
2026-08-31T00:10:00+00:00,53406.93,53440.93,53404.43,53434.93,672
2026-08-31T00:15:00+00:00,53434.93,53447.93,53429.93,53435.43,835
2026-08-31T00:20:00+00:00,53435.43,53458.43,53434.43,53458.43,513
2026-08-31T00:25:00+00:00,53458.43,53458.43,53445.93,53456.93,430
2026-08-31T00:30:00+00:00,53456.93,53482.93,53453.43,53477.43,667
2026-08-31T00:35:00+00:00,53477.43,53480.93,53468.43,53474.93,475
2026-08-31T00:40:00+00:00,53474.93,53475.43,53464.43,53467.93,409
2026-08-31T00:45:00+00:00,53467.93,53478.43,53465.93,53477.93,393
2026-08-31T00:50:00+00:00,53477.93,53478.43,53461.93,53467.93,325
2026-08-31T00:55:00+00:00,53467.93,53469.43,53450.93,53458.93,380
2026-08-31T01:00:00+00:00,53458.93,53459.43,53428.43,53442.93,1225
2026-08-31T01:05:00+00:00,53442.93,53443.93,53414.93,53415.93,787
2026-08-31T01:10:00+00:00,53415.93,53417.93,53383.93,53403.93,994
2026-08-31T01:15:00+00:00,53403.93,53409.93,53387.93,53405.93,1121
2026-08-31T01:20:00+00:00,53405.93,53409.43,53375.93,53385.93,1031
2026-08-31T01:25:00+00:00,53385.93,53390.93,53374.93,53384.93,849
2026-08-31T01:30:00+00:00,53384.93,53390.93,53372.93,53382.93,904
2026-08-31T01:35:00+00:00,53382.93,53395.93,53378.93,53390.93,717
2026-08-31T01:40:00+00:00,53390.93,53393.93,53378.93,53379.93,664
2026-08-31T01:45:00+00:00,53379.93,53391.93,53372.93,53385.93,723
2026-08-31T01:50:00+00:00,53385.93,53387.93,53373.93,53377.43,786
2026-08-31T01:55:00+00:00,53377.43,53391.43,53374.43,53387.93,805
2026-08-31T02:00:00+00:00,53387.93,53389.93,53373.93,53383.93,1226
2026-08-31T02:05:00+00:00,53383.93,53401.43,53378.93,53400.43,774
2026-08-31T02:10:00+00:00,53400.43,53419.43,53400.43,53415.93,530
2026-08-31T02:15:00+00:00,53415.93,53416.93,53373.93,53390.93,1078
2026-08-31T02:20:00+00:00,53390.93,53391.93,53376.93,53382.93,741
2026-08-31T02:25:00+00:00,53382.93,53396.43,53373.93,53391.93,555
2026-08-31T02:30:00+00:00,53391.93,53398.93,53361.43,53366.93,779
2026-08-31T02:35:00+00:00,53366.93,53375.93,53357.93,53371.93,1190
2026-08-31T02:40:00+00:00,53371.93,53376.43,53357.43,53366.43,737
2026-08-31T02:45:00+00:00,53366.43,53377.93,53359.93,53363.93,675
2026-08-31T02:50:00+00:00,53363.93,53377.43,53357.93,53376.93,484
2026-08-31T02:55:00+00:00,53376.93,53390.93,53375.93,53390.93,279
2026-08-31T03:00:00+00:00,53390.93,53409.93,53386.93,53402.93,572
2026-08-31T03:05:00+00:00,53402.93,53411.93,53402.43,53409.43,309
2026-08-31T03:10:00+00:00,53409.43,53420.93,53406.43,53412.43,443
2026-08-31T03:15:00+00:00,53412.43,53415.93,53407.43,53409.43,357
2026-08-31T03:20:00+00:00,53409.43,53412.43,53406.93,53410.93,246
2026-08-31T03:25:00+00:00,53410.93,53415.93,53407.43,53410.93,275
2026-08-31T03:30:00+00:00,53410.93,53410.93,53399.43,53399.43,311
2026-08-31T03:35:00+00:00,53399.43,53400.93,53390.93,53393.93,288
2026-08-31T03:40:00+00:00,53393.93,53397.93,53390.93,53395.93,229
2026-08-31T03:45:00+00:00,53395.93,53401.43,53391.43,53398.93,193
2026-08-31T03:50:00+00:00,53398.93,53400.93,53395.93,53398.43,186
2026-08-31T03:55:00+00:00,53398.43,53402.93,53398.43,53401.93,107
2026-08-31T04:00:00+00:00,53401.93,53402.43,53392.43,53395.43,154
2026-08-31T04:05:00+00:00,53395.43,53395.93,53388.93,53392.93,197
2026-08-31T04:10:00+00:00,53392.93,53393.43,53388.43,53392.43,106
2026-08-31T04:15:00+00:00,53392.43,53393.43,53386.93,53388.93,121
2026-08-31T04:20:00+00:00,53388.93,53393.43,53386.93,53391.43,127
2026-08-31T04:25:00+00:00,53391.43,53394.93,53390.43,53392.93,144
2026-08-31T04:30:00+00:00,53392.93,53393.43,53382.43,53385.93,132
2026-08-31T04:35:00+00:00,53385.93,53405.43,53385.43,53404.93,260
2026-08-31T04:40:00+00:00,53404.93,53405.93,53395.43,53404.93,274
2026-08-31T04:45:00+00:00,53404.93,53404.93,53390.93,53390.93,168
2026-08-31T04:50:00+00:00,53390.93,53403.93,53388.93,53403.93,214
2026-08-31T04:55:00+00:00,53403.93,53423.43,53403.93,53414.93,393
2026-08-31T05:00:00+00:00,53414.93,53431.93,53406.93,53428.93,505
2026-08-31T05:05:00+00:00,53428.93,53439.43,53424.93,53425.93,456
2026-08-31T05:10:00+00:00,53425.93,53441.43,53422.43,53439.93,342
2026-08-31T05:15:00+00:00,53439.93,53465.43,53435.43,53457.93,440
2026-08-31T05:20:00+00:00,53457.93,53458.93,53443.93,53454.43,498
2026-08-31T05:25:00+00:00,53454.43,53457.93,53445.93,53445.93,305
2026-08-31T05:30:00+00:00,53445.93,53447.43,53415.43,53419.43,596
2026-08-31T05:35:00+00:00,53419.43,53422.93,53404.43,53405.43,316
2026-08-31T05:40:00+00:00,53405.43,53414.93,53394.43,53407.43,442
2026-08-31T05:45:00+00:00,53407.43,53418.43,53404.93,53418.43,331
2026-08-31T05:50:00+00:00,53418.43,53419.43,53413.43,53416.93,387
2026-08-31T05:55:00+00:00,53416.93,53419.43,53413.93,53419.43,325
2026-08-31T06:00:00+00:00,53419.43,53421.43,53404.43,53411.93,558
2026-08-31T06:05:00+00:00,53411.93,53426.43,53410.93,53415.43,451
2026-08-31T06:10:00+00:00,53415.43,53425.93,53412.43,53423.93,369
2026-08-31T06:15:00+00:00,53423.93,53440.93,53423.93,53430.93,463
2026-08-31T06:20:00+00:00,53430.93,53457.43,53430.93,53455.43,422
2026-08-31T06:25:00+00:00,53455.43,53479.43,53455.43,53479.43,374
2026-08-31T06:30:00+00:00,53479.43,53483.93,53466.93,53473.93,385
2026-08-31T06:35:00+00:00,53473.93,53483.43,53472.93,53482.93,320
2026-08-31T06:40:00+00:00,53482.93,53482.93,53465.93,53475.43,316
2026-08-31T06:45:00+00:00,53475.43,53491.93,53472.43,53487.93,284
2026-08-31T06:50:00+00:00,53487.93,53494.43,53481.43,53493.93,202
2026-08-31T06:55:00+00:00,53493.93,53512.43,53491.93,53506.43,292
2026-08-31T07:00:00+00:00,53506.43,53506.93,53462.93,53478.93,805
2026-08-31T07:05:00+00:00,53478.93,53482.93,53467.93,53470.93,660
2026-08-31T07:10:00+00:00,53470.93,53484.93,53465.93,53484.93,474
2026-08-31T07:15:00+00:00,53484.93,53496.43,53480.93,53490.43,507
2026-08-31T07:20:00+00:00,53490.43,53493.93,53476.93,53484.93,689
2026-08-31T07:25:00+00:00,53484.93,53485.93,53464.93,53470.93,535
2026-08-31T07:30:00+00:00,53470.93,53478.43,53464.43,53469.93,449
2026-08-31T07:35:00+00:00,53469.93,53477.93,53462.43,53463.43,519
2026-08-31T07:40:00+00:00,53463.43,53478.93,53459.43,53478.93,402
2026-08-31T07:45:00+00:00,53478.93,53479.93,53468.93,53470.93,379
2026-08-31T07:50:00+00:00,53470.93,53472.43,53452.93,53467.93,376
2026-08-31T07:55:00+00:00,53467.93,53473.93,53460.93,53472.43,368
2026-08-31T08:00:00+00:00,53472.43,53505.93,53462.93,53488.43,1429
2026-08-31T08:05:00+00:00,53488.43,53493.93,53467.93,53476.93,790
2026-08-31T08:10:00+00:00,53476.93,53482.93,53446.93,53448.93,687
2026-08-31T08:15:00+00:00,53448.93,53480.93,53444.93,53476.93,668
2026-08-31T08:20:00+00:00,53476.93,53484.43,53469.43,53481.93,856
2026-08-31T08:25:00+00:00,53481.93,53493.43,53478.93,53491.43,658
2026-08-31T08:30:00+00:00,53491.43,53493.93,53475.43,53486.93,586
2026-08-31T08:35:00+00:00,53486.93,53494.43,53479.43,53480.93,575
2026-08-31T08:40:00+00:00,53480.93,53486.43,53472.43,53481.93,463
2026-08-31T08:45:00+00:00,53481.93,53492.43,53479.93,53489.43,432
2026-08-31T08:50:00+00:00,53489.43,53501.93,53485.93,53496.43,468
2026-08-31T08:55:00+00:00,53496.43,53500.43,53484.43,53490.93,363
2026-08-31T09:00:00+00:00,53490.93,53503.93,53485.93,53496.93,516
2026-08-31T09:05:00+00:00,53496.93,53508.43,53489.93,53495.43,474
2026-08-31T09:10:00+00:00,53495.43,53498.93,53486.93,53497.93,522
2026-08-31T09:15:00+00:00,53497.93,53515.43,53495.93,53513.93,419
2026-08-31T09:20:00+00:00,53513.93,53517.93,53494.93,53501.93,511
2026-08-31T09:25:00+00:00,53501.93,53501.93,53493.93,53494.93,360
2026-08-31T09:30:00+00:00,53494.93,53495.93,53483.93,53488.93,379
2026-08-31T09:35:00+00:00,53488.93,53496.93,53481.93,53481.93,359
2026-08-31T09:40:00+00:00,53481.93,53484.93,53474.93,53483.93,457
2026-08-31T09:45:00+00:00,53483.93,53488.43,53468.93,53470.43,430
2026-08-31T09:50:00+00:00,53470.43,53478.43,53466.43,53473.93,383
2026-08-31T09:55:00+00:00,53473.93,53477.93,53463.93,53465.43,220
2026-08-31T10:00:00+00:00,53465.43,53468.43,53451.93,53468.43,519
2026-08-31T10:05:00+00:00,53468.43,53478.43,53460.43,53460.43,541
2026-08-31T10:10:00+00:00,53460.43,53468.93,53456.93,53465.43,392
2026-08-31T10:15:00+00:00,53465.43,53467.93,53445.93,53456.93,368
2026-08-31T10:20:00+00:00,53456.93,53464.93,53454.93,53461.93,337
2026-08-31T10:25:00+00:00,53461.93,53470.93,53454.93,53455.93,319
2026-08-31T10:30:00+00:00,53455.93,53455.93,53439.93,53448.43,457
2026-08-31T10:35:00+00:00,53448.43,53454.93,53443.93,53453.93,498
2026-08-31T10:40:00+00:00,53453.93,53461.93,53453.93,53456.93,353
2026-08-31T10:45:00+00:00,53456.93,53463.93,53453.43,53460.93,316
2026-08-31T10:50:00+00:00,53460.93,53484.43,53455.93,53472.93,523
2026-08-31T10:55:00+00:00,53472.93,53480.93,53469.93,53479.93,388
2026-08-31T11:00:00+00:00,53479.93,53508.93,53479.93,53493.93,571
2026-08-31T11:05:00+00:00,53493.93,53501.93,53486.43,53491.93,332
2026-08-31T11:10:00+00:00,53491.93,53500.93,53484.93,53489.43,453
2026-08-31T11:15:00+00:00,53489.43,53494.93,53476.93,53479.93,559
2026-08-31T11:20:00+00:00,53479.93,53489.93,53474.93,53480.93,458
2026-08-31T11:25:00+00:00,53480.93,53486.43,53478.93,53483.93,348
2026-08-31T11:30:00+00:00,53483.93,53483.93,53452.93,53452.93,586
2026-08-31T11:35:00+00:00,53452.93,53459.93,53446.93,53447.93,332
2026-08-31T11:40:00+00:00,53447.93,53470.93,53425.43,53427.93,838
2026-08-31T11:45:00+00:00,53427.93,53439.93,53411.43,53423.93,596
2026-08-31T11:50:00+00:00,53423.93,53437.93,53422.43,53428.43,557
2026-08-31T11:55:00+00:00,53428.43,53436.43,53428.43,53433.93,354
2026-08-31T12:00:00+00:00,53433.93,53454.43,53427.93,53445.93,798
2026-08-31T12:05:00+00:00,53445.93,53484.93,53403.93,53466.93,1204
2026-08-31T12:10:00+00:00,53466.93,53472.93,53451.43,53463.93,984
2026-08-31T12:15:00+00:00,53463.93,53475.93,53455.93,53465.43,665
2026-08-31T12:20:00+00:00,53465.43,53475.93,53438.93,53441.43,678
2026-08-31T12:25:00+00:00,53441.43,53441.43,53380.43,53386.43,2226
2026-08-31T12:30:00+00:00,53386.43,53397.93,53375.43,53389.43,1484
2026-08-31T12:35:00+00:00,53389.43,53398.93,53349.43,53349.93,1148
2026-08-31T12:40:00+00:00,53349.93,53363.93,53343.43,53351.93,1162
2026-08-31T12:45:00+00:00,53351.93,53358.93,53332.93,53340.93,908
2026-08-31T12:50:00+00:00,53340.93,53358.93,53339.43,53348.93,715
2026-08-31T12:55:00+00:00,53348.93,53366.93,53341.93,53359.93,644
2026-08-31T13:00:00+00:00,53359.93,53363.93,53341.43,53357.93,1256
2026-08-31T13:05:00+00:00,53357.93,53393.43,53349.93,53391.93,859
2026-08-31T13:10:00+00:00,53391.93,53425.93,53391.93,53424.93,878
2026-08-31T13:15:00+00:00,53424.93,53447.43,53424.93,53430.93,1042
2026-08-31T13:20:00+00:00,53430.93,53436.93,53405.93,53412.93,532
2026-08-31T13:25:00+00:00,53412.93,53442.93,53391.43,53399.43,1288
2026-08-31T13:30:00+00:00,53399.43,53399.43,53233.28,53234.28,7095
2026-08-31T13:35:00+00:00,53234.28,53300.28,53203.28,53285.28,6365
2026-08-31T13:40:00+00:00,53285.28,53287.78,53209.78,53216.78,5499
2026-08-31T13:45:00+00:00,53216.78,53260.28,53188.28,53218.28,4966
2026-08-31T13:50:00+00:00,53218.28,53230.78,53180.78,53216.28,3633
2026-08-31T13:55:00+00:00,53216.28,53237.78,53207.78,53213.28,3696
2026-08-31T14:00:00+00:00,53213.28,53237.78,53199.78,53220.78,3799
2026-08-31T14:05:00+00:00,53220.78,53239.28,53185.28,53193.78,3480
2026-08-31T14:10:00+00:00,53193.78,53218.78,53178.78,53196.78,3102
2026-08-31T14:15:00+00:00,53196.78,53206.78,53173.78,53195.78,3218
2026-08-31T14:20:00+00:00,53195.78,53197.28,53140.78,53141.28,2796
2026-08-31T14:25:00+00:00,53141.28,53142.78,53122.78,53125.28,3137
2026-08-31T14:30:00+00:00,53125.28,53154.78,53120.78,53133.28,2516
2026-08-31T14:35:00+00:00,53133.28,53200.78,53129.28,53195.28,3058
2026-08-31T14:40:00+00:00,53195.28,53228.78,53182.78,53189.28,2701
2026-08-31T14:45:00+00:00,53189.28,53202.78,53173.28,53198.78,2732
2026-08-31T14:50:00+00:00,53198.78,53234.78,53194.28,53233.28,2358
2026-08-31T14:55:00+00:00,53233.28,53261.28,53216.78,53218.78,2701
2026-08-31T15:00:00+00:00,53218.78,53251.28,53203.78,53203.78,2999
2026-08-31T15:05:00+00:00,53203.78,53238.28,53202.78,53211.78,2302
2026-08-31T15:10:00+00:00,53211.78,53227.78,53202.78,53215.78,2268
2026-08-31T15:15:00+00:00,53215.78,53218.78,53186.78,53203.28,2119
2026-08-31T15:20:00+00:00,53203.28,53217.78,53194.78,53217.78,2123
2026-08-31T15:25:00+00:00,53217.78,53226.78,53207.28,53216.28,1952
2026-08-31T15:30:00+00:00,53216.28,53223.78,53197.78,53216.78,2297
2026-08-31T15:35:00+00:00,53216.78,53224.78,53197.78,53205.78,1959
2026-08-31T15:40:00+00:00,53205.78,53243.28,53201.78,53239.78,1819
2026-08-31T15:45:00+00:00,53239.78,53256.78,53231.78,53232.78,1886
2026-08-31T15:50:00+00:00,53232.78,53263.78,53232.78,53244.78,1692
2026-08-31T15:55:00+00:00,53244.78,53248.78,53210.28,53215.28,1703
2026-08-31T16:00:00+00:00,53215.28,53223.78,53202.28,53211.78,2271
2026-08-31T16:05:00+00:00,53211.78,53211.78,53193.78,53199.78,1578
2026-08-31T16:10:00+00:00,53199.78,53224.78,53192.78,53221.78,1922
2026-08-31T16:15:00+00:00,53221.78,53225.28,53191.78,53212.78,1607
2026-08-31T16:20:00+00:00,53212.78,53214.78,53180.78,53189.78,1363
2026-08-31T16:25:00+00:00,53189.78,53222.78,53188.78,53216.78,1369
2026-08-31T16:30:00+00:00,53216.78,53225.78,53204.78,53219.28,1536
2026-08-31T16:35:00+00:00,53219.28,53227.28,53174.78,53175.78,1146
2026-08-31T16:40:00+00:00,53175.78,53212.78,53171.78,53202.78,1490
2026-08-31T16:45:00+00:00,53202.78,53228.78,53202.78,53222.78,1191
2026-08-31T16:50:00+00:00,53222.78,53238.78,53219.78,53224.78,1090
2026-08-31T16:55:00+00:00,53224.78,53236.78,53220.28,53220.28,1074
2026-08-31T17:00:00+00:00,53220.28,53226.78,53199.78,53205.78,1376
2026-08-31T17:05:00+00:00,53205.78,53215.78,53201.28,53204.78,1002
2026-08-31T17:10:00+00:00,53204.78,53235.78,53204.78,53233.78,989
2026-08-31T17:15:00+00:00,53233.78,53243.78,53217.78,53225.78,1122
2026-08-31T17:20:00+00:00,53225.78,53229.78,53217.28,53218.28,1021
2026-08-31T17:25:00+00:00,53218.28,53219.78,53191.78,53196.78,970
2026-08-31T17:30:00+00:00,53196.78,53205.78,53179.78,53191.78,1417
2026-08-31T17:35:00+00:00,53191.78,53213.78,53191.78,53213.78,987
2026-08-31T17:40:00+00:00,53213.78,53224.78,53208.28,53224.78,1173
2026-08-31T17:45:00+00:00,53224.78,53237.78,53216.78,53228.78,1213
2026-08-31T17:50:00+00:00,53228.78,53258.78,53228.78,53256.78,1356
2026-08-31T17:55:00+00:00,53256.78,53262.28,53237.78,53244.78,1122
2026-08-31T18:00:00+00:00,53244.78,53249.28,53230.28,53244.78,1665
2026-08-31T18:05:00+00:00,53244.78,53251.78,53239.78,53247.28,960
2026-08-31T18:10:00+00:00,53247.28,53268.78,53236.28,53268.28,970
2026-08-31T18:15:00+00:00,53268.28,53268.78,53246.28,53250.78,809
2026-08-31T18:20:00+00:00,53250.78,53255.28,53238.78,53240.78,850
2026-08-31T18:25:00+00:00,53240.78,53241.78,53221.78,53232.78,1189
2026-08-31T18:30:00+00:00,53232.78,53243.78,53223.28,53225.78,1135
2026-08-31T18:35:00+00:00,53225.78,53229.78,53186.78,53197.78,2048
2026-08-31T18:40:00+00:00,53197.78,53207.78,53174.78,53188.78,2005
2026-08-31T18:45:00+00:00,53188.78,53195.78,53178.78,53191.78,1449
2026-08-31T18:50:00+00:00,53191.78,53213.78,53179.78,53207.78,1180
2026-08-31T18:55:00+00:00,53207.78,53228.28,53206.28,53219.78,1387
2026-08-31T19:00:00+00:00,53219.78,53236.28,53207.78,53207.78,1568
2026-08-31T19:05:00+00:00,53207.78,53222.78,53206.78,53221.78,1281
2026-08-31T19:10:00+00:00,53221.78,53229.78,53210.78,53217.78,1149
2026-08-31T19:15:00+00:00,53217.78,53220.78,53199.78,53199.78,1127
2026-08-31T19:20:00+00:00,53199.78,53225.78,53198.78,53222.78,1359
2026-08-31T19:25:00+00:00,53222.78,53243.78,53212.78,53242.28,1388
2026-08-31T19:30:00+00:00,53242.28,53243.78,53213.78,53232.78,1692
2026-08-31T19:35:00+00:00,53232.78,53251.78,53229.78,53244.78,1190
2026-08-31T19:40:00+00:00,53244.78,53277.78,53242.78,53264.78,1593
2026-08-31T19:45:00+00:00,53264.78,53269.78,53236.78,53245.78,1746
2026-08-31T19:50:00+00:00,53245.78,53272.78,53235.28,53247.28,3160
2026-08-31T19:55:00+00:00,53247.28,53262.28,53185.28,53195.78,4003
2026-08-31T20:00:00+00:00,53195.78,53251.43,53195.78,53229.43,1553
2026-08-31T20:05:00+00:00,53229.43,53246.43,53227.43,53239.93,479
2026-08-31T20:10:00+00:00,53239.93,53245.43,53232.43,53236.93,459
2026-08-31T20:15:00+00:00,53236.93,53238.93,53232.93,53237.93,279
2026-08-31T20:20:00+00:00,53237.93,53237.93,53230.93,53234.43,175
2026-08-31T20:25:00+00:00,53234.43,53243.93,53234.43,53242.93,105
2026-08-31T20:30:00+00:00,53242.93,53242.93,53233.93,53236.93,114
2026-08-31T20:35:00+00:00,53236.93,53241.43,53236.93,53239.43,101
2026-08-31T20:40:00+00:00,53239.43,53244.93,53237.43,53242.43,42
2026-08-31T20:45:00+00:00,53242.43,53242.43,53227.93,53227.93,124
2026-08-31T20:50:00+00:00,53227.93,53242.43,53227.43,53237.93,175
2026-08-31T20:55:00+00:00,53237.93,53238.43,53228.18,53228.18,160
2026-08-31T22:00:00+00:00,53228.18,53228.18,53179.67,53201.42,253
2026-08-31T22:05:00+00:00,53201.42,53209.42,53194.42,53206.92,339
2026-08-31T22:10:00+00:00,53206.92,53207.92,53199.42,53207.42,228
2026-08-31T22:15:00+00:00,53207.42,53208.92,53201.92,53205.92,131
2026-08-31T22:20:00+00:00,53205.92,53207.92,53202.92,53207.92,82
2026-08-31T22:25:00+00:00,53207.92,53208.42,53204.42,53204.92,69
2026-08-31T22:30:00+00:00,53204.92,53208.92,53204.92,53206.92,66
2026-08-31T22:35:00+00:00,53206.92,53210.92,53205.92,53207.92,82
2026-08-31T22:40:00+00:00,53207.92,53208.42,53204.42,53205.92,81
2026-08-31T22:45:00+00:00,53205.92,53212.42,53205.92,53207.92,116
2026-08-31T22:50:00+00:00,53207.92,53207.92,53199.42,53200.42,137
2026-08-31T22:55:00+00:00,53200.42,53205.42,53199.92,53201.92,117
2026-08-31T23:00:00+00:00,53201.92,53208.42,53197.42,53204.92,237
2026-08-31T23:05:00+00:00,53204.92,53211.92,53204.42,53211.42,112
2026-08-31T23:10:00+00:00,53211.42,53217.92,53211.42,53213.92,130
2026-08-31T23:15:00+00:00,53213.92,53215.92,53209.42,53213.92,84
2026-08-31T23:20:00+00:00,53213.92,53214.92,53207.42,53209.42,87
2026-08-31T23:25:00+00:00,53209.42,53217.42,53208.42,53216.42,102
2026-08-31T23:30:00+00:00,53216.42,53224.92,53213.92,53223.42,184
2026-08-31T23:35:00+00:00,53223.42,53227.42,53218.92,53221.42,183
2026-08-31T23:40:00+00:00,53221.42,53224.92,53219.92,53220.92,128
2026-08-31T23:45:00+00:00,53220.92,53223.42,53213.92,53219.92,389
2026-08-31T23:50:00+00:00,53219.92,53219.92,53211.92,53214.92,238
2026-08-31T23:55:00+00:00,53214.92,53220.92,53208.92,53219.92,277
2026-09-01T00:00:00+00:00,53219.92,53246.42,53205.92,53246.42,879
2026-09-01T00:05:00+00:00,53246.42,53256.42,53234.92,53251.42,569
2026-09-01T00:10:00+00:00,53251.42,53257.42,53242.92,53249.42,457
2026-09-01T00:15:00+00:00,53249.42,53268.92,53243.42,53268.92,557
2026-09-01T00:20:00+00:00,53268.92,53276.42,53267.42,53268.92,246
2026-09-01T00:25:00+00:00,53268.92,53273.92,53266.92,53266.92,234
2026-09-01T00:30:00+00:00,53266.92,53267.42,53258.92,53262.92,396
2026-09-01T00:35:00+00:00,53262.92,53263.42,53244.42,53247.42,262
2026-09-01T00:40:00+00:00,53247.42,53261.42,53247.42,53250.92,305
2026-09-01T00:45:00+00:00,53250.92,53251.92,53237.42,53242.42,336
2026-09-01T00:50:00+00:00,53242.42,53250.92,53241.42,53243.42,171
2026-09-01T00:55:00+00:00,53243.42,53245.42,53235.42,53237.42,188
2026-09-01T01:00:00+00:00,53237.42,53243.42,53230.42,53230.42,582
2026-09-01T01:05:00+00:00,53230.42,53230.42,53218.42,53220.42,349
2026-09-01T01:10:00+00:00,53220.42,53230.42,53214.92,53230.42,426
2026-09-01T01:15:00+00:00,53230.42,53231.42,53221.92,53223.42,336
2026-09-01T01:20:00+00:00,53223.42,53224.92,53214.92,53216.42,348
2026-09-01T01:25:00+00:00,53216.42,53219.42,53209.42,53210.42,420
2026-09-01T01:30:00+00:00,53210.42,53224.42,53196.42,53222.42,435
2026-09-01T01:35:00+00:00,53222.42,53237.42,53221.92,53235.92,415
2026-09-01T01:40:00+00:00,53235.92,53241.92,53226.42,53241.92,339
2026-09-01T01:45:00+00:00,53241.92,53250.92,53234.92,53240.92,402
2026-09-01T01:50:00+00:00,53240.92,53249.42,53240.42,53241.42,407
2026-09-01T01:55:00+00:00,53241.42,53251.92,53240.42,53244.92,444
2026-09-01T02:00:00+00:00,53244.92,53247.92,53238.42,53238.42,378
2026-09-01T02:05:00+00:00,53238.42,53242.92,53230.42,53230.92,292
2026-09-01T02:10:00+00:00,53230.92,53230.92,53218.42,53219.92,242
2026-09-01T02:15:00+00:00,53219.92,53221.92,53212.42,53217.92,219
2026-09-01T02:20:00+00:00,53217.92,53220.42,53210.92,53210.92,172
2026-09-01T02:25:00+00:00,53210.92,53213.42,53206.92,53212.92,191
2026-09-01T02:30:00+00:00,53212.92,53228.42,53212.92,53222.92,435
2026-09-01T02:35:00+00:00,53222.92,53222.92,53206.42,53206.92,333
2026-09-01T02:40:00+00:00,53206.92,53208.42,53199.42,53202.92,251
2026-09-01T02:45:00+00:00,53202.92,53210.92,53198.42,53208.42,288
2026-09-01T02:50:00+00:00,53208.42,53209.92,53200.92,53203.92,215
2026-09-01T02:55:00+00:00,53203.92,53222.92,53202.92,53222.92,294
2026-09-01T03:00:00+00:00,53222.92,53223.42,53208.42,53208.92,332
2026-09-01T03:05:00+00:00,53208.92,53217.42,53208.92,53212.42,252
2026-09-01T03:10:00+00:00,53212.42,53212.42,53203.42,53203.92,145
2026-09-01T03:15:00+00:00,53203.92,53212.92,53203.92,53208.42,192
2026-09-01T03:20:00+00:00,53208.42,53209.42,53206.42,53207.92,88
2026-09-01T03:25:00+00:00,53207.92,53214.92,53204.92,53204.92,123
2026-09-01T03:30:00+00:00,53204.92,53208.92,53194.42,53194.42,217
2026-09-01T03:35:00+00:00,53194.42,53208.42,53191.92,53207.42,253
2026-09-01T03:40:00+00:00,53207.42,53210.42,53198.42,53202.42,194
2026-09-01T03:45:00+00:00,53202.42,53209.42,53197.42,53206.42,220
2026-09-01T03:50:00+00:00,53206.42,53207.42,53195.42,53195.42,132
2026-09-01T03:55:00+00:00,53195.42,53198.42,53191.92,53198.42,113
2026-09-01T04:00:00+00:00,53198.42,53205.42,53193.42,53193.92,170
2026-09-01T04:05:00+00:00,53193.92,53195.42,53191.42,53193.92,136
2026-09-01T04:10:00+00:00,53193.92,53198.42,53192.92,53193.42,134
2026-09-01T04:15:00+00:00,53193.42,53201.92,53193.42,53197.42,123
2026-09-01T04:20:00+00:00,53197.42,53202.42,53195.42,53195.92,102
2026-09-01T04:25:00+00:00,53195.92,53197.42,53182.42,53187.92,122
2026-09-01T04:30:00+00:00,53187.92,53194.92,53186.42,53190.42,207
2026-09-01T04:35:00+00:00,53190.42,53192.42,53182.42,53183.42,118
2026-09-01T04:40:00+00:00,53183.42,53187.42,53176.42,53182.92,177
2026-09-01T04:45:00+00:00,53182.92,53194.42,53182.42,53188.42,198
2026-09-01T04:50:00+00:00,53188.42,53189.92,53175.42,53175.92,142
2026-09-01T04:55:00+00:00,53175.92,53176.42,53169.42,53172.92,271
2026-09-01T05:00:00+00:00,53172.92,53177.42,53162.42,53176.92,307
2026-09-01T05:05:00+00:00,53176.92,53180.92,53174.42,53179.92,165
2026-09-01T05:10:00+00:00,53179.92,53179.92,53169.92,53170.42,164
2026-09-01T05:15:00+00:00,53170.42,53175.92,53168.92,53170.92,164
2026-09-01T05:20:00+00:00,53170.92,53172.92,53160.92,53167.42,352
2026-09-01T05:25:00+00:00,53167.42,53187.42,53167.42,53185.92,370
2026-09-01T05:30:00+00:00,53185.92,53189.42,53173.92,53182.92,460
2026-09-01T05:35:00+00:00,53182.92,53224.42,53178.92,53214.42,570
2026-09-01T05:40:00+00:00,53214.42,53235.92,53210.92,53231.92,615
2026-09-01T05:45:00+00:00,53231.92,53236.92,53221.92,53229.42,513
2026-09-01T05:50:00+00:00,53229.42,53232.42,53221.92,53230.42,407
2026-09-01T05:55:00+00:00,53230.42,53241.42,53229.92,53229.92,460
2026-09-01T06:00:00+00:00,53229.92,53233.42,53213.42,53214.42,519
2026-09-01T06:05:00+00:00,53214.42,53218.92,53195.42,53196.92,595
2026-09-01T06:10:00+00:00,53196.92,53198.92,53180.92,53186.92,579
2026-09-01T06:15:00+00:00,53186.92,53192.42,53174.42,53188.92,525
2026-09-01T06:20:00+00:00,53188.92,53193.92,53178.92,53187.42,386
2026-09-01T06:25:00+00:00,53187.42,53197.42,53183.92,53185.92,426
2026-09-01T06:30:00+00:00,53185.92,53198.42,53180.92,53183.92,627
2026-09-01T06:35:00+00:00,53183.92,53200.42,53177.42,53200.42,330
2026-09-01T06:40:00+00:00,53200.42,53201.42,53193.92,53197.92,281
2026-09-01T06:45:00+00:00,53197.92,53199.92,53189.42,53191.92,352
2026-09-01T06:50:00+00:00,53191.92,53201.42,53190.92,53201.42,374
2026-09-01T06:55:00+00:00,53201.42,53202.92,53186.92,53186.92,557
2026-09-01T07:00:00+00:00,53186.92,53235.92,53179.92,53232.92,1353
2026-09-01T07:05:00+00:00,53232.92,53239.92,53192.42,53192.42,970
2026-09-01T07:10:00+00:00,53192.42,53230.92,53185.92,53229.92,1062
2026-09-01T07:15:00+00:00,53229.92,53229.92,53194.92,53209.92,1006
2026-09-01T07:20:00+00:00,53209.92,53223.92,53200.92,53201.42,821
2026-09-01T07:25:00+00:00,53201.42,53208.92,53192.42,53193.42,637
2026-09-01T07:30:00+00:00,53193.42,53200.42,53168.42,53168.92,876
2026-09-01T07:35:00+00:00,53168.92,53169.42,53139.92,53139.92,1019
2026-09-01T07:40:00+00:00,53139.92,53147.92,53126.92,53127.42,827
2026-09-01T07:45:00+00:00,53127.42,53137.42,53099.42,53136.42,1116
2026-09-01T07:50:00+00:00,53136.42,53153.42,53134.92,53141.92,789
2026-09-01T07:55:00+00:00,53141.92,53154.42,53135.42,53143.92,861
2026-09-01T08:00:00+00:00,53143.92,53148.42,53122.92,53130.92,1160
2026-09-01T08:05:00+00:00,53130.92,53158.42,53052.92,53060.42,3968
2026-09-01T08:10:00+00:00,53060.42,53068.92,53042.42,53057.92,2503
2026-09-01T08:15:00+00:00,53057.92,53071.42,53012.42,53028.42,2141
2026-09-01T08:20:00+00:00,53028.42,53029.92,52997.92,53003.92,2086
2026-09-01T08:25:00+00:00,53003.92,53007.42,52966.42,52967.92,1889
2026-09-01T08:30:00+00:00,52967.92,52972.92,52944.92,52956.42,1986
2026-09-01T08:35:00+00:00,52956.42,52963.92,52935.92,52948.42,1368
2026-09-01T08:40:00+00:00,52948.42,52959.42,52909.42,52917.92,1564
2026-09-01T08:45:00+00:00,52917.92,52928.92,52904.42,52924.92,1803
2026-09-01T08:50:00+00:00,52924.92,52953.42,52911.92,52949.92,1136
2026-09-01T08:55:00+00:00,52949.92,52970.92,52913.92,52913.92,1505
2026-09-01T09:00:00+00:00,52913.92,52922.92,52900.92,52918.42,1408
2026-09-01T09:05:00+00:00,52918.42,52921.42,52875.42,52877.92,1306
2026-09-01T09:10:00+00:00,52877.92,52890.92,52865.42,52867.92,1250
2026-09-01T09:15:00+00:00,52867.92,52876.42,52853.42,52866.92,1323
2026-09-01T09:20:00+00:00,52866.92,52869.42,52843.92,52845.92,1033
2026-09-01T09:25:00+00:00,52845.92,52850.92,52822.92,52847.92,1101
2026-09-01T09:30:00+00:00,52847.92,52853.92,52835.92,52848.92,1190
2026-09-01T09:35:00+00:00,52848.92,52850.42,52816.92,52823.92,1103
2026-09-01T09:40:00+00:00,52823.92,52831.42,52817.92,52824.92,742
2026-09-01T09:45:00+00:00,52824.92,52851.92,52822.92,52846.92,923
2026-09-01T09:50:00+00:00,52846.92,52858.92,52836.92,52839.92,831
2026-09-01T09:55:00+00:00,52839.92,52842.92,52823.92,52826.92,789
2026-09-01T10:00:00+00:00,52826.92,52833.42,52803.42,52817.42,927
2026-09-01T10:05:00+00:00,52817.42,52834.92,52816.42,52824.92,679
2026-09-01T10:10:00+00:00,52824.92,52854.42,52823.92,52853.42,756
2026-09-01T10:15:00+00:00,52853.42,52863.92,52845.42,52858.92,880
2026-09-01T10:20:00+00:00,52858.92,52927.42,52858.92,52922.92,1077
2026-09-01T10:25:00+00:00,52922.92,52941.42,52921.92,52933.92,758
2026-09-01T10:30:00+00:00,52933.92,52964.42,52930.92,52960.42,757
2026-09-01T10:35:00+00:00,52960.42,52966.42,52942.92,52943.42,546
2026-09-01T10:40:00+00:00,52943.42,52944.42,52916.92,52916.92,1001
2026-09-01T10:45:00+00:00,52916.92,52927.92,52891.92,52907.92,1365
2026-09-01T10:50:00+00:00,52907.92,52908.42,52871.92,52879.92,1168
2026-09-01T10:55:00+00:00,52879.92,52882.92,52869.42,52878.92,762
2026-09-01T11:00:00+00:00,52878.92,52882.42,52858.92,52872.42,1413
2026-09-01T11:05:00+00:00,52872.42,52888.92,52847.92,52886.42,1290
2026-09-01T11:10:00+00:00,52886.42,52891.92,52866.42,52868.92,781
2026-09-01T11:15:00+00:00,52868.92,52881.92,52863.92,52874.92,712
2026-09-01T11:20:00+00:00,52874.92,52883.92,52860.42,52868.92,797
2026-09-01T11:25:00+00:00,52868.92,52884.92,52862.92,52877.92,902
2026-09-01T11:30:00+00:00,52877.92,52890.42,52869.92,52871.42,776
2026-09-01T11:35:00+00:00,52871.42,52908.92,52868.92,52908.92,650
2026-09-01T11:40:00+00:00,52908.92,52927.42,52904.42,52904.42,579
2026-09-01T11:45:00+00:00,52904.42,52923.92,52899.92,52909.92,812
2026-09-01T11:50:00+00:00,52909.92,52911.92,52883.92,52883.92,806
2026-09-01T11:55:00+00:00,52883.92,52883.92,52840.42,52851.92,1161
2026-09-01T12:00:00+00:00,52851.92,52851.92,52829.42,52840.92,1783
2026-09-01T12:05:00+00:00,52840.92,52845.92,52823.42,52828.92,1452
2026-09-01T12:10:00+00:00,52828.92,52835.42,52801.92,52834.92,1400
2026-09-01T12:15:00+00:00,52834.92,52867.42,52834.92,52838.42,1240
2026-09-01T12:20:00+00:00,52838.42,52848.42,52819.42,52829.42,1343
2026-09-01T12:25:00+00:00,52829.42,52858.92,52825.42,52846.42,1009
2026-09-01T12:30:00+00:00,52846.42,52846.42,52807.42,52826.92,1358
2026-09-01T12:35:00+00:00,52826.92,52845.92,52806.42,52830.92,1520
2026-09-01T12:40:00+00:00,52830.92,52846.42,52819.92,52833.92,1179
2026-09-01T12:45:00+00:00,52833.92,52870.42,52833.92,52851.92,973
2026-09-01T12:50:00+00:00,52851.92,52867.92,52839.92,52850.92,874
2026-09-01T12:55:00+00:00,52850.92,52864.92,52845.92,52851.92,783
2026-09-01T13:00:00+00:00,52851.92,52859.92,52827.92,52833.92,1627
2026-09-01T13:05:00+00:00,52833.92,52861.42,52825.92,52849.92,1479
2026-09-01T13:10:00+00:00,52849.92,52863.92,52845.92,52857.92,1177
2026-09-01T13:15:00+00:00,52857.92,52888.92,52857.92,52887.92,1147
2026-09-01T13:20:00+00:00,52887.92,52899.42,52880.42,52896.92,928
2026-09-01T13:25:00+00:00,52896.92,52898.42,52859.42,52868.92,1643
2026-09-01T13:30:00+00:00,52868.92,52940.77,52797.77,52917.77,7615
2026-09-01T13:35:00+00:00,52917.77,52968.77,52904.77,52950.77,6197
2026-09-01T13:40:00+00:00,52950.77,52981.77,52937.77,52967.77,4788
2026-09-01T13:45:00+00:00,52967.77,52970.77,52886.27,52910.77,4863
2026-09-01T13:50:00+00:00,52910.77,52944.27,52870.77,52878.27,4826
2026-09-01T13:55:00+00:00,52878.27,52927.77,52843.27,52919.67,4079
2026-09-01T14:00:00+00:00,52919.67,52975.77,52890.77,52951.77,4348
2026-09-01T14:05:00+00:00,52951.77,52999.77,52946.77,52999.77,4334
2026-09-01T14:10:00+00:00,52999.77,53056.77,52978.77,53050.77,4149
2026-09-01T14:15:00+00:00,53050.77,53106.27,53047.77,53106.27,4258
2026-09-01T14:20:00+00:00,53106.27,53164.77,53104.27,53140.77,3922
2026-09-01T14:25:00+00:00,53140.77,53155.27,53120.77,53128.77,3191
2026-09-01T14:30:00+00:00,53128.77,53162.77,53127.77,53156.27,3446
2026-09-01T14:35:00+00:00,53156.27,53166.77,53120.77,53131.77,3417
2026-09-01T14:40:00+00:00,53131.77,53138.27,53068.77,53078.77,2904
2026-09-01T14:45:00+00:00,53078.77,53078.77,53021.77,53022.27,3139
2026-09-01T14:50:00+00:00,53022.27,53022.27,52976.77,52994.77,2951
2026-09-01T14:55:00+00:00,52994.77,53007.77,52959.77,52974.77,2768
2026-09-01T15:00:00+00:00,52974.77,52984.77,52949.27,52955.77,2811
2026-09-01T15:05:00+00:00,52955.77,52975.27,52949.77,52965.27,2590
2026-09-01T15:10:00+00:00,52965.27,52994.77,52953.77,52985.27,2704
2026-09-01T15:15:00+00:00,52985.27,52985.27,52960.77,52973.77,2129
2026-09-01T15:20:00+00:00,52973.77,52975.27,52946.77,52955.27,2270
2026-09-01T15:25:00+00:00,52955.27,52966.27,52941.77,52962.77,2253
2026-09-01T15:30:00+00:00,52962.77,52972.77,52944.27,52961.27,2543
2026-09-01T15:35:00+00:00,52961.27,52978.77,52948.77,52975.77,1942
2026-09-01T15:40:00+00:00,52975.77,52984.77,52955.77,52968.77,1810
2026-09-01T15:45:00+00:00,52968.77,52986.77,52957.77,52983.77,1998
2026-09-01T15:50:00+00:00,52983.77,52984.77,52960.77,52970.77,1736
2026-09-01T15:55:00+00:00,52970.77,52971.77,52945.27,52955.77,1401
2026-09-01T16:00:00+00:00,52955.77,52987.77,52954.77,52985.77,1768
2026-09-01T16:05:00+00:00,52985.77,52994.77,52949.77,52953.27,1657
2026-09-01T16:10:00+00:00,52953.27,52976.77,52931.77,52935.27,2009
2026-09-01T16:15:00+00:00,52935.27,52945.77,52906.27,52909.77,2496
2026-09-01T16:20:00+00:00,52909.77,52909.77,52845.77,52861.77,3946
2026-09-01T16:25:00+00:00,52861.77,52864.27,52803.77,52811.77,3427
2026-09-01T16:30:00+00:00,52811.77,52816.27,52731.27,52738.27,3897
2026-09-01T16:35:00+00:00,52738.27,52781.27,52736.77,52776.77,2699
2026-09-01T16:40:00+00:00,52776.77,52804.77,52755.77,52757.77,2344
2026-09-01T16:45:00+00:00,52757.77,52772.77,52750.77,52752.77,2040
2026-09-01T16:50:00+00:00,52752.77,52761.77,52733.77,52744.77,1855
2026-09-01T16:55:00+00:00,52744.77,52764.77,52741.77,52751.77,1787
2026-09-01T17:00:00+00:00,52751.77,52753.77,52731.77,52733.77,2123
2026-09-01T17:05:00+00:00,52733.77,52750.77,52729.77,52745.77,1731
2026-09-01T17:10:00+00:00,52745.77,52778.77,52743.77,52770.77,1834
2026-09-01T17:15:00+00:00,52770.77,52775.77,52730.77,52737.77,1977
2026-09-01T17:20:00+00:00,52737.77,52748.77,52730.77,52745.77,1570
2026-09-01T17:25:00+00:00,52745.77,52752.77,52699.27,52748.27,2480
2026-09-01T17:30:00+00:00,52748.27,52775.77,52744.77,52768.77,2184
2026-09-01T17:35:00+00:00,52768.77,52782.27,52750.77,52764.77,2089
2026-09-01T17:40:00+00:00,52764.77,52787.77,52761.77,52774.77,1754
2026-09-01T17:45:00+00:00,52774.77,52781.77,52757.77,52758.77,1730
2026-09-01T17:50:00+00:00,52758.77,52764.77,52742.77,52746.77,1499
2026-09-01T17:55:00+00:00,52746.77,52757.77,52736.77,52754.77,1418
2026-09-01T18:00:00+00:00,52754.77,52765.77,52741.27,52750.27,1982
2026-09-01T18:05:00+00:00,52750.27,52768.77,52746.77,52765.77,1619
2026-09-01T18:10:00+00:00,52765.77,52778.77,52761.27,52763.77,1635
2026-09-01T18:15:00+00:00,52763.77,52791.77,52762.77,52790.77,1623
2026-09-01T18:20:00+00:00,52790.77,52797.77,52774.77,52788.77,1379
2026-09-01T18:25:00+00:00,52788.77,52788.77,52743.27,52749.27,1533
2026-09-01T18:30:00+00:00,52749.27,52752.77,52731.77,52736.27,1957
2026-09-01T18:35:00+00:00,52736.27,52741.77,52713.77,52721.77,1580
2026-09-01T18:40:00+00:00,52721.77,52732.77,52687.77,52688.77,2401
2026-09-01T18:45:00+00:00,52688.77,52720.77,52680.27,52715.77,2919
2026-09-01T18:50:00+00:00,52715.77,52727.77,52707.77,52709.77,1962
2026-09-01T18:55:00+00:00,52709.77,52742.27,52703.77,52726.27,2134
2026-09-01T19:00:00+00:00,52726.27,52759.27,52719.77,52758.77,2595
2026-09-01T19:05:00+00:00,52758.77,52760.77,52739.77,52749.77,1875
2026-09-01T19:10:00+00:00,52749.77,52788.77,52747.77,52787.27,1721
2026-09-01T19:15:00+00:00,52787.27,52796.27,52763.77,52775.77,1799
2026-09-01T19:20:00+00:00,52775.77,52778.77,52752.77,52757.77,1847
2026-09-01T19:25:00+00:00,52757.77,52767.27,52751.77,52759.77,1617
2026-09-01T19:30:00+00:00,52759.77,52759.77,52729.77,52748.27,2057
2026-09-01T19:35:00+00:00,52748.27,52761.77,52726.77,52728.27,1771
2026-09-01T19:40:00+00:00,52728.27,52751.27,52722.77,52731.77,1770
2026-09-01T19:45:00+00:00,52731.77,52748.77,52725.77,52736.27,2106
2026-09-01T19:50:00+00:00,52736.27,52738.27,52714.77,52736.27,2346
2026-09-01T19:55:00+00:00,52736.27,52775.27,52707.77,52773.27,4376
2026-09-01T20:00:00+00:00,52773.27,52788.42,52731.92,52749.42,2016
2026-09-01T20:05:00+00:00,52749.42,52761.92,52743.92,52745.42,807
2026-09-01T20:10:00+00:00,52745.42,52754.42,52742.42,52748.92,681
2026-09-01T20:15:00+00:00,52748.92,52768.42,52748.92,52765.92,492
2026-09-01T20:20:00+00:00,52765.92,52773.42,52765.42,52769.92,343
2026-09-01T20:25:00+00:00,52769.92,52773.92,52767.92,52768.42,349
2026-09-01T20:30:00+00:00,52768.42,52768.42,52761.92,52763.42,209
2026-09-01T20:35:00+00:00,52763.42,52767.92,52761.92,52766.92,161
2026-09-01T20:40:00+00:00,52766.92,52784.92,52763.42,52773.92,479
2026-09-01T20:45:00+00:00,52773.92,52775.42,52766.92,52770.92,281
2026-09-01T20:50:00+00:00,52770.92,52783.92,52769.92,52781.42,287
2026-09-01T20:55:00+00:00,52781.42,52784.92,52772.42,52783.17,457
2026-09-01T22:00:00+00:00,52783.17,52793.54,52767.54,52771.54,486
2026-09-01T22:05:00+00:00,52771.54,52779.54,52763.54,52773.54,263
2026-09-01T22:10:00+00:00,52773.54,52775.04,52768.54,52774.04,138
2026-09-01T22:15:00+00:00,52774.04,52779.54,52771.04,52774.54,155
2026-09-01T22:20:00+00:00,52774.54,52777.04,52769.04,52777.04,99
2026-09-01T22:25:00+00:00,52777.04,52777.04,52772.04,52774.04,157
2026-09-01T22:30:00+00:00,52774.04,52778.04,52772.54,52775.04,86
2026-09-01T22:35:00+00:00,52775.04,52778.54,52771.04,52777.54,179
2026-09-01T22:40:00+00:00,52777.54,52781.04,52772.04,52773.54,127
2026-09-01T22:45:00+00:00,52773.54,52783.54,52771.54,52781.04,223
2026-09-01T22:50:00+00:00,52781.04,52787.04,52779.54,52780.54,208
2026-09-01T22:55:00+00:00,52780.54,52782.54,52776.54,52778.54,135
2026-09-01T23:00:00+00:00,52778.54,52782.54,52776.04,52777.04,203
2026-09-01T23:05:00+00:00,52777.04,52779.54,52771.04,52775.54,76
2026-09-01T23:10:00+00:00,52775.54,52778.54,52775.54,52777.04,60
2026-09-01T23:15:00+00:00,52777.04,52779.04,52774.54,52777.04,87
2026-09-01T23:20:00+00:00,52777.04,52777.54,52772.04,52776.54,98
2026-09-01T23:25:00+00:00,52776.54,52778.04,52774.04,52778.04,95
2026-09-01T23:30:00+00:00,52778.04,52779.54,52775.04,52777.54,74
2026-09-01T23:35:00+00:00,52777.54,52780.04,52776.04,52776.04,70
2026-09-01T23:40:00+00:00,52776.04,52778.54,52775.04,52778.04,56
2026-09-01T23:45:00+00:00,52778.04,52780.04,52771.54,52776.04,266
2026-09-01T23:50:00+00:00,52776.04,52778.04,52771.54,52772.54,133
2026-09-01T23:55:00+00:00,52772.54,52778.54,52771.04,52776.54,179
2026-09-02T00:00:00+00:00,52776.54,52777.04,52764.54,52773.04,539
2026-09-02T00:05:00+00:00,52773.04,52778.04,52761.04,52769.04,692
2026-09-02T00:10:00+00:00,52769.04,52771.54,52758.54,52767.04,516
2026-09-02T00:15:00+00:00,52767.04,52776.04,52764.54,52768.04,859
2026-09-02T00:20:00+00:00,52768.04,52799.54,52767.04,52774.04,1166
2026-09-02T00:25:00+00:00,52774.04,52775.04,52763.04,52763.04,699
2026-09-02T00:30:00+00:00,52763.04,52778.04,52753.54,52766.04,785
2026-09-02T00:35:00+00:00,52766.04,52775.04,52763.54,52765.04,467
2026-09-02T00:40:00+00:00,52765.04,52770.04,52750.54,52766.54,456
2026-09-02T00:45:00+00:00,52766.54,52768.04,52762.54,52767.04,391
2026-09-02T00:50:00+00:00,52767.04,52768.04,52759.04,52760.04,489
2026-09-02T00:55:00+00:00,52760.04,52768.04,52742.54,52742.54,503
2026-09-02T01:00:00+00:00,52742.54,52754.04,52736.04,52747.54,851
2026-09-02T01:05:00+00:00,52747.54,52747.54,52731.54,52734.04,410
2026-09-02T01:10:00+00:00,52734.04,52737.54,52718.04,52727.04,484
2026-09-02T01:15:00+00:00,52727.04,52741.04,52725.04,52739.04,580
2026-09-02T01:20:00+00:00,52739.04,52747.54,52732.04,52747.54,456
2026-09-02T01:25:00+00:00,52747.54,52752.04,52738.54,52742.54,429
2026-09-02T01:30:00+00:00,52742.54,52747.54,52731.04,52747.04,574
2026-09-02T01:35:00+00:00,52747.04,52749.04,52733.04,52737.54,458
2026-09-02T01:40:00+00:00,52737.54,52739.54,52730.54,52733.04,590
2026-09-02T01:45:00+00:00,52733.04,52735.04,52727.54,52729.54,525
2026-09-02T01:50:00+00:00,52729.54,52730.04,52715.54,52727.04,793
2026-09-02T01:55:00+00:00,52727.04,52741.04,52726.04,52740.04,520
2026-09-02T02:00:00+00:00,52740.04,52744.04,52739.04,52744.04,25
